/home/vijay/Desktop/All_Files/ALL_TTS/DIS_Vector_Embedding_Integration/Data/Hindi_Male/wav/hi_m_books_04834.wav	7.12
/home/vijay/Desktop/All_Files/ALL_TTS/DIS_Vector_Embedding_Integration/Data/Hindi_Male/wav/hi_m_books_02334.wav	11.664
/home/vijay/Desktop/All_Files/ALL_TTS/DIS_Vector_Embedding_Integration/Data/Hindi_Male/wav/hi_m_general_00033.wav	11.792
/home/vijay/Desktop/All_Files/ALL_TTS/DIS_Vector_Embedding_Integration/Data/Hindi_Male/wav/hi_m_agri_00593.wav	8.224
/home/vijay/Desktop/All_Files/ALL_TTS/DIS_Vector_Embedding_Integration/Data/Hindi_Male/wav/hi_m_books_04934.wav	8.128
/home/vijay/Desktop/All_Files/ALL_TTS/DIS_Vector_Embedding_Integration/Data/Hindi_Male/wav/hi_m_books_04547.wav	5.712
/home/vijay/Desktop/All_Files/ALL_TTS/DIS_Vector_Embedding_Integration/Data/Hindi_Male/wav/hi_m_books_04647.wav	7.008
/home/vijay/Desktop/All_Files/ALL_TTS/DIS_Vector_Embedding_Integration/Data/Hindi_Male/wav/hi_m_education_02243.wav	11.536
/home/vijay/Desktop/All_Files/ALL_TTS/DIS_Vector_Embedding_Integration/Data/Hindi_Male/wav/hi_m_education_00559.wav	9.104
/home/vijay/Desktop/All_Files/ALL_TTS/DIS_Vector_Embedding_Integration/Data/Hindi_Male/wav/hi_m_health_00365.wav	7.168
/home/vijay/Desktop/All_Files/ALL_TTS/DIS_Vector_Embedding_Integration/Data/Hindi_Male/wav/hi_m_other_03638.wav	7.92
/home/vijay/Desktop/All_Files/ALL_TTS/DIS_Vector_Embedding_Integration/Data/Hindi_Male/wav/hi_m_books_00633.wav	7.744
/home/vijay/Desktop/All_Files/ALL_TTS/DIS_Vector_Embedding_Integration/Data/Hindi_Male/wav/hi_m_weather_02324.wav	9.728
/home/vijay/Desktop/All_Files/ALL_TTS/DIS_Vector_Embedding_Integration/Data/Hindi_Male/wav/hi_m_other_03493.wav	9.12
/home/vijay/Desktop/All_Files/ALL_TTS/DIS_Vector_Embedding_Integration/Data/Hindi_Male/wav/hi_m_finance_02065.wav	8.752
/home/vijay/Desktop/All_Files/ALL_TTS/DIS_Vector_Embedding_Integration/Data/Hindi_Male/wav/hi_m_other_03396.wav	9.888
/home/vijay/Desktop/All_Files/ALL_TTS/DIS_Vector_Embedding_Integration/Data/Hindi_Male/wav/hi_m_education_02326.wav	10.8
/home/vijay/Desktop/All_Files/ALL_TTS/DIS_Vector_Embedding_Integration/Data/Hindi_Male/wav/hi_m_health_00543.wav	8.608
/home/vijay/Desktop/All_Files/ALL_TTS/DIS_Vector_Embedding_Integration/Data/Hindi_Male/wav/hi_m_politics_04366.wav	8.672
/home/vijay/Desktop/All_Files/ALL_TTS/DIS_Vector_Embedding_Integration/Data/Hindi_Male/wav/hi_m_education_00546.wav	9.664
/home/vijay/Desktop/All_Files/ALL_TTS/DIS_Vector_Embedding_Integration/Data/Hindi_Male/wav/hi_m_finance_00632.wav	4.864
/home/vijay/Desktop/All_Files/ALL_TTS/DIS_Vector_Embedding_Integration/Data/Hindi_Male/wav/hi_m_weather_00582.wav	4.624
/home/vijay/Desktop/All_Files/ALL_TTS/DIS_Vector_Embedding_Integration/Data/Hindi_Male/wav/hi_m_books_04542.wav	10.704
/home/vijay/Desktop/All_Files/ALL_TTS/DIS_Vector_Embedding_Integration/Data/Hindi_Male/wav/hi_m_health_00644.wav	5.504
/home/vijay/Desktop/All_Files/ALL_TTS/DIS_Vector_Embedding_Integration/Data/Hindi_Male/wav/hi_m_books_02852.wav	6.48
/home/vijay/Desktop/All_Files/ALL_TTS/DIS_Vector_Embedding_Integration/Data/Hindi_Male/wav/hi_m_other_03886.wav	7.296
/home/vijay/Desktop/All_Files/ALL_TTS/DIS_Vector_Embedding_Integration/Data/Hindi_Male/wav/hi_m_education_02263.wav	9.76
/home/vijay/Desktop/All_Files/ALL_TTS/DIS_Vector_Embedding_Integration/Data/Hindi_Male/wav/hi_m_health_03335.wav	6.736
/home/vijay/Desktop/All_Files/ALL_TTS/DIS_Vector_Embedding_Integration/Data/Hindi_Male/wav/hi_m_other_03237.wav	11.76
/home/vijay/Desktop/All_Files/ALL_TTS/DIS_Vector_Embedding_Integration/Data/Hindi_Male/wav/hi_m_education_02755.wav	5.504
/home/vijay/Desktop/All_Files/ALL_TTS/DIS_Vector_Embedding_Integration/Data/Hindi_Male/wav/hi_m_agri_00545.wav	8.624
/home/vijay/Desktop/All_Files/ALL_TTS/DIS_Vector_Embedding_Integration/Data/Hindi_Male/wav/hi_m_books_02266.wav	5.392
/home/vijay/Desktop/All_Files/ALL_TTS/DIS_Vector_Embedding_Integration/Data/Hindi_Male/wav/hi_m_books_04833.wav	7.664
/home/vijay/Desktop/All_Files/ALL_TTS/DIS_Vector_Embedding_Integration/Data/Hindi_Male/wav/hi_m_general_02854.wav	9.6
/home/vijay/Desktop/All_Files/ALL_TTS/DIS_Vector_Embedding_Integration/Data/Hindi_Male/wav/hi_m_books_03753.wav	8.08
/home/vijay/Desktop/All_Files/ALL_TTS/DIS_Vector_Embedding_Integration/Data/Hindi_Male/wav/hi_m_books_00504.wav	7.856
/home/vijay/Desktop/All_Files/ALL_TTS/DIS_Vector_Embedding_Integration/Data/Hindi_Male/wav/hi_m_books_04756.wav	5.712
/home/vijay/Desktop/All_Files/ALL_TTS/DIS_Vector_Embedding_Integration/Data/Hindi_Male/wav/hi_m_general_02532.wav	5.904
/home/vijay/Desktop/All_Files/ALL_TTS/DIS_Vector_Embedding_Integration/Data/Hindi_Male/wav/hi_m_general_00633.wav	8.384
/home/vijay/Desktop/All_Files/ALL_TTS/DIS_Vector_Embedding_Integration/Data/Hindi_Male/wav/hi_m_other_03634.wav	9.84
/home/vijay/Desktop/All_Files/ALL_TTS/DIS_Vector_Embedding_Integration/Data/Hindi_Male/wav/hi_m_books_03057.wav	8.88
/home/vijay/Desktop/All_Files/ALL_TTS/DIS_Vector_Embedding_Integration/Data/Hindi_Male/wav/hi_m_books_02364.wav	9.888
/home/vijay/Desktop/All_Files/ALL_TTS/DIS_Vector_Embedding_Integration/Data/Hindi_Male/wav/hi_m_general_00665.wav	3.632
/home/vijay/Desktop/All_Files/ALL_TTS/DIS_Vector_Embedding_Integration/Data/Hindi_Male/wav/hi_m_politics_03594.wav	9.12
/home/vijay/Desktop/All_Files/ALL_TTS/DIS_Vector_Embedding_Integration/Data/Hindi_Male/wav/hi_m_books_04688.wav	7.568
/home/vijay/Desktop/All_Files/ALL_TTS/DIS_Vector_Embedding_Integration/Data/Hindi_Male/wav/hi_m_books_04058.wav	6.72
/home/vijay/Desktop/All_Files/ALL_TTS/DIS_Vector_Embedding_Integration/Data/Hindi_Male/wav/hi_m_other_04863.wav	11.328
/home/vijay/Desktop/All_Files/ALL_TTS/DIS_Vector_Embedding_Integration/Data/Hindi_Male/wav/hi_m_books_00830.wav	9.792
/home/vijay/Desktop/All_Files/ALL_TTS/DIS_Vector_Embedding_Integration/Data/Hindi_Male/wav/hi_m_education_00638.wav	5.152
/home/vijay/Desktop/All_Files/ALL_TTS/DIS_Vector_Embedding_Integration/Data/Hindi_Male/wav/hi_m_books_02838.wav	6.448
/home/vijay/Desktop/All_Files/ALL_TTS/DIS_Vector_Embedding_Integration/Data/Hindi_Male/wav/hi_m_general_00403.wav	4.064
/home/vijay/Desktop/All_Files/ALL_TTS/DIS_Vector_Embedding_Integration/Data/Hindi_Male/wav/hi_m_books_03355.wav	5.424
/home/vijay/Desktop/All_Files/ALL_TTS/DIS_Vector_Embedding_Integration/Data/Hindi_Male/wav/hi_m_education_00443.wav	11.136
/home/vijay/Desktop/All_Files/ALL_TTS/DIS_Vector_Embedding_Integration/Data/Hindi_Male/wav/hi_m_books_03964.wav	6.032
/home/vijay/Desktop/All_Files/ALL_TTS/DIS_Vector_Embedding_Integration/Data/Hindi_Male/wav/hi_m_other_03452.wav	7.616
/home/vijay/Desktop/All_Files/ALL_TTS/DIS_Vector_Embedding_Integration/Data/Hindi_Male/wav/hi_m_agri_00733.wav	6.384
/home/vijay/Desktop/All_Files/ALL_TTS/DIS_Vector_Embedding_Integration/Data/Hindi_Male/wav/hi_m_general_02334.wav	4.672
/home/vijay/Desktop/All_Files/ALL_TTS/DIS_Vector_Embedding_Integration/Data/Hindi_Male/wav/hi_m_weather_00354.wav	7.6
/home/vijay/Desktop/All_Files/ALL_TTS/DIS_Vector_Embedding_Integration/Data/Hindi_Male/wav/hi_m_finance_00235.wav	7.264
/home/vijay/Desktop/All_Files/ALL_TTS/DIS_Vector_Embedding_Integration/Data/Hindi_Male/wav/hi_m_finance_00684.wav	8.016
/home/vijay/Desktop/All_Files/ALL_TTS/DIS_Vector_Embedding_Integration/Data/Hindi_Male/wav/hi_m_other_03332.wav	10.112
/home/vijay/Desktop/All_Files/ALL_TTS/DIS_Vector_Embedding_Integration/Data/Hindi_Male/wav/hi_m_books_03854.wav	5.84
/home/vijay/Desktop/All_Files/ALL_TTS/DIS_Vector_Embedding_Integration/Data/Hindi_Male/wav/hi_m_education_00332.wav	5.296
/home/vijay/Desktop/All_Files/ALL_TTS/DIS_Vector_Embedding_Integration/Data/Hindi_Male/wav/hi_m_agri_00054.wav	9.808
/home/vijay/Desktop/All_Files/ALL_TTS/DIS_Vector_Embedding_Integration/Data/Hindi_Male/wav/hi_m_education_02306.wav	8.448
/home/vijay/Desktop/All_Files/ALL_TTS/DIS_Vector_Embedding_Integration/Data/Hindi_Male/wav/hi_m_books_02325.wav	6.528
/home/vijay/Desktop/All_Files/ALL_TTS/DIS_Vector_Embedding_Integration/Data/Hindi_Male/wav/hi_m_books_04436.wav	7.712
/home/vijay/Desktop/All_Files/ALL_TTS/DIS_Vector_Embedding_Integration/Data/Hindi_Male/wav/hi_m_other_02603.wav	4.272
/home/vijay/Desktop/All_Files/ALL_TTS/DIS_Vector_Embedding_Integration/Data/Hindi_Male/wav/hi_m_education_02359.wav	8.064
/home/vijay/Desktop/All_Files/ALL_TTS/DIS_Vector_Embedding_Integration/Data/Hindi_Male/wav/hi_m_education_02533.wav	10.464
/home/vijay/Desktop/All_Files/ALL_TTS/DIS_Vector_Embedding_Integration/Data/Hindi_Male/wav/hi_m_books_04580.wav	5.632
/home/vijay/Desktop/All_Files/ALL_TTS/DIS_Vector_Embedding_Integration/Data/Hindi_Male/wav/hi_m_books_04644.wav	5.76
/home/vijay/Desktop/All_Files/ALL_TTS/DIS_Vector_Embedding_Integration/Data/Hindi_Male/wav/hi_m_politics_00456.wav	5.584
/home/vijay/Desktop/All_Files/ALL_TTS/DIS_Vector_Embedding_Integration/Data/Hindi_Male/wav/hi_m_books_02455.wav	9.488
/home/vijay/Desktop/All_Files/ALL_TTS/DIS_Vector_Embedding_Integration/Data/Hindi_Male/wav/hi_m_agri_00656.wav	6.032
/home/vijay/Desktop/All_Files/ALL_TTS/DIS_Vector_Embedding_Integration/Data/Hindi_Male/wav/hi_m_books_04454.wav	5.52
/home/vijay/Desktop/All_Files/ALL_TTS/DIS_Vector_Embedding_Integration/Data/Hindi_Male/wav/hi_m_books_03045.wav	9.152
/home/vijay/Desktop/All_Files/ALL_TTS/DIS_Vector_Embedding_Integration/Data/Hindi_Male/wav/hi_m_education_00203.wav	7.792
/home/vijay/Desktop/All_Files/ALL_TTS/DIS_Vector_Embedding_Integration/Data/Hindi_Male/wav/hi_m_books_00350.wav	7.584
/home/vijay/Desktop/All_Files/ALL_TTS/DIS_Vector_Embedding_Integration/Data/Hindi_Male/wav/hi_m_books_04852.wav	6.832
/home/vijay/Desktop/All_Files/ALL_TTS/DIS_Vector_Embedding_Integration/Data/Hindi_Male/wav/hi_m_other_03572.wav	10.16
/home/vijay/Desktop/All_Files/ALL_TTS/DIS_Vector_Embedding_Integration/Data/Hindi_Male/wav/hi_m_other_04390.wav	6.176
/home/vijay/Desktop/All_Files/ALL_TTS/DIS_Vector_Embedding_Integration/Data/Hindi_Male/wav/hi_m_education_00684.wav	7.52
/home/vijay/Desktop/All_Files/ALL_TTS/DIS_Vector_Embedding_Integration/Data/Hindi_Male/wav/hi_m_other_02055.wav	6.768
/home/vijay/Desktop/All_Files/ALL_TTS/DIS_Vector_Embedding_Integration/Data/Hindi_Male/wav/hi_m_general_02243.wav	11.232
/home/vijay/Desktop/All_Files/ALL_TTS/DIS_Vector_Embedding_Integration/Data/Hindi_Male/wav/hi_m_weather_02325.wav	12.032
/home/vijay/Desktop/All_Files/ALL_TTS/DIS_Vector_Embedding_Integration/Data/Hindi_Male/wav/hi_m_books_02385.wav	9.856
/home/vijay/Desktop/All_Files/ALL_TTS/DIS_Vector_Embedding_Integration/Data/Hindi_Male/wav/hi_m_books_02023.wav	9.232
/home/vijay/Desktop/All_Files/ALL_TTS/DIS_Vector_Embedding_Integration/Data/Hindi_Male/wav/hi_m_books_04528.wav	4.768
/home/vijay/Desktop/All_Files/ALL_TTS/DIS_Vector_Embedding_Integration/Data/Hindi_Male/wav/hi_m_books_00538.wav	3.28
/home/vijay/Desktop/All_Files/ALL_TTS/DIS_Vector_Embedding_Integration/Data/Hindi_Male/wav/hi_m_other_00064.wav	6.768
/home/vijay/Desktop/All_Files/ALL_TTS/DIS_Vector_Embedding_Integration/Data/Hindi_Male/wav/hi_m_general_03055.wav	7.232
/home/vijay/Desktop/All_Files/ALL_TTS/DIS_Vector_Embedding_Integration/Data/Hindi_Male/wav/hi_m_other_04855.wav	7.856
/home/vijay/Desktop/All_Files/ALL_TTS/DIS_Vector_Embedding_Integration/Data/Hindi_Male/wav/hi_m_agri_00528.wav	4.816
/home/vijay/Desktop/All_Files/ALL_TTS/DIS_Vector_Embedding_Integration/Data/Hindi_Male/wav/hi_m_books_03883.wav	7.792
/home/vijay/Desktop/All_Files/ALL_TTS/DIS_Vector_Embedding_Integration/Data/Hindi_Male/wav/hi_m_general_00339.wav	9.392
/home/vijay/Desktop/All_Files/ALL_TTS/DIS_Vector_Embedding_Integration/Data/Hindi_Male/wav/hi_m_politics_03624.wav	9.344
/home/vijay/Desktop/All_Files/ALL_TTS/DIS_Vector_Embedding_Integration/Data/Hindi_Male/wav/hi_m_other_04843.wav	8.08
/home/vijay/Desktop/All_Files/ALL_TTS/DIS_Vector_Embedding_Integration/Data/Hindi_Male/wav/hi_m_finance_00339.wav	4.816
/home/vijay/Desktop/All_Files/ALL_TTS/DIS_Vector_Embedding_Integration/Data/Hindi_Male/wav/hi_m_politics_00036.wav	7.84
/home/vijay/Desktop/All_Files/ALL_TTS/DIS_Vector_Embedding_Integration/Data/Hindi_Male/wav/hi_m_books_00530.wav	6.24
/home/vijay/Desktop/All_Files/ALL_TTS/DIS_Vector_Embedding_Integration/Data/Hindi_Male/wav/hi_m_books_00658.wav	7.584
/home/vijay/Desktop/All_Files/ALL_TTS/DIS_Vector_Embedding_Integration/Data/Hindi_Male/wav/hi_m_books_02537.wav	11.904
/home/vijay/Desktop/All_Files/ALL_TTS/DIS_Vector_Embedding_Integration/Data/Hindi_Male/wav/hi_m_books_05052.wav	11.376
/home/vijay/Desktop/All_Files/ALL_TTS/DIS_Vector_Embedding_Integration/Data/Hindi_Male/wav/hi_m_education_00556.wav	3.968
/home/vijay/Desktop/All_Files/ALL_TTS/DIS_Vector_Embedding_Integration/Data/Hindi_Male/wav/hi_m_other_05232.wav	9.152
/home/vijay/Desktop/All_Files/ALL_TTS/DIS_Vector_Embedding_Integration/Data/Hindi_Male/wav/hi_m_health_00563.wav	7.456
/home/vijay/Desktop/All_Files/ALL_TTS/DIS_Vector_Embedding_Integration/Data/Hindi_Male/wav/hi_m_books_00385.wav	4.4
/home/vijay/Desktop/All_Files/ALL_TTS/DIS_Vector_Embedding_Integration/Data/Hindi_Male/wav/hi_m_other_03785.wav	6.944
/home/vijay/Desktop/All_Files/ALL_TTS/DIS_Vector_Embedding_Integration/Data/Hindi_Male/wav/hi_m_weather_02264.wav	5.696
/home/vijay/Desktop/All_Files/ALL_TTS/DIS_Vector_Embedding_Integration/Data/Hindi_Male/wav/hi_m_books_03584.wav	10.112
/home/vijay/Desktop/All_Files/ALL_TTS/DIS_Vector_Embedding_Integration/Data/Hindi_Male/wav/hi_m_books_00388.wav	7.696
/home/vijay/Desktop/All_Files/ALL_TTS/DIS_Vector_Embedding_Integration/Data/Hindi_Male/wav/hi_m_other_04473.wav	6.656
/home/vijay/Desktop/All_Files/ALL_TTS/DIS_Vector_Embedding_Integration/Data/Hindi_Male/wav/hi_m_other_05065.wav	6.528
/home/vijay/Desktop/All_Files/ALL_TTS/DIS_Vector_Embedding_Integration/Data/Hindi_Male/wav/hi_m_other_05053.wav	4.848
/home/vijay/Desktop/All_Files/ALL_TTS/DIS_Vector_Embedding_Integration/Data/Hindi_Male/wav/hi_m_other_04253.wav	9.648
/home/vijay/Desktop/All_Files/ALL_TTS/DIS_Vector_Embedding_Integration/Data/Hindi_Male/wav/hi_m_politics_03258.wav	10.144
/home/vijay/Desktop/All_Files/ALL_TTS/DIS_Vector_Embedding_Integration/Data/Hindi_Male/wav/hi_m_education_00304.wav	7.2
/home/vijay/Desktop/All_Files/ALL_TTS/DIS_Vector_Embedding_Integration/Data/Hindi_Male/wav/hi_m_politics_03404.wav	5.696
/home/vijay/Desktop/All_Files/ALL_TTS/DIS_Vector_Embedding_Integration/Data/Hindi_Male/wav/hi_m_books_04805.wav	5.808
/home/vijay/Desktop/All_Files/ALL_TTS/DIS_Vector_Embedding_Integration/Data/Hindi_Male/wav/hi_m_weather_00308.wav	5.68
/home/vijay/Desktop/All_Files/ALL_TTS/DIS_Vector_Embedding_Integration/Data/Hindi_Male/wav/hi_m_books_00032.wav	5.92
/home/vijay/Desktop/All_Files/ALL_TTS/DIS_Vector_Embedding_Integration/Data/Hindi_Male/wav/hi_m_other_03730.wav	10.928
/home/vijay/Desktop/All_Files/ALL_TTS/DIS_Vector_Embedding_Integration/Data/Hindi_Male/wav/hi_m_other_03000.wav	8.112
/home/vijay/Desktop/All_Files/ALL_TTS/DIS_Vector_Embedding_Integration/Data/Hindi_Male/wav/hi_m_books_00846.wav	5.728
/home/vijay/Desktop/All_Files/ALL_TTS/DIS_Vector_Embedding_Integration/Data/Hindi_Male/wav/hi_m_education_00403.wav	8.944
/home/vijay/Desktop/All_Files/ALL_TTS/DIS_Vector_Embedding_Integration/Data/Hindi_Male/wav/hi_m_books_00363.wav	9.264
/home/vijay/Desktop/All_Files/ALL_TTS/DIS_Vector_Embedding_Integration/Data/Hindi_Male/wav/hi_m_education_00434.wav	5.44
/home/vijay/Desktop/All_Files/ALL_TTS/DIS_Vector_Embedding_Integration/Data/Hindi_Male/wav/hi_m_books_04868.wav	4.736
/home/vijay/Desktop/All_Files/ALL_TTS/DIS_Vector_Embedding_Integration/Data/Hindi_Male/wav/hi_m_books_04380.wav	6.128
/home/vijay/Desktop/All_Files/ALL_TTS/DIS_Vector_Embedding_Integration/Data/Hindi_Male/wav/hi_m_other_05233.wav	6.544
/home/vijay/Desktop/All_Files/ALL_TTS/DIS_Vector_Embedding_Integration/Data/Hindi_Male/wav/hi_m_education_00803.wav	9.44
/home/vijay/Desktop/All_Files/ALL_TTS/DIS_Vector_Embedding_Integration/Data/Hindi_Male/wav/hi_m_books_03805.wav	6.016
/home/vijay/Desktop/All_Files/ALL_TTS/DIS_Vector_Embedding_Integration/Data/Hindi_Male/wav/hi_m_books_00358.wav	6.16
/home/vijay/Desktop/All_Files/ALL_TTS/DIS_Vector_Embedding_Integration/Data/Hindi_Male/wav/hi_m_health_02305.wav	9.68
/home/vijay/Desktop/All_Files/ALL_TTS/DIS_Vector_Embedding_Integration/Data/Hindi_Male/wav/hi_m_other_03804.wav	8.288
/home/vijay/Desktop/All_Files/ALL_TTS/DIS_Vector_Embedding_Integration/Data/Hindi_Male/wav/hi_m_other_04439.wav	8.4
/home/vijay/Desktop/All_Files/ALL_TTS/DIS_Vector_Embedding_Integration/Data/Hindi_Male/wav/hi_m_general_00063.wav	6.496
/home/vijay/Desktop/All_Files/ALL_TTS/DIS_Vector_Embedding_Integration/Data/Hindi_Male/wav/hi_m_education_00563.wav	10.096
/home/vijay/Desktop/All_Files/ALL_TTS/DIS_Vector_Embedding_Integration/Data/Hindi_Male/wav/hi_m_other_04585.wav	7.632
/home/vijay/Desktop/All_Files/ALL_TTS/DIS_Vector_Embedding_Integration/Data/Hindi_Male/wav/hi_m_books_02595.wav	5.184
/home/vijay/Desktop/All_Files/ALL_TTS/DIS_Vector_Embedding_Integration/Data/Hindi_Male/wav/hi_m_books_00642.wav	7.904
/home/vijay/Desktop/All_Files/ALL_TTS/DIS_Vector_Embedding_Integration/Data/Hindi_Male/wav/hi_m_other_05225.wav	8.56
/home/vijay/Desktop/All_Files/ALL_TTS/DIS_Vector_Embedding_Integration/Data/Hindi_Male/wav/hi_m_agri_02335.wav	8.352
/home/vijay/Desktop/All_Files/ALL_TTS/DIS_Vector_Embedding_Integration/Data/Hindi_Male/wav/hi_m_other_03575.wav	10.784
/home/vijay/Desktop/All_Files/ALL_TTS/DIS_Vector_Embedding_Integration/Data/Hindi_Male/wav/hi_m_other_04283.wav	5.808
/home/vijay/Desktop/All_Files/ALL_TTS/DIS_Vector_Embedding_Integration/Data/Hindi_Male/wav/hi_m_books_05003.wav	7.696
/home/vijay/Desktop/All_Files/ALL_TTS/DIS_Vector_Embedding_Integration/Data/Hindi_Male/wav/hi_m_other_03936.wav	9.68
/home/vijay/Desktop/All_Files/ALL_TTS/DIS_Vector_Embedding_Integration/Data/Hindi_Male/wav/hi_m_general_02654.wav	7.84
/home/vijay/Desktop/All_Files/ALL_TTS/DIS_Vector_Embedding_Integration/Data/Hindi_Male/wav/hi_m_politics_03434.wav	9.728
/home/vijay/Desktop/All_Files/ALL_TTS/DIS_Vector_Embedding_Integration/Data/Hindi_Male/wav/hi_m_finance_00023.wav	11.248
/home/vijay/Desktop/All_Files/ALL_TTS/DIS_Vector_Embedding_Integration/Data/Hindi_Male/wav/hi_m_books_00644.wav	6.496
/home/vijay/Desktop/All_Files/ALL_TTS/DIS_Vector_Embedding_Integration/Data/Hindi_Male/wav/hi_m_other_03242.wav	10.848
/home/vijay/Desktop/All_Files/ALL_TTS/DIS_Vector_Embedding_Integration/Data/Hindi_Male/wav/hi_m_books_03833.wav	8.368
/home/vijay/Desktop/All_Files/ALL_TTS/DIS_Vector_Embedding_Integration/Data/Hindi_Male/wav/hi_m_books_00605.wav	9.104
/home/vijay/Desktop/All_Files/ALL_TTS/DIS_Vector_Embedding_Integration/Data/Hindi_Male/wav/hi_m_finance_00664.wav	6.96
/home/vijay/Desktop/All_Files/ALL_TTS/DIS_Vector_Embedding_Integration/Data/Hindi_Male/wav/hi_m_books_02652.wav	8.128
/home/vijay/Desktop/All_Files/ALL_TTS/DIS_Vector_Embedding_Integration/Data/Hindi_Male/wav/hi_m_education_00444.wav	9.408
/home/vijay/Desktop/All_Files/ALL_TTS/DIS_Vector_Embedding_Integration/Data/Hindi_Male/wav/hi_m_books_00225.wav	9.104
/home/vijay/Desktop/All_Files/ALL_TTS/DIS_Vector_Embedding_Integration/Data/Hindi_Male/wav/hi_m_books_04442.wav	5.648
/home/vijay/Desktop/All_Files/ALL_TTS/DIS_Vector_Embedding_Integration/Data/Hindi_Male/wav/hi_m_agri_00454.wav	9.344
/home/vijay/Desktop/All_Files/ALL_TTS/DIS_Vector_Embedding_Integration/Data/Hindi_Male/wav/hi_m_books_03547.wav	6.112
/home/vijay/Desktop/All_Files/ALL_TTS/DIS_Vector_Embedding_Integration/Data/Hindi_Male/wav/hi_m_finance_00503.wav	6.704
/home/vijay/Desktop/All_Files/ALL_TTS/DIS_Vector_Embedding_Integration/Data/Hindi_Male/wav/hi_m_health_00643.wav	6.736
/home/vijay/Desktop/All_Files/ALL_TTS/DIS_Vector_Embedding_Integration/Data/Hindi_Male/wav/hi_m_other_03245.wav	6.448
/home/vijay/Desktop/All_Files/ALL_TTS/DIS_Vector_Embedding_Integration/Data/Hindi_Male/wav/hi_m_books_03004.wav	5.184
/home/vijay/Desktop/All_Files/ALL_TTS/DIS_Vector_Embedding_Integration/Data/Hindi_Male/wav/hi_m_education_00650.wav	5.232
/home/vijay/Desktop/All_Files/ALL_TTS/DIS_Vector_Embedding_Integration/Data/Hindi_Male/wav/hi_m_books_00636.wav	6.592
/home/vijay/Desktop/All_Files/ALL_TTS/DIS_Vector_Embedding_Integration/Data/Hindi_Male/wav/hi_m_finance_00468.wav	5.088
/home/vijay/Desktop/All_Files/ALL_TTS/DIS_Vector_Embedding_Integration/Data/Hindi_Male/wav/hi_m_books_02630.wav	7.328
/home/vijay/Desktop/All_Files/ALL_TTS/DIS_Vector_Embedding_Integration/Data/Hindi_Male/wav/hi_m_books_03313.wav	8.752
/home/vijay/Desktop/All_Files/ALL_TTS/DIS_Vector_Embedding_Integration/Data/Hindi_Male/wav/hi_m_health_03084.wav	6.096
/home/vijay/Desktop/All_Files/ALL_TTS/DIS_Vector_Embedding_Integration/Data/Hindi_Male/wav/hi_m_other_03063.wav	8.112
/home/vijay/Desktop/All_Files/ALL_TTS/DIS_Vector_Embedding_Integration/Data/Hindi_Male/wav/hi_m_education_02322.wav	7.808
/home/vijay/Desktop/All_Files/ALL_TTS/DIS_Vector_Embedding_Integration/Data/Hindi_Male/wav/hi_m_other_03307.wav	9.92
/home/vijay/Desktop/All_Files/ALL_TTS/DIS_Vector_Embedding_Integration/Data/Hindi_Male/wav/hi_m_education_02395.wav	4.784
/home/vijay/Desktop/All_Files/ALL_TTS/DIS_Vector_Embedding_Integration/Data/Hindi_Male/wav/hi_m_other_00238.wav	9.216
/home/vijay/Desktop/All_Files/ALL_TTS/DIS_Vector_Embedding_Integration/Data/Hindi_Male/wav/hi_m_books_00375.wav	3.456
/home/vijay/Desktop/All_Files/ALL_TTS/DIS_Vector_Embedding_Integration/Data/Hindi_Male/wav/hi_m_books_03555.wav	8.432
/home/vijay/Desktop/All_Files/ALL_TTS/DIS_Vector_Embedding_Integration/Data/Hindi_Male/wav/hi_m_books_04443.wav	4.752
/home/vijay/Desktop/All_Files/ALL_TTS/DIS_Vector_Embedding_Integration/Data/Hindi_Male/wav/hi_m_politics_00623.wav	7.216
/home/vijay/Desktop/All_Files/ALL_TTS/DIS_Vector_Embedding_Integration/Data/Hindi_Male/wav/hi_m_books_03466.wav	7.904
/home/vijay/Desktop/All_Files/ALL_TTS/DIS_Vector_Embedding_Integration/Data/Hindi_Male/wav/hi_m_books_04369.wav	11.952
/home/vijay/Desktop/All_Files/ALL_TTS/DIS_Vector_Embedding_Integration/Data/Hindi_Male/wav/hi_m_education_00550.wav	5.328
/home/vijay/Desktop/All_Files/ALL_TTS/DIS_Vector_Embedding_Integration/Data/Hindi_Male/wav/hi_m_agri_00845.wav	5.104
/home/vijay/Desktop/All_Files/ALL_TTS/DIS_Vector_Embedding_Integration/Data/Hindi_Male/wav/hi_m_education_02537.wav	9.776
/home/vijay/Desktop/All_Files/ALL_TTS/DIS_Vector_Embedding_Integration/Data/Hindi_Male/wav/hi_m_books_03323.wav	4.368
/home/vijay/Desktop/All_Files/ALL_TTS/DIS_Vector_Embedding_Integration/Data/Hindi_Male/wav/hi_m_politics_03645.wav	9.792
/home/vijay/Desktop/All_Files/ALL_TTS/DIS_Vector_Embedding_Integration/Data/Hindi_Male/wav/hi_m_books_04304.wav	9.536
/home/vijay/Desktop/All_Files/ALL_TTS/DIS_Vector_Embedding_Integration/Data/Hindi_Male/wav/hi_m_other_04673.wav	7.52
/home/vijay/Desktop/All_Files/ALL_TTS/DIS_Vector_Embedding_Integration/Data/Hindi_Male/wav/hi_m_books_04684.wav	7.312
/home/vijay/Desktop/All_Files/ALL_TTS/DIS_Vector_Embedding_Integration/Data/Hindi_Male/wav/hi_m_education_00265.wav	11.328
/home/vijay/Desktop/All_Files/ALL_TTS/DIS_Vector_Embedding_Integration/Data/Hindi_Male/wav/hi_m_weather_00375.wav	7.552
/home/vijay/Desktop/All_Files/ALL_TTS/DIS_Vector_Embedding_Integration/Data/Hindi_Male/wav/hi_m_books_00038.wav	6.784
/home/vijay/Desktop/All_Files/ALL_TTS/DIS_Vector_Embedding_Integration/Data/Hindi_Male/wav/hi_m_books_03674.wav	10.704
/home/vijay/Desktop/All_Files/ALL_TTS/DIS_Vector_Embedding_Integration/Data/Hindi_Male/wav/hi_m_education_00393.wav	10.064
/home/vijay/Desktop/All_Files/ALL_TTS/DIS_Vector_Embedding_Integration/Data/Hindi_Male/wav/hi_m_books_03494.wav	5.68
/home/vijay/Desktop/All_Files/ALL_TTS/DIS_Vector_Embedding_Integration/Data/Hindi_Male/wav/hi_m_books_03388.wav	6.048
/home/vijay/Desktop/All_Files/ALL_TTS/DIS_Vector_Embedding_Integration/Data/Hindi_Male/wav/hi_m_books_00537.wav	4.912
/home/vijay/Desktop/All_Files/ALL_TTS/DIS_Vector_Embedding_Integration/Data/Hindi_Male/wav/hi_m_finance_00383.wav	7.728
/home/vijay/Desktop/All_Files/ALL_TTS/DIS_Vector_Embedding_Integration/Data/Hindi_Male/wav/hi_m_education_02625.wav	4.976
/home/vijay/Desktop/All_Files/ALL_TTS/DIS_Vector_Embedding_Integration/Data/Hindi_Male/wav/hi_m_education_00232.wav	8.768
/home/vijay/Desktop/All_Files/ALL_TTS/DIS_Vector_Embedding_Integration/Data/Hindi_Male/wav/hi_m_other_03943.wav	12.56
/home/vijay/Desktop/All_Files/ALL_TTS/DIS_Vector_Embedding_Integration/Data/Hindi_Male/wav/hi_m_books_03275.wav	8.832
/home/vijay/Desktop/All_Files/ALL_TTS/DIS_Vector_Embedding_Integration/Data/Hindi_Male/wav/hi_m_weather_02359.wav	6.16
/home/vijay/Desktop/All_Files/ALL_TTS/DIS_Vector_Embedding_Integration/Data/Hindi_Male/wav/hi_m_general_00536.wav	9.424
/home/vijay/Desktop/All_Files/ALL_TTS/DIS_Vector_Embedding_Integration/Data/Hindi_Male/wav/hi_m_other_05005.wav	8.096
/home/vijay/Desktop/All_Files/ALL_TTS/DIS_Vector_Embedding_Integration/Data/Hindi_Male/wav/hi_m_education_00553.wav	9.184
/home/vijay/Desktop/All_Files/ALL_TTS/DIS_Vector_Embedding_Integration/Data/Hindi_Male/wav/hi_m_books_03676.wav	4.288
/home/vijay/Desktop/All_Files/ALL_TTS/DIS_Vector_Embedding_Integration/Data/Hindi_Male/wav/hi_m_general_00436.wav	8.672
/home/vijay/Desktop/All_Files/ALL_TTS/DIS_Vector_Embedding_Integration/Data/Hindi_Male/wav/hi_m_politics_03659.wav	5.968
/home/vijay/Desktop/All_Files/ALL_TTS/DIS_Vector_Embedding_Integration/Data/Hindi_Male/wav/hi_m_books_03934.wav	7.216
/home/vijay/Desktop/All_Files/ALL_TTS/DIS_Vector_Embedding_Integration/Data/Hindi_Male/wav/hi_m_weather_00539.wav	10.24
/home/vijay/Desktop/All_Files/ALL_TTS/DIS_Vector_Embedding_Integration/Data/Hindi_Male/wav/hi_m_books_03346.wav	5.776
/home/vijay/Desktop/All_Files/ALL_TTS/DIS_Vector_Embedding_Integration/Data/Hindi_Male/wav/hi_m_books_00584.wav	7.024
/home/vijay/Desktop/All_Files/ALL_TTS/DIS_Vector_Embedding_Integration/Data/Hindi_Male/wav/hi_m_education_00523.wav	10.016
/home/vijay/Desktop/All_Files/ALL_TTS/DIS_Vector_Embedding_Integration/Data/Hindi_Male/wav/hi_m_books_03447.wav	7.776
/home/vijay/Desktop/All_Files/ALL_TTS/DIS_Vector_Embedding_Integration/Data/Hindi_Male/wav/hi_m_books_00560.wav	7.312
/home/vijay/Desktop/All_Files/ALL_TTS/DIS_Vector_Embedding_Integration/Data/Hindi_Male/wav/hi_m_books_00083.wav	10.112
/home/vijay/Desktop/All_Files/ALL_TTS/DIS_Vector_Embedding_Integration/Data/Hindi_Male/wav/hi_m_agri_00585.wav	5.808
/home/vijay/Desktop/All_Files/ALL_TTS/DIS_Vector_Embedding_Integration/Data/Hindi_Male/wav/hi_m_other_04034.wav	11.408
/home/vijay/Desktop/All_Files/ALL_TTS/DIS_Vector_Embedding_Integration/Data/Hindi_Male/wav/hi_m_general_00306.wav	3.856
/home/vijay/Desktop/All_Files/ALL_TTS/DIS_Vector_Embedding_Integration/Data/Hindi_Male/wav/hi_m_books_04402.wav	13.568
/home/vijay/Desktop/All_Files/ALL_TTS/DIS_Vector_Embedding_Integration/Data/Hindi_Male/wav/hi_m_books_03576.wav	4.8
/home/vijay/Desktop/All_Files/ALL_TTS/DIS_Vector_Embedding_Integration/Data/Hindi_Male/wav/hi_m_books_02446.wav	10.816
