/home/vijay/Desktop/All_Files/ALL_TTS/DIS_Vector_Embedding_Integration/Data/Hindi_Female/wav/hi_f_education_00096.wav	9.296
/home/vijay/Desktop/All_Files/ALL_TTS/DIS_Vector_Embedding_Integration/Data/Hindi_Female/wav/hi_f_finance_01774.wav	8.672
/home/vijay/Desktop/All_Files/ALL_TTS/DIS_Vector_Embedding_Integration/Data/Hindi_Female/wav/hi_f_books_04222.wav	9.712
/home/vijay/Desktop/All_Files/ALL_TTS/DIS_Vector_Embedding_Integration/Data/Hindi_Female/wav/hi_f_other_01011.wav	7.152
/home/vijay/Desktop/All_Files/ALL_TTS/DIS_Vector_Embedding_Integration/Data/Hindi_Female/wav/hi_f_books_04449.wav	5.808
/home/vijay/Desktop/All_Files/ALL_TTS/DIS_Vector_Embedding_Integration/Data/Hindi_Female/wav/hi_f_books_05671.wav	11.248
/home/vijay/Desktop/All_Files/ALL_TTS/DIS_Vector_Embedding_Integration/Data/Hindi_Female/wav/hi_f_weather_00205.wav	7.2
/home/vijay/Desktop/All_Files/ALL_TTS/DIS_Vector_Embedding_Integration/Data/Hindi_Female/wav/hi_f_weather_03299.wav	11.296
/home/vijay/Desktop/All_Files/ALL_TTS/DIS_Vector_Embedding_Integration/Data/Hindi_Female/wav/hi_f_books_00440.wav	7.104
/home/vijay/Desktop/All_Files/ALL_TTS/DIS_Vector_Embedding_Integration/Data/Hindi_Female/wav/hi_f_books_05329.wav	10.976
/home/vijay/Desktop/All_Files/ALL_TTS/DIS_Vector_Embedding_Integration/Data/Hindi_Female/wav/hi_f_agri_00122.wav	9.968
/home/vijay/Desktop/All_Files/ALL_TTS/DIS_Vector_Embedding_Integration/Data/Hindi_Female/wav/hi_f_books_02309.wav	13.152
/home/vijay/Desktop/All_Files/ALL_TTS/DIS_Vector_Embedding_Integration/Data/Hindi_Female/wav/hi_f_other_00691.wav	4.96
/home/vijay/Desktop/All_Files/ALL_TTS/DIS_Vector_Embedding_Integration/Data/Hindi_Female/wav/hi_f_agri_01654.wav	7.008
/home/vijay/Desktop/All_Files/ALL_TTS/DIS_Vector_Embedding_Integration/Data/Hindi_Female/wav/hi_f_books_01802.wav	6.304
/home/vijay/Desktop/All_Files/ALL_TTS/DIS_Vector_Embedding_Integration/Data/Hindi_Female/wav/hi_f_books_06605.wav	8.896
/home/vijay/Desktop/All_Files/ALL_TTS/DIS_Vector_Embedding_Integration/Data/Hindi_Female/wav/hi_f_books_06363.wav	7.616
/home/vijay/Desktop/All_Files/ALL_TTS/DIS_Vector_Embedding_Integration/Data/Hindi_Female/wav/hi_f_books_06900.wav	7.792
/home/vijay/Desktop/All_Files/ALL_TTS/DIS_Vector_Embedding_Integration/Data/Hindi_Female/wav/hi_f_books_00520.wav	10.048
/home/vijay/Desktop/All_Files/ALL_TTS/DIS_Vector_Embedding_Integration/Data/Hindi_Female/wav/hi_f_finance_00523.wav	8.208
/home/vijay/Desktop/All_Files/ALL_TTS/DIS_Vector_Embedding_Integration/Data/Hindi_Female/wav/hi_f_books_02362.wav	5.344
/home/vijay/Desktop/All_Files/ALL_TTS/DIS_Vector_Embedding_Integration/Data/Hindi_Female/wav/hi_f_other_02361.wav	4.704
/home/vijay/Desktop/All_Files/ALL_TTS/DIS_Vector_Embedding_Integration/Data/Hindi_Female/wav/hi_f_weather_03431.wav	6.752
/home/vijay/Desktop/All_Files/ALL_TTS/DIS_Vector_Embedding_Integration/Data/Hindi_Female/wav/hi_f_books_03246.wav	7.616
/home/vijay/Desktop/All_Files/ALL_TTS/DIS_Vector_Embedding_Integration/Data/Hindi_Female/wav/hi_f_books_05649.wav	9.84
/home/vijay/Desktop/All_Files/ALL_TTS/DIS_Vector_Embedding_Integration/Data/Hindi_Female/wav/hi_f_agri_00257.wav	5.696
/home/vijay/Desktop/All_Files/ALL_TTS/DIS_Vector_Embedding_Integration/Data/Hindi_Female/wav/hi_f_weather_02816.wav	8.944
/home/vijay/Desktop/All_Files/ALL_TTS/DIS_Vector_Embedding_Integration/Data/Hindi_Female/wav/hi_f_books_00921.wav	6.576
/home/vijay/Desktop/All_Files/ALL_TTS/DIS_Vector_Embedding_Integration/Data/Hindi_Female/wav/hi_f_other_01538.wav	6.336
/home/vijay/Desktop/All_Files/ALL_TTS/DIS_Vector_Embedding_Integration/Data/Hindi_Female/wav/hi_f_education_00122.wav	7.76
/home/vijay/Desktop/All_Files/ALL_TTS/DIS_Vector_Embedding_Integration/Data/Hindi_Female/wav/hi_f_books_00885.wav	8.672
/home/vijay/Desktop/All_Files/ALL_TTS/DIS_Vector_Embedding_Integration/Data/Hindi_Female/wav/hi_f_weather_00173.wav	9.952
/home/vijay/Desktop/All_Files/ALL_TTS/DIS_Vector_Embedding_Integration/Data/Hindi_Female/wav/hi_f_other_02477.wav	6.304
/home/vijay/Desktop/All_Files/ALL_TTS/DIS_Vector_Embedding_Integration/Data/Hindi_Female/wav/hi_f_books_00374.wav	7.408
/home/vijay/Desktop/All_Files/ALL_TTS/DIS_Vector_Embedding_Integration/Data/Hindi_Female/wav/hi_f_other_02732.wav	9.12
/home/vijay/Desktop/All_Files/ALL_TTS/DIS_Vector_Embedding_Integration/Data/Hindi_Female/wav/hi_f_books_04970.wav	7.248
/home/vijay/Desktop/All_Files/ALL_TTS/DIS_Vector_Embedding_Integration/Data/Hindi_Female/wav/hi_f_education_01335.wav	8.192
/home/vijay/Desktop/All_Files/ALL_TTS/DIS_Vector_Embedding_Integration/Data/Hindi_Female/wav/hi_f_other_00210.wav	7.024
/home/vijay/Desktop/All_Files/ALL_TTS/DIS_Vector_Embedding_Integration/Data/Hindi_Female/wav/hi_f_other_04473.wav	6.928
/home/vijay/Desktop/All_Files/ALL_TTS/DIS_Vector_Embedding_Integration/Data/Hindi_Female/wav/hi_f_books_03795.wav	12.752
/home/vijay/Desktop/All_Files/ALL_TTS/DIS_Vector_Embedding_Integration/Data/Hindi_Female/wav/hi_f_books_02563.wav	5.888
/home/vijay/Desktop/All_Files/ALL_TTS/DIS_Vector_Embedding_Integration/Data/Hindi_Female/wav/hi_f_agri_01220.wav	7.904
/home/vijay/Desktop/All_Files/ALL_TTS/DIS_Vector_Embedding_Integration/Data/Hindi_Female/wav/hi_f_weather_03255.wav	9.536
/home/vijay/Desktop/All_Files/ALL_TTS/DIS_Vector_Embedding_Integration/Data/Hindi_Female/wav/hi_f_books_01167.wav	5.072
/home/vijay/Desktop/All_Files/ALL_TTS/DIS_Vector_Embedding_Integration/Data/Hindi_Female/wav/hi_f_books_04669.wav	7.04
/home/vijay/Desktop/All_Files/ALL_TTS/DIS_Vector_Embedding_Integration/Data/Hindi_Female/wav/hi_f_other_02540.wav	5.152
/home/vijay/Desktop/All_Files/ALL_TTS/DIS_Vector_Embedding_Integration/Data/Hindi_Female/wav/hi_f_finance_02149.wav	8.784
/home/vijay/Desktop/All_Files/ALL_TTS/DIS_Vector_Embedding_Integration/Data/Hindi_Female/wav/hi_f_finance_00460.wav	8.528
/home/vijay/Desktop/All_Files/ALL_TTS/DIS_Vector_Embedding_Integration/Data/Hindi_Female/wav/hi_f_agri_00100.wav	8.816
/home/vijay/Desktop/All_Files/ALL_TTS/DIS_Vector_Embedding_Integration/Data/Hindi_Female/wav/hi_f_books_04415.wav	5.92
/home/vijay/Desktop/All_Files/ALL_TTS/DIS_Vector_Embedding_Integration/Data/Hindi_Female/wav/hi_f_books_00041.wav	9.04
/home/vijay/Desktop/All_Files/ALL_TTS/DIS_Vector_Embedding_Integration/Data/Hindi_Female/wav/hi_f_education_01224.wav	9.04
/home/vijay/Desktop/All_Files/ALL_TTS/DIS_Vector_Embedding_Integration/Data/Hindi_Female/wav/hi_f_books_03831.wav	5.824
/home/vijay/Desktop/All_Files/ALL_TTS/DIS_Vector_Embedding_Integration/Data/Hindi_Female/wav/hi_f_books_04553.wav	9.168
/home/vijay/Desktop/All_Files/ALL_TTS/DIS_Vector_Embedding_Integration/Data/Hindi_Female/wav/hi_f_books_03052.wav	10.448
/home/vijay/Desktop/All_Files/ALL_TTS/DIS_Vector_Embedding_Integration/Data/Hindi_Female/wav/hi_f_books_03733.wav	8.48
/home/vijay/Desktop/All_Files/ALL_TTS/DIS_Vector_Embedding_Integration/Data/Hindi_Female/wav/hi_f_books_05156.wav	11.312
/home/vijay/Desktop/All_Files/ALL_TTS/DIS_Vector_Embedding_Integration/Data/Hindi_Female/wav/hi_f_books_05451.wav	7.52
/home/vijay/Desktop/All_Files/ALL_TTS/DIS_Vector_Embedding_Integration/Data/Hindi_Female/wav/hi_f_books_01550.wav	8.576
/home/vijay/Desktop/All_Files/ALL_TTS/DIS_Vector_Embedding_Integration/Data/Hindi_Female/wav/hi_f_books_04865.wav	6.96
/home/vijay/Desktop/All_Files/ALL_TTS/DIS_Vector_Embedding_Integration/Data/Hindi_Female/wav/hi_f_weather_02848.wav	7.04
/home/vijay/Desktop/All_Files/ALL_TTS/DIS_Vector_Embedding_Integration/Data/Hindi_Female/wav/hi_f_books_00321.wav	11.872
/home/vijay/Desktop/All_Files/ALL_TTS/DIS_Vector_Embedding_Integration/Data/Hindi_Female/wav/hi_f_education_01821.wav	11.52
/home/vijay/Desktop/All_Files/ALL_TTS/DIS_Vector_Embedding_Integration/Data/Hindi_Female/wav/hi_f_agri_00866.wav	5.52
/home/vijay/Desktop/All_Files/ALL_TTS/DIS_Vector_Embedding_Integration/Data/Hindi_Female/wav/hi_f_education_00961.wav	8.24
/home/vijay/Desktop/All_Files/ALL_TTS/DIS_Vector_Embedding_Integration/Data/Hindi_Female/wav/hi_f_other_00015.wav	11.104
/home/vijay/Desktop/All_Files/ALL_TTS/DIS_Vector_Embedding_Integration/Data/Hindi_Female/wav/hi_f_other_01940.wav	3.376
/home/vijay/Desktop/All_Files/ALL_TTS/DIS_Vector_Embedding_Integration/Data/Hindi_Female/wav/hi_f_books_06735.wav	12.912
/home/vijay/Desktop/All_Files/ALL_TTS/DIS_Vector_Embedding_Integration/Data/Hindi_Female/wav/hi_f_books_00163.wav	10.784
/home/vijay/Desktop/All_Files/ALL_TTS/DIS_Vector_Embedding_Integration/Data/Hindi_Female/wav/hi_f_agri_00421.wav	9.68
/home/vijay/Desktop/All_Files/ALL_TTS/DIS_Vector_Embedding_Integration/Data/Hindi_Female/wav/hi_f_other_04429.wav	11.616
/home/vijay/Desktop/All_Files/ALL_TTS/DIS_Vector_Embedding_Integration/Data/Hindi_Female/wav/hi_f_agri_00697.wav	5.456
/home/vijay/Desktop/All_Files/ALL_TTS/DIS_Vector_Embedding_Integration/Data/Hindi_Female/wav/hi_f_finance_01949.wav	4.8
/home/vijay/Desktop/All_Files/ALL_TTS/DIS_Vector_Embedding_Integration/Data/Hindi_Female/wav/hi_f_education_02339.wav	7.808
/home/vijay/Desktop/All_Files/ALL_TTS/DIS_Vector_Embedding_Integration/Data/Hindi_Female/wav/hi_f_agri_00719.wav	4.832
/home/vijay/Desktop/All_Files/ALL_TTS/DIS_Vector_Embedding_Integration/Data/Hindi_Female/wav/hi_f_other_01839.wav	5.008
/home/vijay/Desktop/All_Files/ALL_TTS/DIS_Vector_Embedding_Integration/Data/Hindi_Female/wav/hi_f_books_03062.wav	9.168
/home/vijay/Desktop/All_Files/ALL_TTS/DIS_Vector_Embedding_Integration/Data/Hindi_Female/wav/hi_f_weather_03282.wav	7.728
/home/vijay/Desktop/All_Files/ALL_TTS/DIS_Vector_Embedding_Integration/Data/Hindi_Female/wav/hi_f_education_01868.wav	7.136
/home/vijay/Desktop/All_Files/ALL_TTS/DIS_Vector_Embedding_Integration/Data/Hindi_Female/wav/hi_f_education_00676.wav	6.832
/home/vijay/Desktop/All_Files/ALL_TTS/DIS_Vector_Embedding_Integration/Data/Hindi_Female/wav/hi_f_education_00711.wav	5.056
/home/vijay/Desktop/All_Files/ALL_TTS/DIS_Vector_Embedding_Integration/Data/Hindi_Female/wav/hi_f_weather_02486.wav	4.4
/home/vijay/Desktop/All_Files/ALL_TTS/DIS_Vector_Embedding_Integration/Data/Hindi_Female/wav/hi_f_books_00948.wav	6.4
/home/vijay/Desktop/All_Files/ALL_TTS/DIS_Vector_Embedding_Integration/Data/Hindi_Female/wav/hi_f_education_01064.wav	6.576
/home/vijay/Desktop/All_Files/ALL_TTS/DIS_Vector_Embedding_Integration/Data/Hindi_Female/wav/hi_f_weather_00820.wav	5.472
/home/vijay/Desktop/All_Files/ALL_TTS/DIS_Vector_Embedding_Integration/Data/Hindi_Female/wav/hi_f_agri_01315.wav	6.704
/home/vijay/Desktop/All_Files/ALL_TTS/DIS_Vector_Embedding_Integration/Data/Hindi_Female/wav/hi_f_education_02142.wav	8.032
/home/vijay/Desktop/All_Files/ALL_TTS/DIS_Vector_Embedding_Integration/Data/Hindi_Female/wav/hi_f_books_00776.wav	9.456
/home/vijay/Desktop/All_Files/ALL_TTS/DIS_Vector_Embedding_Integration/Data/Hindi_Female/wav/hi_f_books_02282.wav	5.936
/home/vijay/Desktop/All_Files/ALL_TTS/DIS_Vector_Embedding_Integration/Data/Hindi_Female/wav/hi_f_agri_00591.wav	5.568
/home/vijay/Desktop/All_Files/ALL_TTS/DIS_Vector_Embedding_Integration/Data/Hindi_Female/wav/hi_f_books_04646.wav	3.104
/home/vijay/Desktop/All_Files/ALL_TTS/DIS_Vector_Embedding_Integration/Data/Hindi_Female/wav/hi_f_finance_00917.wav	8.88
/home/vijay/Desktop/All_Files/ALL_TTS/DIS_Vector_Embedding_Integration/Data/Hindi_Female/wav/hi_f_other_05320.wav	5.52
/home/vijay/Desktop/All_Files/ALL_TTS/DIS_Vector_Embedding_Integration/Data/Hindi_Female/wav/hi_f_agri_02322.wav	4.288
/home/vijay/Desktop/All_Files/ALL_TTS/DIS_Vector_Embedding_Integration/Data/Hindi_Female/wav/hi_f_books_00300.wav	9.04
/home/vijay/Desktop/All_Files/ALL_TTS/DIS_Vector_Embedding_Integration/Data/Hindi_Female/wav/hi_f_books_04855.wav	7.184
/home/vijay/Desktop/All_Files/ALL_TTS/DIS_Vector_Embedding_Integration/Data/Hindi_Female/wav/hi_f_books_06915.wav	4.784
/home/vijay/Desktop/All_Files/ALL_TTS/DIS_Vector_Embedding_Integration/Data/Hindi_Female/wav/hi_f_books_05228.wav	5.328
/home/vijay/Desktop/All_Files/ALL_TTS/DIS_Vector_Embedding_Integration/Data/Hindi_Female/wav/hi_f_books_02042.wav	7.792
/home/vijay/Desktop/All_Files/ALL_TTS/DIS_Vector_Embedding_Integration/Data/Hindi_Female/wav/hi_f_books_01800.wav	8.976
/home/vijay/Desktop/All_Files/ALL_TTS/DIS_Vector_Embedding_Integration/Data/Hindi_Female/wav/hi_f_education_00526.wav	10.128
/home/vijay/Desktop/All_Files/ALL_TTS/DIS_Vector_Embedding_Integration/Data/Hindi_Female/wav/hi_f_books_04526.wav	9.088
/home/vijay/Desktop/All_Files/ALL_TTS/DIS_Vector_Embedding_Integration/Data/Hindi_Female/wav/hi_f_education_02731.wav	8.832
/home/vijay/Desktop/All_Files/ALL_TTS/DIS_Vector_Embedding_Integration/Data/Hindi_Female/wav/hi_f_books_02439.wav	6.592
/home/vijay/Desktop/All_Files/ALL_TTS/DIS_Vector_Embedding_Integration/Data/Hindi_Female/wav/hi_f_books_00528.wav	9.952
/home/vijay/Desktop/All_Files/ALL_TTS/DIS_Vector_Embedding_Integration/Data/Hindi_Female/wav/hi_f_books_06321.wav	4.304
/home/vijay/Desktop/All_Files/ALL_TTS/DIS_Vector_Embedding_Integration/Data/Hindi_Female/wav/hi_f_books_04690.wav	6.256
/home/vijay/Desktop/All_Files/ALL_TTS/DIS_Vector_Embedding_Integration/Data/Hindi_Female/wav/hi_f_education_00115.wav	7.024
/home/vijay/Desktop/All_Files/ALL_TTS/DIS_Vector_Embedding_Integration/Data/Hindi_Female/wav/hi_f_education_00372.wav	6.032
/home/vijay/Desktop/All_Files/ALL_TTS/DIS_Vector_Embedding_Integration/Data/Hindi_Female/wav/hi_f_other_01777.wav	10.176
/home/vijay/Desktop/All_Files/ALL_TTS/DIS_Vector_Embedding_Integration/Data/Hindi_Female/wav/hi_f_finance_00802.wav	4.288
/home/vijay/Desktop/All_Files/ALL_TTS/DIS_Vector_Embedding_Integration/Data/Hindi_Female/wav/hi_f_books_05708.wav	8.8
/home/vijay/Desktop/All_Files/ALL_TTS/DIS_Vector_Embedding_Integration/Data/Hindi_Female/wav/hi_f_finance_01440.wav	5.936
/home/vijay/Desktop/All_Files/ALL_TTS/DIS_Vector_Embedding_Integration/Data/Hindi_Female/wav/hi_f_books_04859.wav	9.648
/home/vijay/Desktop/All_Files/ALL_TTS/DIS_Vector_Embedding_Integration/Data/Hindi_Female/wav/hi_f_books_01759.wav	12.128
/home/vijay/Desktop/All_Files/ALL_TTS/DIS_Vector_Embedding_Integration/Data/Hindi_Female/wav/hi_f_books_06712.wav	3.44
/home/vijay/Desktop/All_Files/ALL_TTS/DIS_Vector_Embedding_Integration/Data/Hindi_Female/wav/hi_f_books_02195.wav	7.424
/home/vijay/Desktop/All_Files/ALL_TTS/DIS_Vector_Embedding_Integration/Data/Hindi_Female/wav/hi_f_books_00435.wav	5.504
/home/vijay/Desktop/All_Files/ALL_TTS/DIS_Vector_Embedding_Integration/Data/Hindi_Female/wav/hi_f_weather_02337.wav	8.048
/home/vijay/Desktop/All_Files/ALL_TTS/DIS_Vector_Embedding_Integration/Data/Hindi_Female/wav/hi_f_books_05055.wav	5.152
/home/vijay/Desktop/All_Files/ALL_TTS/DIS_Vector_Embedding_Integration/Data/Hindi_Female/wav/hi_f_finance_00901.wav	7.744
/home/vijay/Desktop/All_Files/ALL_TTS/DIS_Vector_Embedding_Integration/Data/Hindi_Female/wav/hi_f_books_02171.wav	12.656
/home/vijay/Desktop/All_Files/ALL_TTS/DIS_Vector_Embedding_Integration/Data/Hindi_Female/wav/hi_f_finance_00906.wav	8.4
/home/vijay/Desktop/All_Files/ALL_TTS/DIS_Vector_Embedding_Integration/Data/Hindi_Female/wav/hi_f_books_03423.wav	6.752
/home/vijay/Desktop/All_Files/ALL_TTS/DIS_Vector_Embedding_Integration/Data/Hindi_Female/wav/hi_f_other_00685.wav	7.312
/home/vijay/Desktop/All_Files/ALL_TTS/DIS_Vector_Embedding_Integration/Data/Hindi_Female/wav/hi_f_education_00527.wav	5.28
/home/vijay/Desktop/All_Files/ALL_TTS/DIS_Vector_Embedding_Integration/Data/Hindi_Female/wav/hi_f_books_01934.wav	11.12
/home/vijay/Desktop/All_Files/ALL_TTS/DIS_Vector_Embedding_Integration/Data/Hindi_Female/wav/hi_f_books_05127.wav	5.936
/home/vijay/Desktop/All_Files/ALL_TTS/DIS_Vector_Embedding_Integration/Data/Hindi_Female/wav/hi_f_education_01033.wav	6.016
/home/vijay/Desktop/All_Files/ALL_TTS/DIS_Vector_Embedding_Integration/Data/Hindi_Female/wav/hi_f_agri_00168.wav	8.4
/home/vijay/Desktop/All_Files/ALL_TTS/DIS_Vector_Embedding_Integration/Data/Hindi_Female/wav/hi_f_books_04443.wav	8.864
/home/vijay/Desktop/All_Files/ALL_TTS/DIS_Vector_Embedding_Integration/Data/Hindi_Female/wav/hi_f_books_06747.wav	11.904
/home/vijay/Desktop/All_Files/ALL_TTS/DIS_Vector_Embedding_Integration/Data/Hindi_Female/wav/hi_f_agri_00606.wav	6.656
/home/vijay/Desktop/All_Files/ALL_TTS/DIS_Vector_Embedding_Integration/Data/Hindi_Female/wav/hi_f_books_04448.wav	8.192
/home/vijay/Desktop/All_Files/ALL_TTS/DIS_Vector_Embedding_Integration/Data/Hindi_Female/wav/hi_f_other_04571.wav	7.472
/home/vijay/Desktop/All_Files/ALL_TTS/DIS_Vector_Embedding_Integration/Data/Hindi_Female/wav/hi_f_other_05177.wav	9.728
/home/vijay/Desktop/All_Files/ALL_TTS/DIS_Vector_Embedding_Integration/Data/Hindi_Female/wav/hi_f_other_00914.wav	6.16
/home/vijay/Desktop/All_Files/ALL_TTS/DIS_Vector_Embedding_Integration/Data/Hindi_Female/wav/hi_f_finance_00636.wav	8.272
/home/vijay/Desktop/All_Files/ALL_TTS/DIS_Vector_Embedding_Integration/Data/Hindi_Female/wav/hi_f_education_00745.wav	4.4
/home/vijay/Desktop/All_Files/ALL_TTS/DIS_Vector_Embedding_Integration/Data/Hindi_Female/wav/hi_f_other_01040.wav	6.8
/home/vijay/Desktop/All_Files/ALL_TTS/DIS_Vector_Embedding_Integration/Data/Hindi_Female/wav/hi_f_weather_00577.wav	8.72
/home/vijay/Desktop/All_Files/ALL_TTS/DIS_Vector_Embedding_Integration/Data/Hindi_Female/wav/hi_f_education_02463.wav	4.528
/home/vijay/Desktop/All_Files/ALL_TTS/DIS_Vector_Embedding_Integration/Data/Hindi_Female/wav/hi_f_other_00338.wav	9.472
/home/vijay/Desktop/All_Files/ALL_TTS/DIS_Vector_Embedding_Integration/Data/Hindi_Female/wav/hi_f_education_02620.wav	6.496
/home/vijay/Desktop/All_Files/ALL_TTS/DIS_Vector_Embedding_Integration/Data/Hindi_Female/wav/hi_f_other_03499.wav	6.544
/home/vijay/Desktop/All_Files/ALL_TTS/DIS_Vector_Embedding_Integration/Data/Hindi_Female/wav/hi_f_weather_00661.wav	7.248
/home/vijay/Desktop/All_Files/ALL_TTS/DIS_Vector_Embedding_Integration/Data/Hindi_Female/wav/hi_f_agri_02223.wav	8.416
/home/vijay/Desktop/All_Files/ALL_TTS/DIS_Vector_Embedding_Integration/Data/Hindi_Female/wav/hi_f_books_06865.wav	8.56
/home/vijay/Desktop/All_Files/ALL_TTS/DIS_Vector_Embedding_Integration/Data/Hindi_Female/wav/hi_f_books_05353.wav	12.528
/home/vijay/Desktop/All_Files/ALL_TTS/DIS_Vector_Embedding_Integration/Data/Hindi_Female/wav/hi_f_weather_03334.wav	9.12
/home/vijay/Desktop/All_Files/ALL_TTS/DIS_Vector_Embedding_Integration/Data/Hindi_Female/wav/hi_f_other_02589.wav	7.12
/home/vijay/Desktop/All_Files/ALL_TTS/DIS_Vector_Embedding_Integration/Data/Hindi_Female/wav/hi_f_books_05026.wav	8.048
/home/vijay/Desktop/All_Files/ALL_TTS/DIS_Vector_Embedding_Integration/Data/Hindi_Female/wav/hi_f_books_04036.wav	8.752
/home/vijay/Desktop/All_Files/ALL_TTS/DIS_Vector_Embedding_Integration/Data/Hindi_Female/wav/hi_f_books_07037.wav	5.44
/home/vijay/Desktop/All_Files/ALL_TTS/DIS_Vector_Embedding_Integration/Data/Hindi_Female/wav/hi_f_books_02965.wav	9.6
/home/vijay/Desktop/All_Files/ALL_TTS/DIS_Vector_Embedding_Integration/Data/Hindi_Female/wav/hi_f_weather_00036.wav	9.2
/home/vijay/Desktop/All_Files/ALL_TTS/DIS_Vector_Embedding_Integration/Data/Hindi_Female/wav/hi_f_books_05028.wav	10.624
/home/vijay/Desktop/All_Files/ALL_TTS/DIS_Vector_Embedding_Integration/Data/Hindi_Female/wav/hi_f_books_00250.wav	5.968
/home/vijay/Desktop/All_Files/ALL_TTS/DIS_Vector_Embedding_Integration/Data/Hindi_Female/wav/hi_f_weather_00322.wav	8.144
/home/vijay/Desktop/All_Files/ALL_TTS/DIS_Vector_Embedding_Integration/Data/Hindi_Female/wav/hi_f_books_05563.wav	8.476
/home/vijay/Desktop/All_Files/ALL_TTS/DIS_Vector_Embedding_Integration/Data/Hindi_Female/wav/hi_f_other_02418.wav	5.104
/home/vijay/Desktop/All_Files/ALL_TTS/DIS_Vector_Embedding_Integration/Data/Hindi_Female/wav/hi_f_education_00737.wav	9.28
/home/vijay/Desktop/All_Files/ALL_TTS/DIS_Vector_Embedding_Integration/Data/Hindi_Female/wav/hi_f_books_04078.wav	8.608
/home/vijay/Desktop/All_Files/ALL_TTS/DIS_Vector_Embedding_Integration/Data/Hindi_Female/wav/hi_f_education_00638.wav	4.688
/home/vijay/Desktop/All_Files/ALL_TTS/DIS_Vector_Embedding_Integration/Data/Hindi_Female/wav/hi_f_other_05041.wav	8.736
/home/vijay/Desktop/All_Files/ALL_TTS/DIS_Vector_Embedding_Integration/Data/Hindi_Female/wav/hi_f_agri_02032.wav	10.592
/home/vijay/Desktop/All_Files/ALL_TTS/DIS_Vector_Embedding_Integration/Data/Hindi_Female/wav/hi_f_books_03243.wav	10.624
/home/vijay/Desktop/All_Files/ALL_TTS/DIS_Vector_Embedding_Integration/Data/Hindi_Female/wav/hi_f_education_01052.wav	6.56
/home/vijay/Desktop/All_Files/ALL_TTS/DIS_Vector_Embedding_Integration/Data/Hindi_Female/wav/hi_f_agri_01795.wav	8.464
/home/vijay/Desktop/All_Files/ALL_TTS/DIS_Vector_Embedding_Integration/Data/Hindi_Female/wav/hi_f_other_00187.wav	9.088
/home/vijay/Desktop/All_Files/ALL_TTS/DIS_Vector_Embedding_Integration/Data/Hindi_Female/wav/hi_f_education_00882.wav	7.52
/home/vijay/Desktop/All_Files/ALL_TTS/DIS_Vector_Embedding_Integration/Data/Hindi_Female/wav/hi_f_books_02798.wav	7.968
/home/vijay/Desktop/All_Files/ALL_TTS/DIS_Vector_Embedding_Integration/Data/Hindi_Female/wav/hi_f_books_03194.wav	8.048
/home/vijay/Desktop/All_Files/ALL_TTS/DIS_Vector_Embedding_Integration/Data/Hindi_Female/wav/hi_f_books_01862.wav	9.968
/home/vijay/Desktop/All_Files/ALL_TTS/DIS_Vector_Embedding_Integration/Data/Hindi_Female/wav/hi_f_agri_01053.wav	5.952
/home/vijay/Desktop/All_Files/ALL_TTS/DIS_Vector_Embedding_Integration/Data/Hindi_Female/wav/hi_f_weather_02397.wav	8.656
/home/vijay/Desktop/All_Files/ALL_TTS/DIS_Vector_Embedding_Integration/Data/Hindi_Female/wav/hi_f_weather_00783.wav	6.64
/home/vijay/Desktop/All_Files/ALL_TTS/DIS_Vector_Embedding_Integration/Data/Hindi_Female/wav/hi_f_books_04134.wav	7.136
/home/vijay/Desktop/All_Files/ALL_TTS/DIS_Vector_Embedding_Integration/Data/Hindi_Female/wav/hi_f_books_03943.wav	9.264
/home/vijay/Desktop/All_Files/ALL_TTS/DIS_Vector_Embedding_Integration/Data/Hindi_Female/wav/hi_f_agri_02381.wav	4.832
/home/vijay/Desktop/All_Files/ALL_TTS/DIS_Vector_Embedding_Integration/Data/Hindi_Female/wav/hi_f_other_00256.wav	8.704
/home/vijay/Desktop/All_Files/ALL_TTS/DIS_Vector_Embedding_Integration/Data/Hindi_Female/wav/hi_f_other_04510.wav	7.184
/home/vijay/Desktop/All_Files/ALL_TTS/DIS_Vector_Embedding_Integration/Data/Hindi_Female/wav/hi_f_other_02289.wav	7.104
/home/vijay/Desktop/All_Files/ALL_TTS/DIS_Vector_Embedding_Integration/Data/Hindi_Female/wav/hi_f_agri_01344.wav	5.024
/home/vijay/Desktop/All_Files/ALL_TTS/DIS_Vector_Embedding_Integration/Data/Hindi_Female/wav/hi_f_finance_01304.wav	7.632
/home/vijay/Desktop/All_Files/ALL_TTS/DIS_Vector_Embedding_Integration/Data/Hindi_Female/wav/hi_f_books_00622.wav	11.776
/home/vijay/Desktop/All_Files/ALL_TTS/DIS_Vector_Embedding_Integration/Data/Hindi_Female/wav/hi_f_finance_01818.wav	6.416
/home/vijay/Desktop/All_Files/ALL_TTS/DIS_Vector_Embedding_Integration/Data/Hindi_Female/wav/hi_f_agri_01016.wav	5.44
/home/vijay/Desktop/All_Files/ALL_TTS/DIS_Vector_Embedding_Integration/Data/Hindi_Female/wav/hi_f_books_02573.wav	5.664
/home/vijay/Desktop/All_Files/ALL_TTS/DIS_Vector_Embedding_Integration/Data/Hindi_Female/wav/hi_f_other_01860.wav	4.56
/home/vijay/Desktop/All_Files/ALL_TTS/DIS_Vector_Embedding_Integration/Data/Hindi_Female/wav/hi_f_books_01115.wav	5.152
/home/vijay/Desktop/All_Files/ALL_TTS/DIS_Vector_Embedding_Integration/Data/Hindi_Female/wav/hi_f_other_05094.wav	11.808
/home/vijay/Desktop/All_Files/ALL_TTS/DIS_Vector_Embedding_Integration/Data/Hindi_Female/wav/hi_f_books_05705.wav	6.32
/home/vijay/Desktop/All_Files/ALL_TTS/DIS_Vector_Embedding_Integration/Data/Hindi_Female/wav/hi_f_books_03769.wav	14.448
/home/vijay/Desktop/All_Files/ALL_TTS/DIS_Vector_Embedding_Integration/Data/Hindi_Female/wav/hi_f_other_03418.wav	5.408
/home/vijay/Desktop/All_Files/ALL_TTS/DIS_Vector_Embedding_Integration/Data/Hindi_Female/wav/hi_f_agri_01668.wav	5.392
/home/vijay/Desktop/All_Files/ALL_TTS/DIS_Vector_Embedding_Integration/Data/Hindi_Female/wav/hi_f_books_00040.wav	9.536
/home/vijay/Desktop/All_Files/ALL_TTS/DIS_Vector_Embedding_Integration/Data/Hindi_Female/wav/hi_f_finance_00550.wav	7.088
/home/vijay/Desktop/All_Files/ALL_TTS/DIS_Vector_Embedding_Integration/Data/Hindi_Female/wav/hi_f_other_00421.wav	5.968
/home/vijay/Desktop/All_Files/ALL_TTS/DIS_Vector_Embedding_Integration/Data/Hindi_Female/wav/hi_f_finance_00916.wav	6.16
/home/vijay/Desktop/All_Files/ALL_TTS/DIS_Vector_Embedding_Integration/Data/Hindi_Female/wav/hi_f_agri_00106.wav	4.912
/home/vijay/Desktop/All_Files/ALL_TTS/DIS_Vector_Embedding_Integration/Data/Hindi_Female/wav/hi_f_books_03379.wav	4.64
/home/vijay/Desktop/All_Files/ALL_TTS/DIS_Vector_Embedding_Integration/Data/Hindi_Female/wav/hi_f_weather_00042.wav	7.168
/home/vijay/Desktop/All_Files/ALL_TTS/DIS_Vector_Embedding_Integration/Data/Hindi_Female/wav/hi_f_books_01988.wav	7.76
/home/vijay/Desktop/All_Files/ALL_TTS/DIS_Vector_Embedding_Integration/Data/Hindi_Female/wav/hi_f_books_03946.wav	13.552
/home/vijay/Desktop/All_Files/ALL_TTS/DIS_Vector_Embedding_Integration/Data/Hindi_Female/wav/hi_f_education_01670.wav	9.968
/home/vijay/Desktop/All_Files/ALL_TTS/DIS_Vector_Embedding_Integration/Data/Hindi_Female/wav/hi_f_other_02817.wav	4.656
/home/vijay/Desktop/All_Files/ALL_TTS/DIS_Vector_Embedding_Integration/Data/Hindi_Female/wav/hi_f_weather_01962.wav	7.0626875
/home/vijay/Desktop/All_Files/ALL_TTS/DIS_Vector_Embedding_Integration/Data/Hindi_Female/wav/hi_f_weather_02625.wav	7.856
/home/vijay/Desktop/All_Files/ALL_TTS/DIS_Vector_Embedding_Integration/Data/Hindi_Female/wav/hi_f_books_05120.wav	7.04
/home/vijay/Desktop/All_Files/ALL_TTS/DIS_Vector_Embedding_Integration/Data/Hindi_Female/wav/hi_f_education_01344.wav	4.944
/home/vijay/Desktop/All_Files/ALL_TTS/DIS_Vector_Embedding_Integration/Data/Hindi_Female/wav/hi_f_weather_03243.wav	10.48
/home/vijay/Desktop/All_Files/ALL_TTS/DIS_Vector_Embedding_Integration/Data/Hindi_Female/wav/hi_f_books_01748.wav	7.584
/home/vijay/Desktop/All_Files/ALL_TTS/DIS_Vector_Embedding_Integration/Data/Hindi_Female/wav/hi_f_other_02327.wav	8.672
/home/vijay/Desktop/All_Files/ALL_TTS/DIS_Vector_Embedding_Integration/Data/Hindi_Female/wav/hi_f_other_01972.wav	3.92
/home/vijay/Desktop/All_Files/ALL_TTS/DIS_Vector_Embedding_Integration/Data/Hindi_Female/wav/hi_f_books_00085.wav	5.44
/home/vijay/Desktop/All_Files/ALL_TTS/DIS_Vector_Embedding_Integration/Data/Hindi_Female/wav/hi_f_books_01038.wav	14.384
/home/vijay/Desktop/All_Files/ALL_TTS/DIS_Vector_Embedding_Integration/Data/Hindi_Female/wav/hi_f_books_05773.wav	12.464
/home/vijay/Desktop/All_Files/ALL_TTS/DIS_Vector_Embedding_Integration/Data/Hindi_Female/wav/hi_f_other_00693.wav	8.48
/home/vijay/Desktop/All_Files/ALL_TTS/DIS_Vector_Embedding_Integration/Data/Hindi_Female/wav/hi_f_weather_02356.wav	6.448
/home/vijay/Desktop/All_Files/ALL_TTS/DIS_Vector_Embedding_Integration/Data/Hindi_Female/wav/hi_f_finance_00315.wav	4.448
