/home/vijay/Desktop/All_Files/ALL_TTS/DIS_Vector_Embedding_Integration/Data/Kannada_Male/wav/kn_m_books_02550.wav	9.392
/home/vijay/Desktop/All_Files/ALL_TTS/DIS_Vector_Embedding_Integration/Data/Kannada_Male/wav/kn_m_books_03233.wav	6.88
/home/vijay/Desktop/All_Files/ALL_TTS/DIS_Vector_Embedding_Integration/Data/Kannada_Male/wav/kn_m_books_00280.wav	12.288
/home/vijay/Desktop/All_Files/ALL_TTS/DIS_Vector_Embedding_Integration/Data/Kannada_Male/wav/kn_m_books_05705.wav	4.704
/home/vijay/Desktop/All_Files/ALL_TTS/DIS_Vector_Embedding_Integration/Data/Kannada_Male/wav/kn_m_books_05724.wav	6.064
/home/vijay/Desktop/All_Files/ALL_TTS/DIS_Vector_Embedding_Integration/Data/Kannada_Male/wav/kn_m_books_08373.wav	7.648
/home/vijay/Desktop/All_Files/ALL_TTS/DIS_Vector_Embedding_Integration/Data/Kannada_Male/wav/kn_m_other_00735.wav	11.872
/home/vijay/Desktop/All_Files/ALL_TTS/DIS_Vector_Embedding_Integration/Data/Kannada_Male/wav/kn_m_books_03875.wav	9.392
/home/vijay/Desktop/All_Files/ALL_TTS/DIS_Vector_Embedding_Integration/Data/Kannada_Male/wav/kn_m_books_02046.wav	11.824
/home/vijay/Desktop/All_Files/ALL_TTS/DIS_Vector_Embedding_Integration/Data/Kannada_Male/wav/kn_m_books_04806.wav	7.392
/home/vijay/Desktop/All_Files/ALL_TTS/DIS_Vector_Embedding_Integration/Data/Kannada_Male/wav/kn_m_books_04490.wav	8.832
/home/vijay/Desktop/All_Files/ALL_TTS/DIS_Vector_Embedding_Integration/Data/Kannada_Male/wav/kn_m_health_02039.wav	10.4
/home/vijay/Desktop/All_Files/ALL_TTS/DIS_Vector_Embedding_Integration/Data/Kannada_Male/wav/kn_m_books_09870.wav	4.176
/home/vijay/Desktop/All_Files/ALL_TTS/DIS_Vector_Embedding_Integration/Data/Kannada_Male/wav/kn_m_books_03685.wav	7.648
/home/vijay/Desktop/All_Files/ALL_TTS/DIS_Vector_Embedding_Integration/Data/Kannada_Male/wav/kn_m_books_05049.wav	5.808
/home/vijay/Desktop/All_Files/ALL_TTS/DIS_Vector_Embedding_Integration/Data/Kannada_Male/wav/kn_m_other_02074.wav	5.488
/home/vijay/Desktop/All_Files/ALL_TTS/DIS_Vector_Embedding_Integration/Data/Kannada_Male/wav/kn_m_books_08800.wav	4.544
/home/vijay/Desktop/All_Files/ALL_TTS/DIS_Vector_Embedding_Integration/Data/Kannada_Male/wav/kn_m_books_04387.wav	10.784
/home/vijay/Desktop/All_Files/ALL_TTS/DIS_Vector_Embedding_Integration/Data/Kannada_Male/wav/kn_m_general_02244.wav	13.568
/home/vijay/Desktop/All_Files/ALL_TTS/DIS_Vector_Embedding_Integration/Data/Kannada_Male/wav/kn_m_books_05329.wav	9.088
/home/vijay/Desktop/All_Files/ALL_TTS/DIS_Vector_Embedding_Integration/Data/Kannada_Male/wav/kn_m_books_00488.wav	9.648
/home/vijay/Desktop/All_Files/ALL_TTS/DIS_Vector_Embedding_Integration/Data/Kannada_Male/wav/kn_m_books_07028.wav	7.376
/home/vijay/Desktop/All_Files/ALL_TTS/DIS_Vector_Embedding_Integration/Data/Kannada_Male/wav/kn_m_books_04520.wav	7.808
/home/vijay/Desktop/All_Files/ALL_TTS/DIS_Vector_Embedding_Integration/Data/Kannada_Male/wav/kn_m_books_03088.wav	6.1406875
/home/vijay/Desktop/All_Files/ALL_TTS/DIS_Vector_Embedding_Integration/Data/Kannada_Male/wav/kn_m_books_05904.wav	7.488
/home/vijay/Desktop/All_Files/ALL_TTS/DIS_Vector_Embedding_Integration/Data/Kannada_Male/wav/kn_m_health_00500.wav	10.128
/home/vijay/Desktop/All_Files/ALL_TTS/DIS_Vector_Embedding_Integration/Data/Kannada_Male/wav/kn_m_weather_00429.wav	12.752
/home/vijay/Desktop/All_Files/ALL_TTS/DIS_Vector_Embedding_Integration/Data/Kannada_Male/wav/kn_m_books_03220.wav	4.88
/home/vijay/Desktop/All_Files/ALL_TTS/DIS_Vector_Embedding_Integration/Data/Kannada_Male/wav/kn_m_books_05387.wav	3.952
/home/vijay/Desktop/All_Files/ALL_TTS/DIS_Vector_Embedding_Integration/Data/Kannada_Male/wav/kn_m_books_04258.wav	4.528
/home/vijay/Desktop/All_Files/ALL_TTS/DIS_Vector_Embedding_Integration/Data/Kannada_Male/wav/kn_m_agri_00209.wav	12.24
/home/vijay/Desktop/All_Files/ALL_TTS/DIS_Vector_Embedding_Integration/Data/Kannada_Male/wav/kn_m_health_02283.wav	7.648
/home/vijay/Desktop/All_Files/ALL_TTS/DIS_Vector_Embedding_Integration/Data/Kannada_Male/wav/kn_m_other_02032.wav	9.76
/home/vijay/Desktop/All_Files/ALL_TTS/DIS_Vector_Embedding_Integration/Data/Kannada_Male/wav/kn_m_health_02055.wav	6.864
/home/vijay/Desktop/All_Files/ALL_TTS/DIS_Vector_Embedding_Integration/Data/Kannada_Male/wav/kn_m_books_02505.wav	4.848
/home/vijay/Desktop/All_Files/ALL_TTS/DIS_Vector_Embedding_Integration/Data/Kannada_Male/wav/kn_m_books_04220.wav	6.48
/home/vijay/Desktop/All_Files/ALL_TTS/DIS_Vector_Embedding_Integration/Data/Kannada_Male/wav/kn_m_general_00243.wav	4.928
/home/vijay/Desktop/All_Files/ALL_TTS/DIS_Vector_Embedding_Integration/Data/Kannada_Male/wav/kn_m_agri_00544.wav	11.52
/home/vijay/Desktop/All_Files/ALL_TTS/DIS_Vector_Embedding_Integration/Data/Kannada_Male/wav/kn_m_finance_00252.wav	6.88
/home/vijay/Desktop/All_Files/ALL_TTS/DIS_Vector_Embedding_Integration/Data/Kannada_Male/wav/kn_m_books_04802.wav	6.96
/home/vijay/Desktop/All_Files/ALL_TTS/DIS_Vector_Embedding_Integration/Data/Kannada_Male/wav/kn_m_books_03948.wav	6.16
/home/vijay/Desktop/All_Files/ALL_TTS/DIS_Vector_Embedding_Integration/Data/Kannada_Male/wav/kn_m_books_02028.wav	5.488
/home/vijay/Desktop/All_Files/ALL_TTS/DIS_Vector_Embedding_Integration/Data/Kannada_Male/wav/kn_m_health_02338.wav	7.712
/home/vijay/Desktop/All_Files/ALL_TTS/DIS_Vector_Embedding_Integration/Data/Kannada_Male/wav/kn_m_education_00944.wav	8.976
/home/vijay/Desktop/All_Files/ALL_TTS/DIS_Vector_Embedding_Integration/Data/Kannada_Male/wav/kn_m_books_00497.wav	5.328
/home/vijay/Desktop/All_Files/ALL_TTS/DIS_Vector_Embedding_Integration/Data/Kannada_Male/wav/kn_m_other_02378.wav	5.84
/home/vijay/Desktop/All_Files/ALL_TTS/DIS_Vector_Embedding_Integration/Data/Kannada_Male/wav/kn_m_books_08784.wav	7.04
/home/vijay/Desktop/All_Files/ALL_TTS/DIS_Vector_Embedding_Integration/Data/Kannada_Male/wav/kn_m_books_05744.wav	13.056
/home/vijay/Desktop/All_Files/ALL_TTS/DIS_Vector_Embedding_Integration/Data/Kannada_Male/wav/kn_m_books_02645.wav	5.52
/home/vijay/Desktop/All_Files/ALL_TTS/DIS_Vector_Embedding_Integration/Data/Kannada_Male/wav/kn_m_books_02300.wav	9.088
/home/vijay/Desktop/All_Files/ALL_TTS/DIS_Vector_Embedding_Integration/Data/Kannada_Male/wav/kn_m_books_02953.wav	6.672
/home/vijay/Desktop/All_Files/ALL_TTS/DIS_Vector_Embedding_Integration/Data/Kannada_Male/wav/kn_m_books_05380.wav	7.216
/home/vijay/Desktop/All_Files/ALL_TTS/DIS_Vector_Embedding_Integration/Data/Kannada_Male/wav/kn_m_books_08099.wav	5.568
/home/vijay/Desktop/All_Files/ALL_TTS/DIS_Vector_Embedding_Integration/Data/Kannada_Male/wav/kn_m_books_08624.wav	6.976
/home/vijay/Desktop/All_Files/ALL_TTS/DIS_Vector_Embedding_Integration/Data/Kannada_Male/wav/kn_m_education_00988.wav	5.872
/home/vijay/Desktop/All_Files/ALL_TTS/DIS_Vector_Embedding_Integration/Data/Kannada_Male/wav/kn_m_books_04580.wav	10.352
/home/vijay/Desktop/All_Files/ALL_TTS/DIS_Vector_Embedding_Integration/Data/Kannada_Male/wav/kn_m_finance_02068.wav	7.232
/home/vijay/Desktop/All_Files/ALL_TTS/DIS_Vector_Embedding_Integration/Data/Kannada_Male/wav/kn_m_general_02334.wav	6.768
/home/vijay/Desktop/All_Files/ALL_TTS/DIS_Vector_Embedding_Integration/Data/Kannada_Male/wav/kn_m_books_05880.wav	8.816
/home/vijay/Desktop/All_Files/ALL_TTS/DIS_Vector_Embedding_Integration/Data/Kannada_Male/wav/kn_m_health_00304.wav	5.648
/home/vijay/Desktop/All_Files/ALL_TTS/DIS_Vector_Embedding_Integration/Data/Kannada_Male/wav/kn_m_health_00498.wav	8.176
/home/vijay/Desktop/All_Files/ALL_TTS/DIS_Vector_Embedding_Integration/Data/Kannada_Male/wav/kn_m_books_05434.wav	6.384
/home/vijay/Desktop/All_Files/ALL_TTS/DIS_Vector_Embedding_Integration/Data/Kannada_Male/wav/kn_m_books_08678.wav	11.424
/home/vijay/Desktop/All_Files/ALL_TTS/DIS_Vector_Embedding_Integration/Data/Kannada_Male/wav/kn_m_books_08530.wav	6.848
/home/vijay/Desktop/All_Files/ALL_TTS/DIS_Vector_Embedding_Integration/Data/Kannada_Male/wav/kn_m_books_04024.wav	8.128
/home/vijay/Desktop/All_Files/ALL_TTS/DIS_Vector_Embedding_Integration/Data/Kannada_Male/wav/kn_m_weather_00495.wav	11.904
/home/vijay/Desktop/All_Files/ALL_TTS/DIS_Vector_Embedding_Integration/Data/Kannada_Male/wav/kn_m_books_08432.wav	4.608
/home/vijay/Desktop/All_Files/ALL_TTS/DIS_Vector_Embedding_Integration/Data/Kannada_Male/wav/kn_m_books_04568.wav	5.696
/home/vijay/Desktop/All_Files/ALL_TTS/DIS_Vector_Embedding_Integration/Data/Kannada_Male/wav/kn_m_books_02567.wav	9.184
/home/vijay/Desktop/All_Files/ALL_TTS/DIS_Vector_Embedding_Integration/Data/Kannada_Male/wav/kn_m_books_03654.wav	10.176
/home/vijay/Desktop/All_Files/ALL_TTS/DIS_Vector_Embedding_Integration/Data/Kannada_Male/wav/kn_m_books_05842.wav	6.096
/home/vijay/Desktop/All_Files/ALL_TTS/DIS_Vector_Embedding_Integration/Data/Kannada_Male/wav/kn_m_books_00464.wav	10.288
/home/vijay/Desktop/All_Files/ALL_TTS/DIS_Vector_Embedding_Integration/Data/Kannada_Male/wav/kn_m_books_08857.wav	5.76
/home/vijay/Desktop/All_Files/ALL_TTS/DIS_Vector_Embedding_Integration/Data/Kannada_Male/wav/kn_m_other_00325.wav	8.896
/home/vijay/Desktop/All_Files/ALL_TTS/DIS_Vector_Embedding_Integration/Data/Kannada_Male/wav/kn_m_books_04869.wav	7.328
/home/vijay/Desktop/All_Files/ALL_TTS/DIS_Vector_Embedding_Integration/Data/Kannada_Male/wav/kn_m_books_06048.wav	5.92
/home/vijay/Desktop/All_Files/ALL_TTS/DIS_Vector_Embedding_Integration/Data/Kannada_Male/wav/kn_m_general_00420.wav	6.448
/home/vijay/Desktop/All_Files/ALL_TTS/DIS_Vector_Embedding_Integration/Data/Kannada_Male/wav/kn_m_health_00284.wav	8.992
/home/vijay/Desktop/All_Files/ALL_TTS/DIS_Vector_Embedding_Integration/Data/Kannada_Male/wav/kn_m_books_05505.wav	6.464
/home/vijay/Desktop/All_Files/ALL_TTS/DIS_Vector_Embedding_Integration/Data/Kannada_Male/wav/kn_m_health_00552.wav	10.928
/home/vijay/Desktop/All_Files/ALL_TTS/DIS_Vector_Embedding_Integration/Data/Kannada_Male/wav/kn_m_agri_02034.wav	8.768
/home/vijay/Desktop/All_Files/ALL_TTS/DIS_Vector_Embedding_Integration/Data/Kannada_Male/wav/kn_m_books_04684.wav	9.68
/home/vijay/Desktop/All_Files/ALL_TTS/DIS_Vector_Embedding_Integration/Data/Kannada_Male/wav/kn_m_books_02002.wav	12.8
/home/vijay/Desktop/All_Files/ALL_TTS/DIS_Vector_Embedding_Integration/Data/Kannada_Male/wav/kn_m_agri_00735.wav	10.48
/home/vijay/Desktop/All_Files/ALL_TTS/DIS_Vector_Embedding_Integration/Data/Kannada_Male/wav/kn_m_books_08305.wav	5.152
/home/vijay/Desktop/All_Files/ALL_TTS/DIS_Vector_Embedding_Integration/Data/Kannada_Male/wav/kn_m_books_08578.wav	5.856
/home/vijay/Desktop/All_Files/ALL_TTS/DIS_Vector_Embedding_Integration/Data/Kannada_Male/wav/kn_m_books_04082.wav	6.192
/home/vijay/Desktop/All_Files/ALL_TTS/DIS_Vector_Embedding_Integration/Data/Kannada_Male/wav/kn_m_health_00053.wav	13.84
/home/vijay/Desktop/All_Files/ALL_TTS/DIS_Vector_Embedding_Integration/Data/Kannada_Male/wav/kn_m_books_03342.wav	6.224
/home/vijay/Desktop/All_Files/ALL_TTS/DIS_Vector_Embedding_Integration/Data/Kannada_Male/wav/kn_m_books_05099.wav	5.648
/home/vijay/Desktop/All_Files/ALL_TTS/DIS_Vector_Embedding_Integration/Data/Kannada_Male/wav/kn_m_books_04034.wav	4.4
/home/vijay/Desktop/All_Files/ALL_TTS/DIS_Vector_Embedding_Integration/Data/Kannada_Male/wav/kn_m_books_05242.wav	3.392
/home/vijay/Desktop/All_Files/ALL_TTS/DIS_Vector_Embedding_Integration/Data/Kannada_Male/wav/kn_m_books_05347.wav	8.848
/home/vijay/Desktop/All_Files/ALL_TTS/DIS_Vector_Embedding_Integration/Data/Kannada_Male/wav/kn_m_health_00094.wav	6.848
/home/vijay/Desktop/All_Files/ALL_TTS/DIS_Vector_Embedding_Integration/Data/Kannada_Male/wav/kn_m_books_05725.wav	10.08
/home/vijay/Desktop/All_Files/ALL_TTS/DIS_Vector_Embedding_Integration/Data/Kannada_Male/wav/kn_m_agri_00446.wav	7.76
/home/vijay/Desktop/All_Files/ALL_TTS/DIS_Vector_Embedding_Integration/Data/Kannada_Male/wav/kn_m_health_00585.wav	6.752
/home/vijay/Desktop/All_Files/ALL_TTS/DIS_Vector_Embedding_Integration/Data/Kannada_Male/wav/kn_m_books_02454.wav	6.8
/home/vijay/Desktop/All_Files/ALL_TTS/DIS_Vector_Embedding_Integration/Data/Kannada_Male/wav/kn_m_books_02754.wav	7.392
/home/vijay/Desktop/All_Files/ALL_TTS/DIS_Vector_Embedding_Integration/Data/Kannada_Male/wav/kn_m_general_02058.wav	5.744
/home/vijay/Desktop/All_Files/ALL_TTS/DIS_Vector_Embedding_Integration/Data/Kannada_Male/wav/kn_m_agri_02020.wav	7.968
/home/vijay/Desktop/All_Files/ALL_TTS/DIS_Vector_Embedding_Integration/Data/Kannada_Male/wav/kn_m_books_02549.wav	7.776
/home/vijay/Desktop/All_Files/ALL_TTS/DIS_Vector_Embedding_Integration/Data/Kannada_Male/wav/kn_m_books_09540.wav	9.056
/home/vijay/Desktop/All_Files/ALL_TTS/DIS_Vector_Embedding_Integration/Data/Kannada_Male/wav/kn_m_weather_00372.wav	10.752
/home/vijay/Desktop/All_Files/ALL_TTS/DIS_Vector_Embedding_Integration/Data/Kannada_Male/wav/kn_m_books_05035.wav	6.176
/home/vijay/Desktop/All_Files/ALL_TTS/DIS_Vector_Embedding_Integration/Data/Kannada_Male/wav/kn_m_other_00548.wav	8.848
/home/vijay/Desktop/All_Files/ALL_TTS/DIS_Vector_Embedding_Integration/Data/Kannada_Male/wav/kn_m_weather_00480.wav	9.344
/home/vijay/Desktop/All_Files/ALL_TTS/DIS_Vector_Embedding_Integration/Data/Kannada_Male/wav/kn_m_agri_00358.wav	7.52
/home/vijay/Desktop/All_Files/ALL_TTS/DIS_Vector_Embedding_Integration/Data/Kannada_Male/wav/kn_m_weather_00557.wav	5.408
/home/vijay/Desktop/All_Files/ALL_TTS/DIS_Vector_Embedding_Integration/Data/Kannada_Male/wav/kn_m_general_02089.wav	6.992
/home/vijay/Desktop/All_Files/ALL_TTS/DIS_Vector_Embedding_Integration/Data/Kannada_Male/wav/kn_m_books_03445.wav	4.912
/home/vijay/Desktop/All_Files/ALL_TTS/DIS_Vector_Embedding_Integration/Data/Kannada_Male/wav/kn_m_finance_00568.wav	12.32
/home/vijay/Desktop/All_Files/ALL_TTS/DIS_Vector_Embedding_Integration/Data/Kannada_Male/wav/kn_m_books_08734.wav	8.64
/home/vijay/Desktop/All_Files/ALL_TTS/DIS_Vector_Embedding_Integration/Data/Kannada_Male/wav/kn_m_finance_00455.wav	8.368
/home/vijay/Desktop/All_Files/ALL_TTS/DIS_Vector_Embedding_Integration/Data/Kannada_Male/wav/kn_m_books_06485.wav	11.568
/home/vijay/Desktop/All_Files/ALL_TTS/DIS_Vector_Embedding_Integration/Data/Kannada_Male/wav/kn_m_finance_00059.wav	12.512
/home/vijay/Desktop/All_Files/ALL_TTS/DIS_Vector_Embedding_Integration/Data/Kannada_Male/wav/kn_m_general_00527.wav	7.04
/home/vijay/Desktop/All_Files/ALL_TTS/DIS_Vector_Embedding_Integration/Data/Kannada_Male/wav/kn_m_books_08388.wav	10.384
/home/vijay/Desktop/All_Files/ALL_TTS/DIS_Vector_Embedding_Integration/Data/Kannada_Male/wav/kn_m_books_05807.wav	3.632
/home/vijay/Desktop/All_Files/ALL_TTS/DIS_Vector_Embedding_Integration/Data/Kannada_Male/wav/kn_m_other_00247.wav	9.376
/home/vijay/Desktop/All_Files/ALL_TTS/DIS_Vector_Embedding_Integration/Data/Kannada_Male/wav/kn_m_weather_00290.wav	7.456
/home/vijay/Desktop/All_Files/ALL_TTS/DIS_Vector_Embedding_Integration/Data/Kannada_Male/wav/kn_m_health_02343.wav	7.12
/home/vijay/Desktop/All_Files/ALL_TTS/DIS_Vector_Embedding_Integration/Data/Kannada_Male/wav/kn_m_books_02593.wav	4.464
/home/vijay/Desktop/All_Files/ALL_TTS/DIS_Vector_Embedding_Integration/Data/Kannada_Male/wav/kn_m_books_04438.wav	7.408
/home/vijay/Desktop/All_Files/ALL_TTS/DIS_Vector_Embedding_Integration/Data/Kannada_Male/wav/kn_m_books_06825.wav	6.496
/home/vijay/Desktop/All_Files/ALL_TTS/DIS_Vector_Embedding_Integration/Data/Kannada_Male/wav/kn_m_books_04597.wav	12.56
/home/vijay/Desktop/All_Files/ALL_TTS/DIS_Vector_Embedding_Integration/Data/Kannada_Male/wav/kn_m_books_02585.wav	8.128
/home/vijay/Desktop/All_Files/ALL_TTS/DIS_Vector_Embedding_Integration/Data/Kannada_Male/wav/kn_m_finance_00483.wav	7.424
/home/vijay/Desktop/All_Files/ALL_TTS/DIS_Vector_Embedding_Integration/Data/Kannada_Male/wav/kn_m_books_02985.wav	4.896
/home/vijay/Desktop/All_Files/ALL_TTS/DIS_Vector_Embedding_Integration/Data/Kannada_Male/wav/kn_m_other_00549.wav	11.472
/home/vijay/Desktop/All_Files/ALL_TTS/DIS_Vector_Embedding_Integration/Data/Kannada_Male/wav/kn_m_general_00382.wav	11.648
/home/vijay/Desktop/All_Files/ALL_TTS/DIS_Vector_Embedding_Integration/Data/Kannada_Male/wav/kn_m_agri_00200.wav	8.864
/home/vijay/Desktop/All_Files/ALL_TTS/DIS_Vector_Embedding_Integration/Data/Kannada_Male/wav/kn_m_books_08680.wav	6.816
/home/vijay/Desktop/All_Files/ALL_TTS/DIS_Vector_Embedding_Integration/Data/Kannada_Male/wav/kn_m_books_08047.wav	6.544
/home/vijay/Desktop/All_Files/ALL_TTS/DIS_Vector_Embedding_Integration/Data/Kannada_Male/wav/kn_m_books_09945.wav	4.64
/home/vijay/Desktop/All_Files/ALL_TTS/DIS_Vector_Embedding_Integration/Data/Kannada_Male/wav/kn_m_health_00704.wav	7.632
/home/vijay/Desktop/All_Files/ALL_TTS/DIS_Vector_Embedding_Integration/Data/Kannada_Male/wav/kn_m_books_02900.wav	4.784
/home/vijay/Desktop/All_Files/ALL_TTS/DIS_Vector_Embedding_Integration/Data/Kannada_Male/wav/kn_m_books_03204.wav	8.768
/home/vijay/Desktop/All_Files/ALL_TTS/DIS_Vector_Embedding_Integration/Data/Kannada_Male/wav/kn_m_books_03547.wav	5.168
/home/vijay/Desktop/All_Files/ALL_TTS/DIS_Vector_Embedding_Integration/Data/Kannada_Male/wav/kn_m_books_06348.wav	3.808
/home/vijay/Desktop/All_Files/ALL_TTS/DIS_Vector_Embedding_Integration/Data/Kannada_Male/wav/kn_m_health_00598.wav	8.336
/home/vijay/Desktop/All_Files/ALL_TTS/DIS_Vector_Embedding_Integration/Data/Kannada_Male/wav/kn_m_other_00888.wav	5.376
/home/vijay/Desktop/All_Files/ALL_TTS/DIS_Vector_Embedding_Integration/Data/Kannada_Male/wav/kn_m_books_07865.wav	3.088
/home/vijay/Desktop/All_Files/ALL_TTS/DIS_Vector_Embedding_Integration/Data/Kannada_Male/wav/kn_m_books_08645.wav	7.952
/home/vijay/Desktop/All_Files/ALL_TTS/DIS_Vector_Embedding_Integration/Data/Kannada_Male/wav/kn_m_weather_02020.wav	6.4
/home/vijay/Desktop/All_Files/ALL_TTS/DIS_Vector_Embedding_Integration/Data/Kannada_Male/wav/kn_m_books_00548.wav	8.736
/home/vijay/Desktop/All_Files/ALL_TTS/DIS_Vector_Embedding_Integration/Data/Kannada_Male/wav/kn_m_books_07025.wav	7.472
/home/vijay/Desktop/All_Files/ALL_TTS/DIS_Vector_Embedding_Integration/Data/Kannada_Male/wav/kn_m_books_05559.wav	4.368
/home/vijay/Desktop/All_Files/ALL_TTS/DIS_Vector_Embedding_Integration/Data/Kannada_Male/wav/kn_m_health_00575.wav	8.288
/home/vijay/Desktop/All_Files/ALL_TTS/DIS_Vector_Embedding_Integration/Data/Kannada_Male/wav/kn_m_books_02075.wav	5.584
/home/vijay/Desktop/All_Files/ALL_TTS/DIS_Vector_Embedding_Integration/Data/Kannada_Male/wav/kn_m_books_08594.wav	10.128
/home/vijay/Desktop/All_Files/ALL_TTS/DIS_Vector_Embedding_Integration/Data/Kannada_Male/wav/kn_m_books_00480.wav	9.856
/home/vijay/Desktop/All_Files/ALL_TTS/DIS_Vector_Embedding_Integration/Data/Kannada_Male/wav/kn_m_books_04203.wav	5.76
/home/vijay/Desktop/All_Files/ALL_TTS/DIS_Vector_Embedding_Integration/Data/Kannada_Male/wav/kn_m_evaluation_00045.wav	3.376
/home/vijay/Desktop/All_Files/ALL_TTS/DIS_Vector_Embedding_Integration/Data/Kannada_Male/wav/kn_m_books_03008.wav	9.68
/home/vijay/Desktop/All_Files/ALL_TTS/DIS_Vector_Embedding_Integration/Data/Kannada_Male/wav/kn_m_books_05457.wav	2.688
/home/vijay/Desktop/All_Files/ALL_TTS/DIS_Vector_Embedding_Integration/Data/Kannada_Male/wav/kn_m_other_02005.wav	5.824
/home/vijay/Desktop/All_Files/ALL_TTS/DIS_Vector_Embedding_Integration/Data/Kannada_Male/wav/kn_m_books_04845.wav	7.744
/home/vijay/Desktop/All_Files/ALL_TTS/DIS_Vector_Embedding_Integration/Data/Kannada_Male/wav/kn_m_books_03426.wav	6.4
/home/vijay/Desktop/All_Files/ALL_TTS/DIS_Vector_Embedding_Integration/Data/Kannada_Male/wav/kn_m_books_02032.wav	2.992
/home/vijay/Desktop/All_Files/ALL_TTS/DIS_Vector_Embedding_Integration/Data/Kannada_Male/wav/kn_m_books_02903.wav	6.256
/home/vijay/Desktop/All_Files/ALL_TTS/DIS_Vector_Embedding_Integration/Data/Kannada_Male/wav/kn_m_weather_00202.wav	11.008
/home/vijay/Desktop/All_Files/ALL_TTS/DIS_Vector_Embedding_Integration/Data/Kannada_Male/wav/kn_m_books_00032.wav	10.56
/home/vijay/Desktop/All_Files/ALL_TTS/DIS_Vector_Embedding_Integration/Data/Kannada_Male/wav/kn_m_general_00292.wav	5.616
/home/vijay/Desktop/All_Files/ALL_TTS/DIS_Vector_Embedding_Integration/Data/Kannada_Male/wav/kn_m_health_02005.wav	8.656
/home/vijay/Desktop/All_Files/ALL_TTS/DIS_Vector_Embedding_Integration/Data/Kannada_Male/wav/kn_m_books_03843.wav	4.112
/home/vijay/Desktop/All_Files/ALL_TTS/DIS_Vector_Embedding_Integration/Data/Kannada_Male/wav/kn_m_books_08833.wav	6.048
/home/vijay/Desktop/All_Files/ALL_TTS/DIS_Vector_Embedding_Integration/Data/Kannada_Male/wav/kn_m_books_03045.wav	4.752
/home/vijay/Desktop/All_Files/ALL_TTS/DIS_Vector_Embedding_Integration/Data/Kannada_Male/wav/kn_m_other_00032.wav	12.736
/home/vijay/Desktop/All_Files/ALL_TTS/DIS_Vector_Embedding_Integration/Data/Kannada_Male/wav/kn_m_finance_00305.wav	7.392
/home/vijay/Desktop/All_Files/ALL_TTS/DIS_Vector_Embedding_Integration/Data/Kannada_Male/wav/kn_m_general_00402.wav	11.072
/home/vijay/Desktop/All_Files/ALL_TTS/DIS_Vector_Embedding_Integration/Data/Kannada_Male/wav/kn_m_agri_00820.wav	6.688
/home/vijay/Desktop/All_Files/ALL_TTS/DIS_Vector_Embedding_Integration/Data/Kannada_Male/wav/kn_m_books_03543.wav	6.736
/home/vijay/Desktop/All_Files/ALL_TTS/DIS_Vector_Embedding_Integration/Data/Kannada_Male/wav/kn_m_books_04707.wav	8.016
/home/vijay/Desktop/All_Files/ALL_TTS/DIS_Vector_Embedding_Integration/Data/Kannada_Male/wav/kn_m_books_08904.wav	8.752
/home/vijay/Desktop/All_Files/ALL_TTS/DIS_Vector_Embedding_Integration/Data/Kannada_Male/wav/kn_m_books_02870.wav	7.392
/home/vijay/Desktop/All_Files/ALL_TTS/DIS_Vector_Embedding_Integration/Data/Kannada_Male/wav/kn_m_books_05895.wav	4.88
/home/vijay/Desktop/All_Files/ALL_TTS/DIS_Vector_Embedding_Integration/Data/Kannada_Male/wav/kn_m_books_09904.wav	8.816
/home/vijay/Desktop/All_Files/ALL_TTS/DIS_Vector_Embedding_Integration/Data/Kannada_Male/wav/kn_m_books_00572.wav	12.176
/home/vijay/Desktop/All_Files/ALL_TTS/DIS_Vector_Embedding_Integration/Data/Kannada_Male/wav/kn_m_agri_00495.wav	10.544
/home/vijay/Desktop/All_Files/ALL_TTS/DIS_Vector_Embedding_Integration/Data/Kannada_Male/wav/kn_m_books_00372.wav	8.88
/home/vijay/Desktop/All_Files/ALL_TTS/DIS_Vector_Embedding_Integration/Data/Kannada_Male/wav/kn_m_finance_00025.wav	11.072
/home/vijay/Desktop/All_Files/ALL_TTS/DIS_Vector_Embedding_Integration/Data/Kannada_Male/wav/kn_m_other_02040.wav	6.24
/home/vijay/Desktop/All_Files/ALL_TTS/DIS_Vector_Embedding_Integration/Data/Kannada_Male/wav/kn_m_books_04675.wav	9.776
/home/vijay/Desktop/All_Files/ALL_TTS/DIS_Vector_Embedding_Integration/Data/Kannada_Male/wav/kn_m_books_04808.wav	7.2
/home/vijay/Desktop/All_Files/ALL_TTS/DIS_Vector_Embedding_Integration/Data/Kannada_Male/wav/kn_m_books_00047.wav	8.592
/home/vijay/Desktop/All_Files/ALL_TTS/DIS_Vector_Embedding_Integration/Data/Kannada_Male/wav/kn_m_books_02730.wav	6.16
/home/vijay/Desktop/All_Files/ALL_TTS/DIS_Vector_Embedding_Integration/Data/Kannada_Male/wav/kn_m_health_00577.wav	10.016
/home/vijay/Desktop/All_Files/ALL_TTS/DIS_Vector_Embedding_Integration/Data/Kannada_Male/wav/kn_m_other_02200.wav	7.568
/home/vijay/Desktop/All_Files/ALL_TTS/DIS_Vector_Embedding_Integration/Data/Kannada_Male/wav/kn_m_finance_00084.wav	6.976
/home/vijay/Desktop/All_Files/ALL_TTS/DIS_Vector_Embedding_Integration/Data/Kannada_Male/wav/kn_m_books_02648.wav	7.2
/home/vijay/Desktop/All_Files/ALL_TTS/DIS_Vector_Embedding_Integration/Data/Kannada_Male/wav/kn_m_books_03387.wav	6.096
/home/vijay/Desktop/All_Files/ALL_TTS/DIS_Vector_Embedding_Integration/Data/Kannada_Male/wav/kn_m_agri_00095.wav	10.4
/home/vijay/Desktop/All_Files/ALL_TTS/DIS_Vector_Embedding_Integration/Data/Kannada_Male/wav/kn_m_finance_00530.wav	7.552
/home/vijay/Desktop/All_Files/ALL_TTS/DIS_Vector_Embedding_Integration/Data/Kannada_Male/wav/kn_m_general_00359.wav	7.344
/home/vijay/Desktop/All_Files/ALL_TTS/DIS_Vector_Embedding_Integration/Data/Kannada_Male/wav/kn_m_books_02523.wav	5.872
/home/vijay/Desktop/All_Files/ALL_TTS/DIS_Vector_Embedding_Integration/Data/Kannada_Male/wav/kn_m_books_03234.wav	5.376
/home/vijay/Desktop/All_Files/ALL_TTS/DIS_Vector_Embedding_Integration/Data/Kannada_Male/wav/kn_m_books_07820.wav	8.848
/home/vijay/Desktop/All_Files/ALL_TTS/DIS_Vector_Embedding_Integration/Data/Kannada_Male/wav/kn_m_books_continuous_02000.wav	5.904
/home/vijay/Desktop/All_Files/ALL_TTS/DIS_Vector_Embedding_Integration/Data/Kannada_Male/wav/kn_m_books_05878.wav	8.496
/home/vijay/Desktop/All_Files/ALL_TTS/DIS_Vector_Embedding_Integration/Data/Kannada_Male/wav/kn_m_general_00554.wav	6.784
/home/vijay/Desktop/All_Files/ALL_TTS/DIS_Vector_Embedding_Integration/Data/Kannada_Male/wav/kn_m_books_06447.wav	6.256
/home/vijay/Desktop/All_Files/ALL_TTS/DIS_Vector_Embedding_Integration/Data/Kannada_Male/wav/kn_m_books_05943.wav	9.424
/home/vijay/Desktop/All_Files/ALL_TTS/DIS_Vector_Embedding_Integration/Data/Kannada_Male/wav/kn_m_health_00204.wav	6.464
/home/vijay/Desktop/All_Files/ALL_TTS/DIS_Vector_Embedding_Integration/Data/Kannada_Male/wav/kn_m_health_00457.wav	11.184
/home/vijay/Desktop/All_Files/ALL_TTS/DIS_Vector_Embedding_Integration/Data/Kannada_Male/wav/kn_m_books_05524.wav	5.968
/home/vijay/Desktop/All_Files/ALL_TTS/DIS_Vector_Embedding_Integration/Data/Kannada_Male/wav/kn_m_books_04094.wav	7.504
/home/vijay/Desktop/All_Files/ALL_TTS/DIS_Vector_Embedding_Integration/Data/Kannada_Male/wav/kn_m_books_04582.wav	9.392
/home/vijay/Desktop/All_Files/ALL_TTS/DIS_Vector_Embedding_Integration/Data/Kannada_Male/wav/kn_m_books_02404.wav	7.888
/home/vijay/Desktop/All_Files/ALL_TTS/DIS_Vector_Embedding_Integration/Data/Kannada_Male/wav/kn_m_health_00254.wav	9.552
/home/vijay/Desktop/All_Files/ALL_TTS/DIS_Vector_Embedding_Integration/Data/Kannada_Male/wav/kn_m_books_05445.wav	5.504
/home/vijay/Desktop/All_Files/ALL_TTS/DIS_Vector_Embedding_Integration/Data/Kannada_Male/wav/kn_m_books_04642.wav	4.016
/home/vijay/Desktop/All_Files/ALL_TTS/DIS_Vector_Embedding_Integration/Data/Kannada_Male/wav/kn_m_books_08632.wav	13.264
/home/vijay/Desktop/All_Files/ALL_TTS/DIS_Vector_Embedding_Integration/Data/Kannada_Male/wav/kn_m_books_05599.wav	8.48
/home/vijay/Desktop/All_Files/ALL_TTS/DIS_Vector_Embedding_Integration/Data/Kannada_Male/wav/kn_m_books_09583.wav	6.08
/home/vijay/Desktop/All_Files/ALL_TTS/DIS_Vector_Embedding_Integration/Data/Kannada_Male/wav/kn_m_books_09550.wav	5.216
/home/vijay/Desktop/All_Files/ALL_TTS/DIS_Vector_Embedding_Integration/Data/Kannada_Male/wav/kn_m_weather_00548.wav	13.584
/home/vijay/Desktop/All_Files/ALL_TTS/DIS_Vector_Embedding_Integration/Data/Kannada_Male/wav/kn_m_weather_00527.wav	7.248
/home/vijay/Desktop/All_Files/ALL_TTS/DIS_Vector_Embedding_Integration/Data/Kannada_Male/wav/kn_m_books_03028.wav	10.928
/home/vijay/Desktop/All_Files/ALL_TTS/DIS_Vector_Embedding_Integration/Data/Kannada_Male/wav/kn_m_education_00059.wav	13.36
/home/vijay/Desktop/All_Files/ALL_TTS/DIS_Vector_Embedding_Integration/Data/Kannada_Male/wav/kn_m_books_03755.wav	3.888
/home/vijay/Desktop/All_Files/ALL_TTS/DIS_Vector_Embedding_Integration/Data/Kannada_Male/wav/kn_m_books_continuous_00950.wav	11.92
/home/vijay/Desktop/All_Files/ALL_TTS/DIS_Vector_Embedding_Integration/Data/Kannada_Male/wav/kn_m_books_04332.wav	6.784
/home/vijay/Desktop/All_Files/ALL_TTS/DIS_Vector_Embedding_Integration/Data/Kannada_Male/wav/kn_m_health_02255.wav	12.064
