/home/vijay/Desktop/All_Files/ALL_TTS/DIS_Vector_Embedding_Integration/Data/Kannada_Female/wav/kn_f_books_03653.wav	6.992
/home/vijay/Desktop/All_Files/ALL_TTS/DIS_Vector_Embedding_Integration/Data/Kannada_Female/wav/kn_f_books_05877.wav	10.272
/home/vijay/Desktop/All_Files/ALL_TTS/DIS_Vector_Embedding_Integration/Data/Kannada_Female/wav/kn_f_weather_00856.wav	9.712
/home/vijay/Desktop/All_Files/ALL_TTS/DIS_Vector_Embedding_Integration/Data/Kannada_Female/wav/kn_f_general_01302.wav	10.96
/home/vijay/Desktop/All_Files/ALL_TTS/DIS_Vector_Embedding_Integration/Data/Kannada_Female/wav/kn_f_books_03208.wav	10.96
/home/vijay/Desktop/All_Files/ALL_TTS/DIS_Vector_Embedding_Integration/Data/Kannada_Female/wav/kn_f_weather_00837.wav	12.912
/home/vijay/Desktop/All_Files/ALL_TTS/DIS_Vector_Embedding_Integration/Data/Kannada_Female/wav/kn_f_books_06565.wav	7.872
/home/vijay/Desktop/All_Files/ALL_TTS/DIS_Vector_Embedding_Integration/Data/Kannada_Female/wav/kn_f_books_05755.wav	9.1804375
/home/vijay/Desktop/All_Files/ALL_TTS/DIS_Vector_Embedding_Integration/Data/Kannada_Female/wav/kn_f_politics_00653.wav	10.48
/home/vijay/Desktop/All_Files/ALL_TTS/DIS_Vector_Embedding_Integration/Data/Kannada_Female/wav/kn_f_evaluation_00033.wav	5.328
/home/vijay/Desktop/All_Files/ALL_TTS/DIS_Vector_Embedding_Integration/Data/Kannada_Female/wav/kn_f_books_05063.wav	5.84
/home/vijay/Desktop/All_Files/ALL_TTS/DIS_Vector_Embedding_Integration/Data/Kannada_Female/wav/kn_f_books_03517.wav	5.216
/home/vijay/Desktop/All_Files/ALL_TTS/DIS_Vector_Embedding_Integration/Data/Kannada_Female/wav/kn_f_books_03067.wav	8.928
/home/vijay/Desktop/All_Files/ALL_TTS/DIS_Vector_Embedding_Integration/Data/Kannada_Female/wav/kn_f_books_04635.wav	6.112
/home/vijay/Desktop/All_Files/ALL_TTS/DIS_Vector_Embedding_Integration/Data/Kannada_Female/wav/kn_f_general_00387.wav	9.344
/home/vijay/Desktop/All_Files/ALL_TTS/DIS_Vector_Embedding_Integration/Data/Kannada_Female/wav/kn_f_evaluation_00382.wav	10.976
/home/vijay/Desktop/All_Files/ALL_TTS/DIS_Vector_Embedding_Integration/Data/Kannada_Female/wav/kn_f_books_03354.wav	10.528
/home/vijay/Desktop/All_Files/ALL_TTS/DIS_Vector_Embedding_Integration/Data/Kannada_Female/wav/kn_f_agri_02065.wav	9.84
/home/vijay/Desktop/All_Files/ALL_TTS/DIS_Vector_Embedding_Integration/Data/Kannada_Female/wav/kn_f_books_03353.wav	13.712
/home/vijay/Desktop/All_Files/ALL_TTS/DIS_Vector_Embedding_Integration/Data/Kannada_Female/wav/kn_f_books_03666.wav	6.608
/home/vijay/Desktop/All_Files/ALL_TTS/DIS_Vector_Embedding_Integration/Data/Kannada_Female/wav/kn_f_finance_01023.wav	14.4
/home/vijay/Desktop/All_Files/ALL_TTS/DIS_Vector_Embedding_Integration/Data/Kannada_Female/wav/kn_f_books_06053.wav	6.224
/home/vijay/Desktop/All_Files/ALL_TTS/DIS_Vector_Embedding_Integration/Data/Kannada_Female/wav/kn_f_general_00683.wav	9.216
/home/vijay/Desktop/All_Files/ALL_TTS/DIS_Vector_Embedding_Integration/Data/Kannada_Female/wav/kn_f_books_06236.wav	6.352
/home/vijay/Desktop/All_Files/ALL_TTS/DIS_Vector_Embedding_Integration/Data/Kannada_Female/wav/kn_f_education_00346.wav	11.584
/home/vijay/Desktop/All_Files/ALL_TTS/DIS_Vector_Embedding_Integration/Data/Kannada_Female/wav/kn_f_weather_00783.wav	8.88
/home/vijay/Desktop/All_Files/ALL_TTS/DIS_Vector_Embedding_Integration/Data/Kannada_Female/wav/kn_f_books_04093.wav	4.176
/home/vijay/Desktop/All_Files/ALL_TTS/DIS_Vector_Embedding_Integration/Data/Kannada_Female/wav/kn_f_books_03592.wav	11.904
/home/vijay/Desktop/All_Files/ALL_TTS/DIS_Vector_Embedding_Integration/Data/Kannada_Female/wav/kn_f_books_04376.wav	11.456
/home/vijay/Desktop/All_Files/ALL_TTS/DIS_Vector_Embedding_Integration/Data/Kannada_Female/wav/kn_f_agri_00358.wav	6.816
/home/vijay/Desktop/All_Files/ALL_TTS/DIS_Vector_Embedding_Integration/Data/Kannada_Female/wav/kn_f_health_02262.wav	10.128
/home/vijay/Desktop/All_Files/ALL_TTS/DIS_Vector_Embedding_Integration/Data/Kannada_Female/wav/kn_f_books_02538.wav	8.064
/home/vijay/Desktop/All_Files/ALL_TTS/DIS_Vector_Embedding_Integration/Data/Kannada_Female/wav/kn_f_books_05338.wav	9.344
/home/vijay/Desktop/All_Files/ALL_TTS/DIS_Vector_Embedding_Integration/Data/Kannada_Female/wav/kn_f_agri_00306.wav	10.624
/home/vijay/Desktop/All_Files/ALL_TTS/DIS_Vector_Embedding_Integration/Data/Kannada_Female/wav/kn_f_books_03457.wav	11.472
/home/vijay/Desktop/All_Files/ALL_TTS/DIS_Vector_Embedding_Integration/Data/Kannada_Female/wav/kn_f_politics_00536.wav	8.832
/home/vijay/Desktop/All_Files/ALL_TTS/DIS_Vector_Embedding_Integration/Data/Kannada_Female/wav/kn_f_books_05730.wav	8.704
/home/vijay/Desktop/All_Files/ALL_TTS/DIS_Vector_Embedding_Integration/Data/Kannada_Female/wav/kn_f_agri_00606.wav	6.992
/home/vijay/Desktop/All_Files/ALL_TTS/DIS_Vector_Embedding_Integration/Data/Kannada_Female/wav/kn_f_books_03562.wav	7.696
/home/vijay/Desktop/All_Files/ALL_TTS/DIS_Vector_Embedding_Integration/Data/Kannada_Female/wav/kn_f_general_00567.wav	8.48
/home/vijay/Desktop/All_Files/ALL_TTS/DIS_Vector_Embedding_Integration/Data/Kannada_Female/wav/kn_f_books_03908.wav	9.152
/home/vijay/Desktop/All_Files/ALL_TTS/DIS_Vector_Embedding_Integration/Data/Kannada_Female/wav/kn_f_books_06783.wav	7.168
/home/vijay/Desktop/All_Files/ALL_TTS/DIS_Vector_Embedding_Integration/Data/Kannada_Female/wav/kn_f_other_02838.wav	10.608
/home/vijay/Desktop/All_Files/ALL_TTS/DIS_Vector_Embedding_Integration/Data/Kannada_Female/wav/kn_f_education_01535.wav	6.208
/home/vijay/Desktop/All_Files/ALL_TTS/DIS_Vector_Embedding_Integration/Data/Kannada_Female/wav/kn_f_finance_01330.wav	12.24
/home/vijay/Desktop/All_Files/ALL_TTS/DIS_Vector_Embedding_Integration/Data/Kannada_Female/wav/kn_f_books_03728.wav	13.44
/home/vijay/Desktop/All_Files/ALL_TTS/DIS_Vector_Embedding_Integration/Data/Kannada_Female/wav/kn_f_books_03665.wav	9.504
/home/vijay/Desktop/All_Files/ALL_TTS/DIS_Vector_Embedding_Integration/Data/Kannada_Female/wav/kn_f_education_01365.wav	10.992
/home/vijay/Desktop/All_Files/ALL_TTS/DIS_Vector_Embedding_Integration/Data/Kannada_Female/wav/kn_f_other_02528.wav	8.768
/home/vijay/Desktop/All_Files/ALL_TTS/DIS_Vector_Embedding_Integration/Data/Kannada_Female/wav/kn_f_books_06203.wav	6.56
/home/vijay/Desktop/All_Files/ALL_TTS/DIS_Vector_Embedding_Integration/Data/Kannada_Female/wav/kn_f_books_06377.wav	13.072
/home/vijay/Desktop/All_Files/ALL_TTS/DIS_Vector_Embedding_Integration/Data/Kannada_Female/wav/kn_f_agri_00096.wav	10.848
/home/vijay/Desktop/All_Files/ALL_TTS/DIS_Vector_Embedding_Integration/Data/Kannada_Female/wav/kn_f_politics_00335.wav	7.888
/home/vijay/Desktop/All_Files/ALL_TTS/DIS_Vector_Embedding_Integration/Data/Kannada_Female/wav/kn_f_general_00381.wav	9.712
/home/vijay/Desktop/All_Files/ALL_TTS/DIS_Vector_Embedding_Integration/Data/Kannada_Female/wav/kn_f_books_03843.wav	6.64
/home/vijay/Desktop/All_Files/ALL_TTS/DIS_Vector_Embedding_Integration/Data/Kannada_Female/wav/kn_f_education_00903.wav	9.92
/home/vijay/Desktop/All_Files/ALL_TTS/DIS_Vector_Embedding_Integration/Data/Kannada_Female/wav/kn_f_books_03748.wav	6.368
/home/vijay/Desktop/All_Files/ALL_TTS/DIS_Vector_Embedding_Integration/Data/Kannada_Female/wav/kn_f_agri_00138.wav	11.44
/home/vijay/Desktop/All_Files/ALL_TTS/DIS_Vector_Embedding_Integration/Data/Kannada_Female/wav/kn_f_books_03033.wav	5.696
/home/vijay/Desktop/All_Files/ALL_TTS/DIS_Vector_Embedding_Integration/Data/Kannada_Female/wav/kn_f_health_00288.wav	9.12
/home/vijay/Desktop/All_Files/ALL_TTS/DIS_Vector_Embedding_Integration/Data/Kannada_Female/wav/kn_f_books_03096.wav	6.144
/home/vijay/Desktop/All_Files/ALL_TTS/DIS_Vector_Embedding_Integration/Data/Kannada_Female/wav/kn_f_finance_00663.wav	8.064
/home/vijay/Desktop/All_Files/ALL_TTS/DIS_Vector_Embedding_Integration/Data/Kannada_Female/wav/kn_f_general_00888.wav	12.136
/home/vijay/Desktop/All_Files/ALL_TTS/DIS_Vector_Embedding_Integration/Data/Kannada_Female/wav/kn_f_books_02307.wav	13.104
/home/vijay/Desktop/All_Files/ALL_TTS/DIS_Vector_Embedding_Integration/Data/Kannada_Female/wav/kn_f_finance_00369.wav	9.056
/home/vijay/Desktop/All_Files/ALL_TTS/DIS_Vector_Embedding_Integration/Data/Kannada_Female/wav/kn_f_books_continous_00373.wav	12.368
/home/vijay/Desktop/All_Files/ALL_TTS/DIS_Vector_Embedding_Integration/Data/Kannada_Female/wav/kn_f_books_03286.wav	10.768
/home/vijay/Desktop/All_Files/ALL_TTS/DIS_Vector_Embedding_Integration/Data/Kannada_Female/wav/kn_f_health_01336.wav	9.072
/home/vijay/Desktop/All_Files/ALL_TTS/DIS_Vector_Embedding_Integration/Data/Kannada_Female/wav/kn_f_agri_00387.wav	8.592
/home/vijay/Desktop/All_Files/ALL_TTS/DIS_Vector_Embedding_Integration/Data/Kannada_Female/wav/kn_f_other_02362.wav	10.4
/home/vijay/Desktop/All_Files/ALL_TTS/DIS_Vector_Embedding_Integration/Data/Kannada_Female/wav/kn_f_finance_00592.wav	7.248
/home/vijay/Desktop/All_Files/ALL_TTS/DIS_Vector_Embedding_Integration/Data/Kannada_Female/wav/kn_f_books_04637.wav	10.992
/home/vijay/Desktop/All_Files/ALL_TTS/DIS_Vector_Embedding_Integration/Data/Kannada_Female/wav/kn_f_weather_00153.wav	10.032
/home/vijay/Desktop/All_Files/ALL_TTS/DIS_Vector_Embedding_Integration/Data/Kannada_Female/wav/kn_f_books_02329.wav	6.816
/home/vijay/Desktop/All_Files/ALL_TTS/DIS_Vector_Embedding_Integration/Data/Kannada_Female/wav/kn_f_books_04378.wav	7.728
/home/vijay/Desktop/All_Files/ALL_TTS/DIS_Vector_Embedding_Integration/Data/Kannada_Female/wav/kn_f_books_04653.wav	6.544
/home/vijay/Desktop/All_Files/ALL_TTS/DIS_Vector_Embedding_Integration/Data/Kannada_Female/wav/kn_f_other_02862.wav	8.544
/home/vijay/Desktop/All_Files/ALL_TTS/DIS_Vector_Embedding_Integration/Data/Kannada_Female/wav/kn_f_books_03857.wav	12.688
/home/vijay/Desktop/All_Files/ALL_TTS/DIS_Vector_Embedding_Integration/Data/Kannada_Female/wav/kn_f_agri_00373.wav	12.048
/home/vijay/Desktop/All_Files/ALL_TTS/DIS_Vector_Embedding_Integration/Data/Kannada_Female/wav/kn_f_agri_00365.wav	7.648
/home/vijay/Desktop/All_Files/ALL_TTS/DIS_Vector_Embedding_Integration/Data/Kannada_Female/wav/kn_f_books_03368.wav	8.608
/home/vijay/Desktop/All_Files/ALL_TTS/DIS_Vector_Embedding_Integration/Data/Kannada_Female/wav/kn_f_books_03647.wav	7.872
/home/vijay/Desktop/All_Files/ALL_TTS/DIS_Vector_Embedding_Integration/Data/Kannada_Female/wav/kn_f_books_06933.wav	9.216
/home/vijay/Desktop/All_Files/ALL_TTS/DIS_Vector_Embedding_Integration/Data/Kannada_Female/wav/kn_f_education_00313.wav	10.08
/home/vijay/Desktop/All_Files/ALL_TTS/DIS_Vector_Embedding_Integration/Data/Kannada_Female/wav/kn_f_politics_00882.wav	12.368
/home/vijay/Desktop/All_Files/ALL_TTS/DIS_Vector_Embedding_Integration/Data/Kannada_Female/wav/kn_f_finance_00069.wav	7.632
/home/vijay/Desktop/All_Files/ALL_TTS/DIS_Vector_Embedding_Integration/Data/Kannada_Female/wav/kn_f_books_03859.wav	9.088
/home/vijay/Desktop/All_Files/ALL_TTS/DIS_Vector_Embedding_Integration/Data/Kannada_Female/wav/kn_f_books_05825.wav	8.016
/home/vijay/Desktop/All_Files/ALL_TTS/DIS_Vector_Embedding_Integration/Data/Kannada_Female/wav/kn_f_books_06068.wav	7.712
/home/vijay/Desktop/All_Files/ALL_TTS/DIS_Vector_Embedding_Integration/Data/Kannada_Female/wav/kn_f_agri_00858.wav	14.416
/home/vijay/Desktop/All_Files/ALL_TTS/DIS_Vector_Embedding_Integration/Data/Kannada_Female/wav/kn_f_other_02562.wav	9.968
/home/vijay/Desktop/All_Files/ALL_TTS/DIS_Vector_Embedding_Integration/Data/Kannada_Female/wav/kn_f_finance_02037.wav	11.712
/home/vijay/Desktop/All_Files/ALL_TTS/DIS_Vector_Embedding_Integration/Data/Kannada_Female/wav/kn_f_books_05388.wav	9.056
/home/vijay/Desktop/All_Files/ALL_TTS/DIS_Vector_Embedding_Integration/Data/Kannada_Female/wav/kn_f_health_01223.wav	9.408
/home/vijay/Desktop/All_Files/ALL_TTS/DIS_Vector_Embedding_Integration/Data/Kannada_Female/wav/kn_f_books_06285.wav	7.024
/home/vijay/Desktop/All_Files/ALL_TTS/DIS_Vector_Embedding_Integration/Data/Kannada_Female/wav/kn_f_general_00768.wav	10.336
/home/vijay/Desktop/All_Files/ALL_TTS/DIS_Vector_Embedding_Integration/Data/Kannada_Female/wav/kn_f_books_03358.wav	12.544
/home/vijay/Desktop/All_Files/ALL_TTS/DIS_Vector_Embedding_Integration/Data/Kannada_Female/wav/kn_f_books_03493.wav	10.496
/home/vijay/Desktop/All_Files/ALL_TTS/DIS_Vector_Embedding_Integration/Data/Kannada_Female/wav/kn_f_books_03087.wav	6.832
/home/vijay/Desktop/All_Files/ALL_TTS/DIS_Vector_Embedding_Integration/Data/Kannada_Female/wav/kn_f_agri_00356.wav	7.408
/home/vijay/Desktop/All_Files/ALL_TTS/DIS_Vector_Embedding_Integration/Data/Kannada_Female/wav/kn_f_books_05672.wav	14.576
/home/vijay/Desktop/All_Files/ALL_TTS/DIS_Vector_Embedding_Integration/Data/Kannada_Female/wav/kn_f_agri_00385.wav	11.776
/home/vijay/Desktop/All_Files/ALL_TTS/DIS_Vector_Embedding_Integration/Data/Kannada_Female/wav/kn_f_books_04393.wav	9.088
/home/vijay/Desktop/All_Files/ALL_TTS/DIS_Vector_Embedding_Integration/Data/Kannada_Female/wav/kn_f_books_06037.wav	6.0
/home/vijay/Desktop/All_Files/ALL_TTS/DIS_Vector_Embedding_Integration/Data/Kannada_Female/wav/kn_f_evaluation_00295.wav	7.744
/home/vijay/Desktop/All_Files/ALL_TTS/DIS_Vector_Embedding_Integration/Data/Kannada_Female/wav/kn_f_books_03434.wav	7.952
/home/vijay/Desktop/All_Files/ALL_TTS/DIS_Vector_Embedding_Integration/Data/Kannada_Female/wav/kn_f_politics_00232.wav	9.888
/home/vijay/Desktop/All_Files/ALL_TTS/DIS_Vector_Embedding_Integration/Data/Kannada_Female/wav/kn_f_books_03351.wav	7.008
/home/vijay/Desktop/All_Files/ALL_TTS/DIS_Vector_Embedding_Integration/Data/Kannada_Female/wav/kn_f_general_00356.wav	9.792
/home/vijay/Desktop/All_Files/ALL_TTS/DIS_Vector_Embedding_Integration/Data/Kannada_Female/wav/kn_f_books_02535.wav	10.384
/home/vijay/Desktop/All_Files/ALL_TTS/DIS_Vector_Embedding_Integration/Data/Kannada_Female/wav/kn_f_weather_00659.wav	6.56
/home/vijay/Desktop/All_Files/ALL_TTS/DIS_Vector_Embedding_Integration/Data/Kannada_Female/wav/kn_f_books_06566.wav	10.192
/home/vijay/Desktop/All_Files/ALL_TTS/DIS_Vector_Embedding_Integration/Data/Kannada_Female/wav/kn_f_books_05293.wav	12.848
/home/vijay/Desktop/All_Files/ALL_TTS/DIS_Vector_Embedding_Integration/Data/Kannada_Female/wav/kn_f_general_01363.wav	9.888
/home/vijay/Desktop/All_Files/ALL_TTS/DIS_Vector_Embedding_Integration/Data/Kannada_Female/wav/kn_f_politics_01223.wav	9.248
/home/vijay/Desktop/All_Files/ALL_TTS/DIS_Vector_Embedding_Integration/Data/Kannada_Female/wav/kn_f_books_05578.wav	12.208
/home/vijay/Desktop/All_Files/ALL_TTS/DIS_Vector_Embedding_Integration/Data/Kannada_Female/wav/kn_f_books_06633.wav	9.152
/home/vijay/Desktop/All_Files/ALL_TTS/DIS_Vector_Embedding_Integration/Data/Kannada_Female/wav/kn_f_politics_01375.wav	11.76
/home/vijay/Desktop/All_Files/ALL_TTS/DIS_Vector_Embedding_Integration/Data/Kannada_Female/wav/kn_f_education_01352.wav	9.712
/home/vijay/Desktop/All_Files/ALL_TTS/DIS_Vector_Embedding_Integration/Data/Kannada_Female/wav/kn_f_books_03203.wav	9.456
/home/vijay/Desktop/All_Files/ALL_TTS/DIS_Vector_Embedding_Integration/Data/Kannada_Female/wav/kn_f_finance_02086.wav	12.224
/home/vijay/Desktop/All_Files/ALL_TTS/DIS_Vector_Embedding_Integration/Data/Kannada_Female/wav/kn_f_books_03613.wav	5.456
/home/vijay/Desktop/All_Files/ALL_TTS/DIS_Vector_Embedding_Integration/Data/Kannada_Female/wav/kn_f_agri_00173.wav	8.816
/home/vijay/Desktop/All_Files/ALL_TTS/DIS_Vector_Embedding_Integration/Data/Kannada_Female/wav/kn_f_finance_00396.wav	6.672
/home/vijay/Desktop/All_Files/ALL_TTS/DIS_Vector_Embedding_Integration/Data/Kannada_Female/wav/kn_f_education_00598.wav	9.0858125
/home/vijay/Desktop/All_Files/ALL_TTS/DIS_Vector_Embedding_Integration/Data/Kannada_Female/wav/kn_f_education_00231.wav	13.92
/home/vijay/Desktop/All_Files/ALL_TTS/DIS_Vector_Embedding_Integration/Data/Kannada_Female/wav/kn_f_finance_00265.wav	12.464
/home/vijay/Desktop/All_Files/ALL_TTS/DIS_Vector_Embedding_Integration/Data/Kannada_Female/wav/kn_f_books_03982.wav	6.304
/home/vijay/Desktop/All_Files/ALL_TTS/DIS_Vector_Embedding_Integration/Data/Kannada_Female/wav/kn_f_finance_02073.wav	8.592
/home/vijay/Desktop/All_Files/ALL_TTS/DIS_Vector_Embedding_Integration/Data/Kannada_Female/wav/kn_f_books_03495.wav	8.448
/home/vijay/Desktop/All_Files/ALL_TTS/DIS_Vector_Embedding_Integration/Data/Kannada_Female/wav/kn_f_politics_00343.wav	12.32
/home/vijay/Desktop/All_Files/ALL_TTS/DIS_Vector_Embedding_Integration/Data/Kannada_Female/wav/kn_f_books_02508.wav	6.224
/home/vijay/Desktop/All_Files/ALL_TTS/DIS_Vector_Embedding_Integration/Data/Kannada_Female/wav/kn_f_general_00663.wav	12.16
/home/vijay/Desktop/All_Files/ALL_TTS/DIS_Vector_Embedding_Integration/Data/Kannada_Female/wav/kn_f_books_03954.wav	5.856
/home/vijay/Desktop/All_Files/ALL_TTS/DIS_Vector_Embedding_Integration/Data/Kannada_Female/wav/kn_f_general_01325.wav	7.92
/home/vijay/Desktop/All_Files/ALL_TTS/DIS_Vector_Embedding_Integration/Data/Kannada_Female/wav/kn_f_books_02370.wav	7.072
/home/vijay/Desktop/All_Files/ALL_TTS/DIS_Vector_Embedding_Integration/Data/Kannada_Female/wav/kn_f_evaluation_00173.wav	4.88
/home/vijay/Desktop/All_Files/ALL_TTS/DIS_Vector_Embedding_Integration/Data/Kannada_Female/wav/kn_f_finance_01370.wav	7.76
/home/vijay/Desktop/All_Files/ALL_TTS/DIS_Vector_Embedding_Integration/Data/Kannada_Female/wav/kn_f_weather_00352.wav	10.672
/home/vijay/Desktop/All_Files/ALL_TTS/DIS_Vector_Embedding_Integration/Data/Kannada_Female/wav/kn_f_books_04365.wav	5.44
/home/vijay/Desktop/All_Files/ALL_TTS/DIS_Vector_Embedding_Integration/Data/Kannada_Female/wav/kn_f_books_05334.wav	12.736
/home/vijay/Desktop/All_Files/ALL_TTS/DIS_Vector_Embedding_Integration/Data/Kannada_Female/wav/kn_f_politics_00685.wav	13.408
/home/vijay/Desktop/All_Files/ALL_TTS/DIS_Vector_Embedding_Integration/Data/Kannada_Female/wav/kn_f_politics_00876.wav	7.6
/home/vijay/Desktop/All_Files/ALL_TTS/DIS_Vector_Embedding_Integration/Data/Kannada_Female/wav/kn_f_general_00606.wav	5.72
/home/vijay/Desktop/All_Files/ALL_TTS/DIS_Vector_Embedding_Integration/Data/Kannada_Female/wav/kn_f_books_04636.wav	7.952
/home/vijay/Desktop/All_Files/ALL_TTS/DIS_Vector_Embedding_Integration/Data/Kannada_Female/wav/kn_f_books_continous_00363.wav	10.944
/home/vijay/Desktop/All_Files/ALL_TTS/DIS_Vector_Embedding_Integration/Data/Kannada_Female/wav/kn_f_books_06802.wav	9.872
/home/vijay/Desktop/All_Files/ALL_TTS/DIS_Vector_Embedding_Integration/Data/Kannada_Female/wav/kn_f_books_04236.wav	9.44
/home/vijay/Desktop/All_Files/ALL_TTS/DIS_Vector_Embedding_Integration/Data/Kannada_Female/wav/kn_f_books_03597.wav	7.104
/home/vijay/Desktop/All_Files/ALL_TTS/DIS_Vector_Embedding_Integration/Data/Kannada_Female/wav/kn_f_books_02506.wav	8.472
/home/vijay/Desktop/All_Files/ALL_TTS/DIS_Vector_Embedding_Integration/Data/Kannada_Female/wav/kn_f_general_01373.wav	11.888
/home/vijay/Desktop/All_Files/ALL_TTS/DIS_Vector_Embedding_Integration/Data/Kannada_Female/wav/kn_f_other_02378.wav	8.944
/home/vijay/Desktop/All_Files/ALL_TTS/DIS_Vector_Embedding_Integration/Data/Kannada_Female/wav/kn_f_general_00359.wav	8.864
/home/vijay/Desktop/All_Files/ALL_TTS/DIS_Vector_Embedding_Integration/Data/Kannada_Female/wav/kn_f_evaluation_00362.wav	14.16
/home/vijay/Desktop/All_Files/ALL_TTS/DIS_Vector_Embedding_Integration/Data/Kannada_Female/wav/kn_f_agri_00233.wav	9.216
/home/vijay/Desktop/All_Files/ALL_TTS/DIS_Vector_Embedding_Integration/Data/Kannada_Female/wav/kn_f_other_02287.wav	9.984
/home/vijay/Desktop/All_Files/ALL_TTS/DIS_Vector_Embedding_Integration/Data/Kannada_Female/wav/kn_f_weather_00536.wav	8.56
/home/vijay/Desktop/All_Files/ALL_TTS/DIS_Vector_Embedding_Integration/Data/Kannada_Female/wav/kn_f_books_06683.wav	9.2145
/home/vijay/Desktop/All_Files/ALL_TTS/DIS_Vector_Embedding_Integration/Data/Kannada_Female/wav/kn_f_books_02367.wav	8.8
/home/vijay/Desktop/All_Files/ALL_TTS/DIS_Vector_Embedding_Integration/Data/Kannada_Female/wav/kn_f_books_05559.wav	5.408
/home/vijay/Desktop/All_Files/ALL_TTS/DIS_Vector_Embedding_Integration/Data/Kannada_Female/wav/kn_f_books_03038.wav	7.0921875
/home/vijay/Desktop/All_Files/ALL_TTS/DIS_Vector_Embedding_Integration/Data/Kannada_Female/wav/kn_f_books_05283.wav	10.192
/home/vijay/Desktop/All_Files/ALL_TTS/DIS_Vector_Embedding_Integration/Data/Kannada_Female/wav/kn_f_weather_00163.wav	10.8
/home/vijay/Desktop/All_Files/ALL_TTS/DIS_Vector_Embedding_Integration/Data/Kannada_Female/wav/kn_f_evaluation_00396.wav	7.728
/home/vijay/Desktop/All_Files/ALL_TTS/DIS_Vector_Embedding_Integration/Data/Kannada_Female/wav/kn_f_books_03304.wav	6.72
/home/vijay/Desktop/All_Files/ALL_TTS/DIS_Vector_Embedding_Integration/Data/Kannada_Female/wav/kn_f_politics_00673.wav	6.704
/home/vijay/Desktop/All_Files/ALL_TTS/DIS_Vector_Embedding_Integration/Data/Kannada_Female/wav/kn_f_education_00937.wav	8.784
/home/vijay/Desktop/All_Files/ALL_TTS/DIS_Vector_Embedding_Integration/Data/Kannada_Female/wav/kn_f_books_05836.wav	8.992
/home/vijay/Desktop/All_Files/ALL_TTS/DIS_Vector_Embedding_Integration/Data/Kannada_Female/wav/kn_f_books_03135.wav	5.456
/home/vijay/Desktop/All_Files/ALL_TTS/DIS_Vector_Embedding_Integration/Data/Kannada_Female/wav/kn_f_general_00093.wav	9.552
/home/vijay/Desktop/All_Files/ALL_TTS/DIS_Vector_Embedding_Integration/Data/Kannada_Female/wav/kn_f_books_05321.wav	10.752
/home/vijay/Desktop/All_Files/ALL_TTS/DIS_Vector_Embedding_Integration/Data/Kannada_Female/wav/kn_f_books_02568.wav	12.048
/home/vijay/Desktop/All_Files/ALL_TTS/DIS_Vector_Embedding_Integration/Data/Kannada_Female/wav/kn_f_agri_00287.wav	7.232
/home/vijay/Desktop/All_Files/ALL_TTS/DIS_Vector_Embedding_Integration/Data/Kannada_Female/wav/kn_f_health_02273.wav	11.408
/home/vijay/Desktop/All_Files/ALL_TTS/DIS_Vector_Embedding_Integration/Data/Kannada_Female/wav/kn_f_books_05708.wav	8.8
/home/vijay/Desktop/All_Files/ALL_TTS/DIS_Vector_Embedding_Integration/Data/Kannada_Female/wav/kn_f_books_03324.wav	6.688
/home/vijay/Desktop/All_Files/ALL_TTS/DIS_Vector_Embedding_Integration/Data/Kannada_Female/wav/kn_f_general_00738.wav	11.968
/home/vijay/Desktop/All_Files/ALL_TTS/DIS_Vector_Embedding_Integration/Data/Kannada_Female/wav/kn_f_politics_00806.wav	8.912
/home/vijay/Desktop/All_Files/ALL_TTS/DIS_Vector_Embedding_Integration/Data/Kannada_Female/wav/kn_f_books_04738.wav	6.96
/home/vijay/Desktop/All_Files/ALL_TTS/DIS_Vector_Embedding_Integration/Data/Kannada_Female/wav/kn_f_books_continous_00366.wav	12.736
/home/vijay/Desktop/All_Files/ALL_TTS/DIS_Vector_Embedding_Integration/Data/Kannada_Female/wav/kn_f_books_06562.wav	7.36
/home/vijay/Desktop/All_Files/ALL_TTS/DIS_Vector_Embedding_Integration/Data/Kannada_Female/wav/kn_f_other_02595.wav	8.864
/home/vijay/Desktop/All_Files/ALL_TTS/DIS_Vector_Embedding_Integration/Data/Kannada_Female/wav/kn_f_health_00387.wav	10.528
/home/vijay/Desktop/All_Files/ALL_TTS/DIS_Vector_Embedding_Integration/Data/Kannada_Female/wav/kn_f_books_03051.wav	8.064
/home/vijay/Desktop/All_Files/ALL_TTS/DIS_Vector_Embedding_Integration/Data/Kannada_Female/wav/kn_f_general_00266.wav	8.288
/home/vijay/Desktop/All_Files/ALL_TTS/DIS_Vector_Embedding_Integration/Data/Kannada_Female/wav/kn_f_books_03615.wav	7.808
/home/vijay/Desktop/All_Files/ALL_TTS/DIS_Vector_Embedding_Integration/Data/Kannada_Female/wav/kn_f_politics_00937.wav	9.2
/home/vijay/Desktop/All_Files/ALL_TTS/DIS_Vector_Embedding_Integration/Data/Kannada_Female/wav/kn_f_health_02329.wav	11.536
/home/vijay/Desktop/All_Files/ALL_TTS/DIS_Vector_Embedding_Integration/Data/Kannada_Female/wav/kn_f_books_03552.wav	5.44
/home/vijay/Desktop/All_Files/ALL_TTS/DIS_Vector_Embedding_Integration/Data/Kannada_Female/wav/kn_f_books_03580.wav	7.824
/home/vijay/Desktop/All_Files/ALL_TTS/DIS_Vector_Embedding_Integration/Data/Kannada_Female/wav/kn_f_agri_01380.wav	9.648
/home/vijay/Desktop/All_Files/ALL_TTS/DIS_Vector_Embedding_Integration/Data/Kannada_Female/wav/kn_f_books_03865.wav	8.304
/home/vijay/Desktop/All_Files/ALL_TTS/DIS_Vector_Embedding_Integration/Data/Kannada_Female/wav/kn_f_books_03965.wav	11.68
/home/vijay/Desktop/All_Files/ALL_TTS/DIS_Vector_Embedding_Integration/Data/Kannada_Female/wav/kn_f_books_02856.wav	6.992
/home/vijay/Desktop/All_Files/ALL_TTS/DIS_Vector_Embedding_Integration/Data/Kannada_Female/wav/kn_f_books_03367.wav	6.8
/home/vijay/Desktop/All_Files/ALL_TTS/DIS_Vector_Embedding_Integration/Data/Kannada_Female/wav/kn_f_general_00163.wav	6.736
/home/vijay/Desktop/All_Files/ALL_TTS/DIS_Vector_Embedding_Integration/Data/Kannada_Female/wav/kn_f_books_05397.wav	7.232
/home/vijay/Desktop/All_Files/ALL_TTS/DIS_Vector_Embedding_Integration/Data/Kannada_Female/wav/kn_f_books_06343.wav	9.296
/home/vijay/Desktop/All_Files/ALL_TTS/DIS_Vector_Embedding_Integration/Data/Kannada_Female/wav/kn_f_books_04326.wav	9.136
/home/vijay/Desktop/All_Files/ALL_TTS/DIS_Vector_Embedding_Integration/Data/Kannada_Female/wav/kn_f_books_05237.wav	7.456
/home/vijay/Desktop/All_Files/ALL_TTS/DIS_Vector_Embedding_Integration/Data/Kannada_Female/wav/kn_f_books_02153.wav	7.152
/home/vijay/Desktop/All_Files/ALL_TTS/DIS_Vector_Embedding_Integration/Data/Kannada_Female/wav/kn_f_politics_00089.wav	9.872
/home/vijay/Desktop/All_Files/ALL_TTS/DIS_Vector_Embedding_Integration/Data/Kannada_Female/wav/kn_f_books_03922.wav	6.064
/home/vijay/Desktop/All_Files/ALL_TTS/DIS_Vector_Embedding_Integration/Data/Kannada_Female/wav/kn_f_books_03842.wav	10.448
/home/vijay/Desktop/All_Files/ALL_TTS/DIS_Vector_Embedding_Integration/Data/Kannada_Female/wav/kn_f_books_03697.wav	8.384
/home/vijay/Desktop/All_Files/ALL_TTS/DIS_Vector_Embedding_Integration/Data/Kannada_Female/wav/kn_f_books_06852.wav	9.552
/home/vijay/Desktop/All_Files/ALL_TTS/DIS_Vector_Embedding_Integration/Data/Kannada_Female/wav/kn_f_education_00339.wav	10.496
