/home/vijay/Desktop/All_Files/ALL_TTS/DIS_Vector_Embedding_Integration/Data/Malayalam_Female/wav/07_F_set_27_124.wav	3.664
/home/vijay/Desktop/All_Files/ALL_TTS/DIS_Vector_Embedding_Integration/Data/Malayalam_Female/wav/07_F_set_27_063.wav	2.912
/home/vijay/Desktop/All_Files/ALL_TTS/DIS_Vector_Embedding_Integration/Data/Malayalam_Female/wav/07_F_set_11_200.wav	2.288
/home/vijay/Desktop/All_Files/ALL_TTS/DIS_Vector_Embedding_Integration/Data/Malayalam_Female/wav/07_F_set_04_071.wav	5.3875625
/home/vijay/Desktop/All_Files/ALL_TTS/DIS_Vector_Embedding_Integration/Data/Malayalam_Female/wav/07_F_set_06_187.wav	9.424
/home/vijay/Desktop/All_Files/ALL_TTS/DIS_Vector_Embedding_Integration/Data/Malayalam_Female/wav/07_F_set_13_106.wav	5.504
/home/vijay/Desktop/All_Files/ALL_TTS/DIS_Vector_Embedding_Integration/Data/Malayalam_Female/wav/07_F_set_18_179.wav	7.5833125
/home/vijay/Desktop/All_Files/ALL_TTS/DIS_Vector_Embedding_Integration/Data/Malayalam_Female/wav/07_F_set_08_200.wav	4.980375
/home/vijay/Desktop/All_Files/ALL_TTS/DIS_Vector_Embedding_Integration/Data/Malayalam_Female/wav/07_F_set_27_071.wav	5.264
/home/vijay/Desktop/All_Files/ALL_TTS/DIS_Vector_Embedding_Integration/Data/Malayalam_Female/wav/07_F_set_08_161.wav	7.2290625
/home/vijay/Desktop/All_Files/ALL_TTS/DIS_Vector_Embedding_Integration/Data/Malayalam_Female/wav/07_F_set_27_047.wav	6.448
/home/vijay/Desktop/All_Files/ALL_TTS/DIS_Vector_Embedding_Integration/Data/Malayalam_Female/wav/07_F_set_26_152.wav	3.472
/home/vijay/Desktop/All_Files/ALL_TTS/DIS_Vector_Embedding_Integration/Data/Malayalam_Female/wav/07_F_set_25_187.wav	3.328
/home/vijay/Desktop/All_Files/ALL_TTS/DIS_Vector_Embedding_Integration/Data/Malayalam_Female/wav/07_F_set_23_180.wav	2.128
/home/vijay/Desktop/All_Files/ALL_TTS/DIS_Vector_Embedding_Integration/Data/Malayalam_Female/wav/07_F_set_11_128.wav	4.192
/home/vijay/Desktop/All_Files/ALL_TTS/DIS_Vector_Embedding_Integration/Data/Malayalam_Female/wav/07_F_set_09_012.wav	7.728
/home/vijay/Desktop/All_Files/ALL_TTS/DIS_Vector_Embedding_Integration/Data/Malayalam_Female/wav/07_F_set_24_015.wav	2.72
/home/vijay/Desktop/All_Files/ALL_TTS/DIS_Vector_Embedding_Integration/Data/Malayalam_Female/wav/07_F_set_10_111.wav	3.072
/home/vijay/Desktop/All_Files/ALL_TTS/DIS_Vector_Embedding_Integration/Data/Malayalam_Female/wav/07_F_set_13_166.wav	6.32
/home/vijay/Desktop/All_Files/ALL_TTS/DIS_Vector_Embedding_Integration/Data/Malayalam_Female/wav/07_F_set_25_125.wav	5.072
/home/vijay/Desktop/All_Files/ALL_TTS/DIS_Vector_Embedding_Integration/Data/Malayalam_Female/wav/07_F_set_11_061.wav	5.552
/home/vijay/Desktop/All_Files/ALL_TTS/DIS_Vector_Embedding_Integration/Data/Malayalam_Female/wav/07_F_set_25_186.wav	2.848
/home/vijay/Desktop/All_Files/ALL_TTS/DIS_Vector_Embedding_Integration/Data/Malayalam_Female/wav/07_F_set_09_068.wav	2.352
/home/vijay/Desktop/All_Files/ALL_TTS/DIS_Vector_Embedding_Integration/Data/Malayalam_Female/wav/07_F_set_23_227.wav	6.608
/home/vijay/Desktop/All_Files/ALL_TTS/DIS_Vector_Embedding_Integration/Data/Malayalam_Female/wav/07_F_set_04_024.wav	10.18375
/home/vijay/Desktop/All_Files/ALL_TTS/DIS_Vector_Embedding_Integration/Data/Malayalam_Female/wav/07_F_set_05_170.wav	3.28
/home/vijay/Desktop/All_Files/ALL_TTS/DIS_Vector_Embedding_Integration/Data/Malayalam_Female/wav/07_F_set_27_149.wav	4.5128125
/home/vijay/Desktop/All_Files/ALL_TTS/DIS_Vector_Embedding_Integration/Data/Malayalam_Female/wav/07_F_set_08_033.wav	4.56
/home/vijay/Desktop/All_Files/ALL_TTS/DIS_Vector_Embedding_Integration/Data/Malayalam_Female/wav/07_F_set_17_199.wav	5.6
/home/vijay/Desktop/All_Files/ALL_TTS/DIS_Vector_Embedding_Integration/Data/Malayalam_Female/wav/07_F_set_24_328.wav	7.04
/home/vijay/Desktop/All_Files/ALL_TTS/DIS_Vector_Embedding_Integration/Data/Malayalam_Female/wav/07_F_set_26_172.wav	3.488
/home/vijay/Desktop/All_Files/ALL_TTS/DIS_Vector_Embedding_Integration/Data/Malayalam_Female/wav/07_F_set_07_157.wav	3.456
/home/vijay/Desktop/All_Files/ALL_TTS/DIS_Vector_Embedding_Integration/Data/Malayalam_Female/wav/07_F_set_23_127.wav	2.832
/home/vijay/Desktop/All_Files/ALL_TTS/DIS_Vector_Embedding_Integration/Data/Malayalam_Female/wav/07_F_set_19_033.wav	4.0
/home/vijay/Desktop/All_Files/ALL_TTS/DIS_Vector_Embedding_Integration/Data/Malayalam_Female/wav/07_F_set_09_072.wav	3.808
/home/vijay/Desktop/All_Files/ALL_TTS/DIS_Vector_Embedding_Integration/Data/Malayalam_Female/wav/07_F_set_23_014.wav	3.2006875
/home/vijay/Desktop/All_Files/ALL_TTS/DIS_Vector_Embedding_Integration/Data/Malayalam_Female/wav/07_F_set_24_172.wav	3.6686875
/home/vijay/Desktop/All_Files/ALL_TTS/DIS_Vector_Embedding_Integration/Data/Malayalam_Female/wav/07_F_set_17_188.wav	7.392
/home/vijay/Desktop/All_Files/ALL_TTS/DIS_Vector_Embedding_Integration/Data/Malayalam_Female/wav/07_F_set_03_163.wav	2.896
/home/vijay/Desktop/All_Files/ALL_TTS/DIS_Vector_Embedding_Integration/Data/Malayalam_Female/wav/07_F_set_24_012.wav	2.512
/home/vijay/Desktop/All_Files/ALL_TTS/DIS_Vector_Embedding_Integration/Data/Malayalam_Female/wav/07_F_set_24_341.wav	3.36
/home/vijay/Desktop/All_Files/ALL_TTS/DIS_Vector_Embedding_Integration/Data/Malayalam_Female/wav/07_F_set_22_089.wav	4.608
/home/vijay/Desktop/All_Files/ALL_TTS/DIS_Vector_Embedding_Integration/Data/Malayalam_Female/wav/07_F_set_23_141.wav	4.4198125
/home/vijay/Desktop/All_Files/ALL_TTS/DIS_Vector_Embedding_Integration/Data/Malayalam_Female/wav/07_F_set_24_024.wav	2.352
/home/vijay/Desktop/All_Files/ALL_TTS/DIS_Vector_Embedding_Integration/Data/Malayalam_Female/wav/07_F_set_13_167.wav	3.12
/home/vijay/Desktop/All_Files/ALL_TTS/DIS_Vector_Embedding_Integration/Data/Malayalam_Female/wav/07_F_set_24_339.wav	6.864
/home/vijay/Desktop/All_Files/ALL_TTS/DIS_Vector_Embedding_Integration/Data/Malayalam_Female/wav/07_F_set_06_088.wav	6.288
/home/vijay/Desktop/All_Files/ALL_TTS/DIS_Vector_Embedding_Integration/Data/Malayalam_Female/wav/07_F_set_27_061.wav	3.216
/home/vijay/Desktop/All_Files/ALL_TTS/DIS_Vector_Embedding_Integration/Data/Malayalam_Female/wav/07_F_set_27_132.wav	2.7711875
/home/vijay/Desktop/All_Files/ALL_TTS/DIS_Vector_Embedding_Integration/Data/Malayalam_Female/wav/07_F_set_11_165.wav	2.352
/home/vijay/Desktop/All_Files/ALL_TTS/DIS_Vector_Embedding_Integration/Data/Malayalam_Female/wav/07_F_set_13_116.wav	3.184
/home/vijay/Desktop/All_Files/ALL_TTS/DIS_Vector_Embedding_Integration/Data/Malayalam_Female/wav/07_F_set_12_105.wav	3.2705
/home/vijay/Desktop/All_Files/ALL_TTS/DIS_Vector_Embedding_Integration/Data/Malayalam_Female/wav/07_F_set_16_190.wav	3.9244375
/home/vijay/Desktop/All_Files/ALL_TTS/DIS_Vector_Embedding_Integration/Data/Malayalam_Female/wav/07_F_set_07_049.wav	7.6056875
/home/vijay/Desktop/All_Files/ALL_TTS/DIS_Vector_Embedding_Integration/Data/Malayalam_Female/wav/07_F_set_17_019.wav	4.896
/home/vijay/Desktop/All_Files/ALL_TTS/DIS_Vector_Embedding_Integration/Data/Malayalam_Female/wav/07_F_set_27_084.wav	8.048
/home/vijay/Desktop/All_Files/ALL_TTS/DIS_Vector_Embedding_Integration/Data/Malayalam_Female/wav/07_F_set_18_139.wav	4.70325
/home/vijay/Desktop/All_Files/ALL_TTS/DIS_Vector_Embedding_Integration/Data/Malayalam_Female/wav/07_F_set_27_142.wav	4.144
/home/vijay/Desktop/All_Files/ALL_TTS/DIS_Vector_Embedding_Integration/Data/Malayalam_Female/wav/07_F_set_06_147.wav	4.464
/home/vijay/Desktop/All_Files/ALL_TTS/DIS_Vector_Embedding_Integration/Data/Malayalam_Female/wav/07_F_set_09_127.wav	3.52
/home/vijay/Desktop/All_Files/ALL_TTS/DIS_Vector_Embedding_Integration/Data/Malayalam_Female/wav/07_F_set_17_023.wav	2.523625
/home/vijay/Desktop/All_Files/ALL_TTS/DIS_Vector_Embedding_Integration/Data/Malayalam_Female/wav/07_F_set_09_062.wav	5.312
/home/vijay/Desktop/All_Files/ALL_TTS/DIS_Vector_Embedding_Integration/Data/Malayalam_Female/wav/07_F_set_10_049.wav	8.704
/home/vijay/Desktop/All_Files/ALL_TTS/DIS_Vector_Embedding_Integration/Data/Malayalam_Female/wav/07_F_set_26_059.wav	5.17225
/home/vijay/Desktop/All_Files/ALL_TTS/DIS_Vector_Embedding_Integration/Data/Malayalam_Female/wav/07_F_set_06_108.wav	3.568
/home/vijay/Desktop/All_Files/ALL_TTS/DIS_Vector_Embedding_Integration/Data/Malayalam_Female/wav/07_F_set_19_091.wav	2.272
/home/vijay/Desktop/All_Files/ALL_TTS/DIS_Vector_Embedding_Integration/Data/Malayalam_Female/wav/07_F_set_14_063.wav	4.336
/home/vijay/Desktop/All_Files/ALL_TTS/DIS_Vector_Embedding_Integration/Data/Malayalam_Female/wav/07_F_set_03_122.wav	5.506
/home/vijay/Desktop/All_Files/ALL_TTS/DIS_Vector_Embedding_Integration/Data/Malayalam_Female/wav/07_F_set_08_035.wav	9.52
/home/vijay/Desktop/All_Files/ALL_TTS/DIS_Vector_Embedding_Integration/Data/Malayalam_Female/wav/07_F_set_24_331.wav	3.07025
/home/vijay/Desktop/All_Files/ALL_TTS/DIS_Vector_Embedding_Integration/Data/Malayalam_Female/wav/07_F_set_09_130.wav	6.608
/home/vijay/Desktop/All_Files/ALL_TTS/DIS_Vector_Embedding_Integration/Data/Malayalam_Female/wav/07_F_set_06_077.wav	5.968
/home/vijay/Desktop/All_Files/ALL_TTS/DIS_Vector_Embedding_Integration/Data/Malayalam_Female/wav/07_F_set_23_218.wav	3.2125
/home/vijay/Desktop/All_Files/ALL_TTS/DIS_Vector_Embedding_Integration/Data/Malayalam_Female/wav/07_F_set_22_170.wav	6.432
/home/vijay/Desktop/All_Files/ALL_TTS/DIS_Vector_Embedding_Integration/Data/Malayalam_Female/wav/07_F_set_17_025.wav	3.744
/home/vijay/Desktop/All_Files/ALL_TTS/DIS_Vector_Embedding_Integration/Data/Malayalam_Female/wav/07_F_set_05_166.wav	4.642625
/home/vijay/Desktop/All_Files/ALL_TTS/DIS_Vector_Embedding_Integration/Data/Malayalam_Female/wav/07_F_set_23_123.wav	3.008
/home/vijay/Desktop/All_Files/ALL_TTS/DIS_Vector_Embedding_Integration/Data/Malayalam_Female/wav/07_F_set_24_182.wav	5.024
/home/vijay/Desktop/All_Files/ALL_TTS/DIS_Vector_Embedding_Integration/Data/Malayalam_Female/wav/07_F_set_24_173.wav	2.1315
/home/vijay/Desktop/All_Files/ALL_TTS/DIS_Vector_Embedding_Integration/Data/Malayalam_Female/wav/07_F_set_13_162.wav	5.940875
/home/vijay/Desktop/All_Files/ALL_TTS/DIS_Vector_Embedding_Integration/Data/Malayalam_Female/wav/07_F_set_13_169.wav	6.0
/home/vijay/Desktop/All_Files/ALL_TTS/DIS_Vector_Embedding_Integration/Data/Malayalam_Female/wav/07_F_set_13_010.wav	3.776
/home/vijay/Desktop/All_Files/ALL_TTS/DIS_Vector_Embedding_Integration/Data/Malayalam_Female/wav/07_F_set_07_107.wav	5.2803125
/home/vijay/Desktop/All_Files/ALL_TTS/DIS_Vector_Embedding_Integration/Data/Malayalam_Female/wav/07_F_set_06_101.wav	3.856
/home/vijay/Desktop/All_Files/ALL_TTS/DIS_Vector_Embedding_Integration/Data/Malayalam_Female/wav/07_F_set_08_096.wav	4.816
/home/vijay/Desktop/All_Files/ALL_TTS/DIS_Vector_Embedding_Integration/Data/Malayalam_Female/wav/07_F_set_23_038.wav	6.16
/home/vijay/Desktop/All_Files/ALL_TTS/DIS_Vector_Embedding_Integration/Data/Malayalam_Female/wav/07_F_set_06_142.wav	2.416
/home/vijay/Desktop/All_Files/ALL_TTS/DIS_Vector_Embedding_Integration/Data/Malayalam_Female/wav/07_F_set_18_042.wav	3.424
/home/vijay/Desktop/All_Files/ALL_TTS/DIS_Vector_Embedding_Integration/Data/Malayalam_Female/wav/07_F_set_17_162.wav	2.608
/home/vijay/Desktop/All_Files/ALL_TTS/DIS_Vector_Embedding_Integration/Data/Malayalam_Female/wav/07_F_set_14_011.wav	4.048
/home/vijay/Desktop/All_Files/ALL_TTS/DIS_Vector_Embedding_Integration/Data/Malayalam_Female/wav/07_F_set_19_188.wav	2.24
/home/vijay/Desktop/All_Files/ALL_TTS/DIS_Vector_Embedding_Integration/Data/Malayalam_Female/wav/07_F_set_09_098.wav	6.256
/home/vijay/Desktop/All_Files/ALL_TTS/DIS_Vector_Embedding_Integration/Data/Malayalam_Female/wav/07_F_set_23_220.wav	9.936
/home/vijay/Desktop/All_Files/ALL_TTS/DIS_Vector_Embedding_Integration/Data/Malayalam_Female/wav/07_F_set_07_151.wav	6.672
/home/vijay/Desktop/All_Files/ALL_TTS/DIS_Vector_Embedding_Integration/Data/Malayalam_Female/wav/07_F_set_23_142.wav	11.1201875
/home/vijay/Desktop/All_Files/ALL_TTS/DIS_Vector_Embedding_Integration/Data/Malayalam_Female/wav/07_F_set_10_059.wav	2.176
/home/vijay/Desktop/All_Files/ALL_TTS/DIS_Vector_Embedding_Integration/Data/Malayalam_Female/wav/07_F_set_23_240.wav	4.612875
/home/vijay/Desktop/All_Files/ALL_TTS/DIS_Vector_Embedding_Integration/Data/Malayalam_Female/wav/07_F_set_08_146.wav	8.064
/home/vijay/Desktop/All_Files/ALL_TTS/DIS_Vector_Embedding_Integration/Data/Malayalam_Female/wav/07_F_set_14_116.wav	8.2384375
/home/vijay/Desktop/All_Files/ALL_TTS/DIS_Vector_Embedding_Integration/Data/Malayalam_Female/wav/07_F_set_04_132.wav	6.64
/home/vijay/Desktop/All_Files/ALL_TTS/DIS_Vector_Embedding_Integration/Data/Malayalam_Female/wav/07_F_set_12_043.wav	8.24
/home/vijay/Desktop/All_Files/ALL_TTS/DIS_Vector_Embedding_Integration/Data/Malayalam_Female/wav/07_F_set_10_153.wav	6.768
/home/vijay/Desktop/All_Files/ALL_TTS/DIS_Vector_Embedding_Integration/Data/Malayalam_Female/wav/07_F_set_09_097.wav	6.768
/home/vijay/Desktop/All_Files/ALL_TTS/DIS_Vector_Embedding_Integration/Data/Malayalam_Female/wav/07_F_set_07_007.wav	2.768
/home/vijay/Desktop/All_Files/ALL_TTS/DIS_Vector_Embedding_Integration/Data/Malayalam_Female/wav/07_F_set_24_229.wav	3.392
/home/vijay/Desktop/All_Files/ALL_TTS/DIS_Vector_Embedding_Integration/Data/Malayalam_Female/wav/07_F_set_17_152.wav	3.008
/home/vijay/Desktop/All_Files/ALL_TTS/DIS_Vector_Embedding_Integration/Data/Malayalam_Female/wav/07_F_set_11_065.wav	4.384
/home/vijay/Desktop/All_Files/ALL_TTS/DIS_Vector_Embedding_Integration/Data/Malayalam_Female/wav/07_F_set_23_048.wav	4.032
/home/vijay/Desktop/All_Files/ALL_TTS/DIS_Vector_Embedding_Integration/Data/Malayalam_Female/wav/07_F_set_13_055.wav	2.736
/home/vijay/Desktop/All_Files/ALL_TTS/DIS_Vector_Embedding_Integration/Data/Malayalam_Female/wav/07_F_set_09_061.wav	2.832
/home/vijay/Desktop/All_Files/ALL_TTS/DIS_Vector_Embedding_Integration/Data/Malayalam_Female/wav/07_F_set_10_047.wav	6.016
/home/vijay/Desktop/All_Files/ALL_TTS/DIS_Vector_Embedding_Integration/Data/Malayalam_Female/wav/07_F_set_10_159.wav	7.36
/home/vijay/Desktop/All_Files/ALL_TTS/DIS_Vector_Embedding_Integration/Data/Malayalam_Female/wav/07_F_set_26_111.wav	5.2979375
/home/vijay/Desktop/All_Files/ALL_TTS/DIS_Vector_Embedding_Integration/Data/Malayalam_Female/wav/07_F_set_26_047.wav	2.784
/home/vijay/Desktop/All_Files/ALL_TTS/DIS_Vector_Embedding_Integration/Data/Malayalam_Female/wav/07_F_set_25_044.wav	5.298125
/home/vijay/Desktop/All_Files/ALL_TTS/DIS_Vector_Embedding_Integration/Data/Malayalam_Female/wav/07_F_set_06_104.wav	5.392
/home/vijay/Desktop/All_Files/ALL_TTS/DIS_Vector_Embedding_Integration/Data/Malayalam_Female/wav/07_F_set_22_166.wav	10.6494375
/home/vijay/Desktop/All_Files/ALL_TTS/DIS_Vector_Embedding_Integration/Data/Malayalam_Female/wav/07_F_set_04_032.wav	2.848
/home/vijay/Desktop/All_Files/ALL_TTS/DIS_Vector_Embedding_Integration/Data/Malayalam_Female/wav/07_F_set_26_153.wav	5.710875
/home/vijay/Desktop/All_Files/ALL_TTS/DIS_Vector_Embedding_Integration/Data/Malayalam_Female/wav/07_F_set_11_081.wav	8.336
/home/vijay/Desktop/All_Files/ALL_TTS/DIS_Vector_Embedding_Integration/Data/Malayalam_Female/wav/07_F_set_09_185.wav	4.096
/home/vijay/Desktop/All_Files/ALL_TTS/DIS_Vector_Embedding_Integration/Data/Malayalam_Female/wav/07_F_set_23_232.wav	2.64
/home/vijay/Desktop/All_Files/ALL_TTS/DIS_Vector_Embedding_Integration/Data/Malayalam_Female/wav/07_F_set_27_121.wav	5.0875625
/home/vijay/Desktop/All_Files/ALL_TTS/DIS_Vector_Embedding_Integration/Data/Malayalam_Female/wav/07_F_set_18_134.wav	2.32
/home/vijay/Desktop/All_Files/ALL_TTS/DIS_Vector_Embedding_Integration/Data/Malayalam_Female/wav/07_F_set_27_005.wav	3.968
/home/vijay/Desktop/All_Files/ALL_TTS/DIS_Vector_Embedding_Integration/Data/Malayalam_Female/wav/07_F_set_10_155.wav	7.296
/home/vijay/Desktop/All_Files/ALL_TTS/DIS_Vector_Embedding_Integration/Data/Malayalam_Female/wav/07_F_set_24_060.wav	4.6914375
/home/vijay/Desktop/All_Files/ALL_TTS/DIS_Vector_Embedding_Integration/Data/Malayalam_Female/wav/07_F_set_17_151.wav	7.392
/home/vijay/Desktop/All_Files/ALL_TTS/DIS_Vector_Embedding_Integration/Data/Malayalam_Female/wav/07_F_set_12_052.wav	10.534875
/home/vijay/Desktop/All_Files/ALL_TTS/DIS_Vector_Embedding_Integration/Data/Malayalam_Female/wav/07_F_set_12_169.wav	3.161625
/home/vijay/Desktop/All_Files/ALL_TTS/DIS_Vector_Embedding_Integration/Data/Malayalam_Female/wav/07_F_set_08_124.wav	4.8006875
/home/vijay/Desktop/All_Files/ALL_TTS/DIS_Vector_Embedding_Integration/Data/Malayalam_Female/wav/07_F_set_19_102.wav	2.288
/home/vijay/Desktop/All_Files/ALL_TTS/DIS_Vector_Embedding_Integration/Data/Malayalam_Female/wav/07_F_set_23_019.wav	3.7210625
/home/vijay/Desktop/All_Files/ALL_TTS/DIS_Vector_Embedding_Integration/Data/Malayalam_Female/wav/07_F_set_25_110.wav	3.808
/home/vijay/Desktop/All_Files/ALL_TTS/DIS_Vector_Embedding_Integration/Data/Malayalam_Female/wav/07_F_set_13_038.wav	3.424
/home/vijay/Desktop/All_Files/ALL_TTS/DIS_Vector_Embedding_Integration/Data/Malayalam_Female/wav/07_F_set_12_104.wav	5.392
/home/vijay/Desktop/All_Files/ALL_TTS/DIS_Vector_Embedding_Integration/Data/Malayalam_Female/wav/07_F_set_13_103.wav	2.112
/home/vijay/Desktop/All_Files/ALL_TTS/DIS_Vector_Embedding_Integration/Data/Malayalam_Female/wav/07_F_set_07_039.wav	3.824
/home/vijay/Desktop/All_Files/ALL_TTS/DIS_Vector_Embedding_Integration/Data/Malayalam_Female/wav/07_F_set_22_090.wav	7.28
/home/vijay/Desktop/All_Files/ALL_TTS/DIS_Vector_Embedding_Integration/Data/Malayalam_Female/wav/07_F_set_25_041.wav	7.2
/home/vijay/Desktop/All_Files/ALL_TTS/DIS_Vector_Embedding_Integration/Data/Malayalam_Female/wav/07_F_set_19_030.wav	2.4
/home/vijay/Desktop/All_Files/ALL_TTS/DIS_Vector_Embedding_Integration/Data/Malayalam_Female/wav/07_F_set_19_105.wav	5.276375
/home/vijay/Desktop/All_Files/ALL_TTS/DIS_Vector_Embedding_Integration/Data/Malayalam_Female/wav/07_F_set_25_185.wav	3.6004375
/home/vijay/Desktop/All_Files/ALL_TTS/DIS_Vector_Embedding_Integration/Data/Malayalam_Female/wav/07_F_set_26_158.wav	2.272
/home/vijay/Desktop/All_Files/ALL_TTS/DIS_Vector_Embedding_Integration/Data/Malayalam_Female/wav/07_F_set_27_156.wav	4.256
/home/vijay/Desktop/All_Files/ALL_TTS/DIS_Vector_Embedding_Integration/Data/Malayalam_Female/wav/07_F_set_11_054.wav	6.3385625
/home/vijay/Desktop/All_Files/ALL_TTS/DIS_Vector_Embedding_Integration/Data/Malayalam_Female/wav/07_F_set_07_116.wav	4.592
/home/vijay/Desktop/All_Files/ALL_TTS/DIS_Vector_Embedding_Integration/Data/Malayalam_Female/wav/07_F_set_13_111.wav	2.928
/home/vijay/Desktop/All_Files/ALL_TTS/DIS_Vector_Embedding_Integration/Data/Malayalam_Female/wav/07_F_set_11_020.wav	2.768
/home/vijay/Desktop/All_Files/ALL_TTS/DIS_Vector_Embedding_Integration/Data/Malayalam_Female/wav/07_F_set_13_124.wav	4.048
/home/vijay/Desktop/All_Files/ALL_TTS/DIS_Vector_Embedding_Integration/Data/Malayalam_Female/wav/07_F_set_10_003.wav	5.36
/home/vijay/Desktop/All_Files/ALL_TTS/DIS_Vector_Embedding_Integration/Data/Malayalam_Female/wav/07_F_set_08_048.wav	2.224
/home/vijay/Desktop/All_Files/ALL_TTS/DIS_Vector_Embedding_Integration/Data/Malayalam_Female/wav/07_F_set_24_336.wav	8.9841875
/home/vijay/Desktop/All_Files/ALL_TTS/DIS_Vector_Embedding_Integration/Data/Malayalam_Female/wav/07_F_set_08_150.wav	3.568
/home/vijay/Desktop/All_Files/ALL_TTS/DIS_Vector_Embedding_Integration/Data/Malayalam_Female/wav/07_F_set_17_190.wav	4.0685
/home/vijay/Desktop/All_Files/ALL_TTS/DIS_Vector_Embedding_Integration/Data/Malayalam_Female/wav/07_F_set_04_031.wav	9.99275
/home/vijay/Desktop/All_Files/ALL_TTS/DIS_Vector_Embedding_Integration/Data/Malayalam_Female/wav/07_F_set_22_161.wav	3.968
/home/vijay/Desktop/All_Files/ALL_TTS/DIS_Vector_Embedding_Integration/Data/Malayalam_Female/wav/07_F_set_06_087.wav	3.7516875
/home/vijay/Desktop/All_Files/ALL_TTS/DIS_Vector_Embedding_Integration/Data/Malayalam_Female/wav/07_F_set_09_121.wav	5.314
/home/vijay/Desktop/All_Files/ALL_TTS/DIS_Vector_Embedding_Integration/Data/Malayalam_Female/wav/07_F_set_07_087.wav	5.380875
/home/vijay/Desktop/All_Files/ALL_TTS/DIS_Vector_Embedding_Integration/Data/Malayalam_Female/wav/07_F_set_25_075.wav	5.904
/home/vijay/Desktop/All_Files/ALL_TTS/DIS_Vector_Embedding_Integration/Data/Malayalam_Female/wav/07_F_set_23_138.wav	4.112
/home/vijay/Desktop/All_Files/ALL_TTS/DIS_Vector_Embedding_Integration/Data/Malayalam_Female/wav/07_F_set_10_105.wav	8.16
/home/vijay/Desktop/All_Files/ALL_TTS/DIS_Vector_Embedding_Integration/Data/Malayalam_Female/wav/07_F_set_14_057.wav	12.912
/home/vijay/Desktop/All_Files/ALL_TTS/DIS_Vector_Embedding_Integration/Data/Malayalam_Female/wav/07_F_set_07_155.wav	4.8409375
/home/vijay/Desktop/All_Files/ALL_TTS/DIS_Vector_Embedding_Integration/Data/Malayalam_Female/wav/07_F_set_08_199.wav	5.3894375
/home/vijay/Desktop/All_Files/ALL_TTS/DIS_Vector_Embedding_Integration/Data/Malayalam_Female/wav/07_F_set_14_012.wav	4.0
/home/vijay/Desktop/All_Files/ALL_TTS/DIS_Vector_Embedding_Integration/Data/Malayalam_Female/wav/07_F_set_05_078.wav	5.296
/home/vijay/Desktop/All_Files/ALL_TTS/DIS_Vector_Embedding_Integration/Data/Malayalam_Female/wav/07_F_set_27_074.wav	4.5765
/home/vijay/Desktop/All_Files/ALL_TTS/DIS_Vector_Embedding_Integration/Data/Malayalam_Female/wav/07_F_set_11_024.wav	6.672
/home/vijay/Desktop/All_Files/ALL_TTS/DIS_Vector_Embedding_Integration/Data/Malayalam_Female/wav/07_F_set_27_083.wav	6.304
/home/vijay/Desktop/All_Files/ALL_TTS/DIS_Vector_Embedding_Integration/Data/Malayalam_Female/wav/07_F_set_04_017.wav	7.264
/home/vijay/Desktop/All_Files/ALL_TTS/DIS_Vector_Embedding_Integration/Data/Malayalam_Female/wav/07_F_set_26_010.wav	3.174875
/home/vijay/Desktop/All_Files/ALL_TTS/DIS_Vector_Embedding_Integration/Data/Malayalam_Female/wav/07_F_set_18_085.wav	6.15625
/home/vijay/Desktop/All_Files/ALL_TTS/DIS_Vector_Embedding_Integration/Data/Malayalam_Female/wav/07_F_set_14_059.wav	3.808
/home/vijay/Desktop/All_Files/ALL_TTS/DIS_Vector_Embedding_Integration/Data/Malayalam_Female/wav/07_F_set_23_236.wav	3.4634375
/home/vijay/Desktop/All_Files/ALL_TTS/DIS_Vector_Embedding_Integration/Data/Malayalam_Female/wav/07_F_set_26_156.wav	5.54375
/home/vijay/Desktop/All_Files/ALL_TTS/DIS_Vector_Embedding_Integration/Data/Malayalam_Female/wav/07_F_set_06_085.wav	7.36
/home/vijay/Desktop/All_Files/ALL_TTS/DIS_Vector_Embedding_Integration/Data/Malayalam_Female/wav/07_F_set_27_141.wav	7.472
/home/vijay/Desktop/All_Files/ALL_TTS/DIS_Vector_Embedding_Integration/Data/Malayalam_Female/wav/07_F_set_11_009.wav	4.224
/home/vijay/Desktop/All_Files/ALL_TTS/DIS_Vector_Embedding_Integration/Data/Malayalam_Female/wav/07_F_set_09_020.wav	4.224
/home/vijay/Desktop/All_Files/ALL_TTS/DIS_Vector_Embedding_Integration/Data/Malayalam_Female/wav/07_F_set_11_161.wav	5.056
/home/vijay/Desktop/All_Files/ALL_TTS/DIS_Vector_Embedding_Integration/Data/Malayalam_Female/wav/07_F_set_05_176.wav	4.176
/home/vijay/Desktop/All_Files/ALL_TTS/DIS_Vector_Embedding_Integration/Data/Malayalam_Female/wav/07_F_set_24_063.wav	4.704
/home/vijay/Desktop/All_Files/ALL_TTS/DIS_Vector_Embedding_Integration/Data/Malayalam_Female/wav/07_F_set_16_171.wav	5.3415
/home/vijay/Desktop/All_Files/ALL_TTS/DIS_Vector_Embedding_Integration/Data/Malayalam_Female/wav/07_F_set_22_056.wav	4.864
/home/vijay/Desktop/All_Files/ALL_TTS/DIS_Vector_Embedding_Integration/Data/Malayalam_Female/wav/07_F_set_17_013.wav	6.48
/home/vijay/Desktop/All_Files/ALL_TTS/DIS_Vector_Embedding_Integration/Data/Malayalam_Female/wav/07_F_set_06_141.wav	2.752
/home/vijay/Desktop/All_Files/ALL_TTS/DIS_Vector_Embedding_Integration/Data/Malayalam_Female/wav/07_F_set_24_088.wav	3.312
/home/vijay/Desktop/All_Files/ALL_TTS/DIS_Vector_Embedding_Integration/Data/Malayalam_Female/wav/07_F_set_08_039.wav	3.3693125
/home/vijay/Desktop/All_Files/ALL_TTS/DIS_Vector_Embedding_Integration/Data/Malayalam_Female/wav/07_F_set_12_175.wav	2.464
/home/vijay/Desktop/All_Files/ALL_TTS/DIS_Vector_Embedding_Integration/Data/Malayalam_Female/wav/07_F_set_25_124.wav	4.704
/home/vijay/Desktop/All_Files/ALL_TTS/DIS_Vector_Embedding_Integration/Data/Malayalam_Female/wav/07_F_set_18_082.wav	3.1465
/home/vijay/Desktop/All_Files/ALL_TTS/DIS_Vector_Embedding_Integration/Data/Malayalam_Female/wav/07_F_set_13_122.wav	4.0690625
/home/vijay/Desktop/All_Files/ALL_TTS/DIS_Vector_Embedding_Integration/Data/Malayalam_Female/wav/07_F_set_23_012.wav	5.152
/home/vijay/Desktop/All_Files/ALL_TTS/DIS_Vector_Embedding_Integration/Data/Malayalam_Female/wav/07_F_set_14_053.wav	2.4730625
/home/vijay/Desktop/All_Files/ALL_TTS/DIS_Vector_Embedding_Integration/Data/Malayalam_Female/wav/07_F_set_07_122.wav	7.616
/home/vijay/Desktop/All_Files/ALL_TTS/DIS_Vector_Embedding_Integration/Data/Malayalam_Female/wav/07_F_set_23_049.wav	2.496
/home/vijay/Desktop/All_Files/ALL_TTS/DIS_Vector_Embedding_Integration/Data/Malayalam_Female/wav/07_F_set_05_128.wav	2.4
/home/vijay/Desktop/All_Files/ALL_TTS/DIS_Vector_Embedding_Integration/Data/Malayalam_Female/wav/07_F_set_22_020.wav	9.776
/home/vijay/Desktop/All_Files/ALL_TTS/DIS_Vector_Embedding_Integration/Data/Malayalam_Female/wav/07_F_set_17_197.wav	5.328
/home/vijay/Desktop/All_Files/ALL_TTS/DIS_Vector_Embedding_Integration/Data/Malayalam_Female/wav/07_F_set_23_018.wav	10.103
/home/vijay/Desktop/All_Files/ALL_TTS/DIS_Vector_Embedding_Integration/Data/Malayalam_Female/wav/07_F_set_13_170.wav	2.8131875
/home/vijay/Desktop/All_Files/ALL_TTS/DIS_Vector_Embedding_Integration/Data/Malayalam_Female/wav/07_F_set_23_133.wav	6.1380625
/home/vijay/Desktop/All_Files/ALL_TTS/DIS_Vector_Embedding_Integration/Data/Malayalam_Female/wav/07_F_set_24_240.wav	3.44
/home/vijay/Desktop/All_Files/ALL_TTS/DIS_Vector_Embedding_Integration/Data/Malayalam_Female/wav/07_F_set_19_024.wav	3.44
/home/vijay/Desktop/All_Files/ALL_TTS/DIS_Vector_Embedding_Integration/Data/Malayalam_Female/wav/07_F_set_24_140.wav	3.3455625
/home/vijay/Desktop/All_Files/ALL_TTS/DIS_Vector_Embedding_Integration/Data/Malayalam_Female/wav/07_F_set_05_181.wav	2.8041875
/home/vijay/Desktop/All_Files/ALL_TTS/DIS_Vector_Embedding_Integration/Data/Malayalam_Female/wav/07_F_set_07_104.wav	3.04
/home/vijay/Desktop/All_Files/ALL_TTS/DIS_Vector_Embedding_Integration/Data/Malayalam_Female/wav/07_F_set_10_200.wav	4.262875
/home/vijay/Desktop/All_Files/ALL_TTS/DIS_Vector_Embedding_Integration/Data/Malayalam_Female/wav/07_F_set_18_194.wav	6.768
/home/vijay/Desktop/All_Files/ALL_TTS/DIS_Vector_Embedding_Integration/Data/Malayalam_Female/wav/07_F_set_27_067.wav	9.12
/home/vijay/Desktop/All_Files/ALL_TTS/DIS_Vector_Embedding_Integration/Data/Malayalam_Female/wav/07_F_set_12_054.wav	8.0103125
/home/vijay/Desktop/All_Files/ALL_TTS/DIS_Vector_Embedding_Integration/Data/Malayalam_Female/wav/07_F_set_18_041.wav	3.36
/home/vijay/Desktop/All_Files/ALL_TTS/DIS_Vector_Embedding_Integration/Data/Malayalam_Female/wav/07_F_set_27_136.wav	3.536
/home/vijay/Desktop/All_Files/ALL_TTS/DIS_Vector_Embedding_Integration/Data/Malayalam_Female/wav/07_F_set_27_021.wav	4.416
/home/vijay/Desktop/All_Files/ALL_TTS/DIS_Vector_Embedding_Integration/Data/Malayalam_Female/wav/07_F_set_13_159.wav	2.448
/home/vijay/Desktop/All_Files/ALL_TTS/DIS_Vector_Embedding_Integration/Data/Malayalam_Female/wav/07_F_set_06_094.wav	2.704
/home/vijay/Desktop/All_Files/ALL_TTS/DIS_Vector_Embedding_Integration/Data/Malayalam_Female/wav/07_F_set_16_192.wav	9.184
/home/vijay/Desktop/All_Files/ALL_TTS/DIS_Vector_Embedding_Integration/Data/Malayalam_Female/wav/07_F_set_17_069.wav	4.1145
/home/vijay/Desktop/All_Files/ALL_TTS/DIS_Vector_Embedding_Integration/Data/Malayalam_Female/wav/07_F_set_11_199.wav	4.368
/home/vijay/Desktop/All_Files/ALL_TTS/DIS_Vector_Embedding_Integration/Data/Malayalam_Female/wav/07_F_set_24_234.wav	4.976125
/home/vijay/Desktop/All_Files/ALL_TTS/DIS_Vector_Embedding_Integration/Data/Malayalam_Female/wav/07_F_set_11_154.wav	2.272
/home/vijay/Desktop/All_Files/ALL_TTS/DIS_Vector_Embedding_Integration/Data/Malayalam_Female/wav/07_F_set_23_231.wav	3.07575
/home/vijay/Desktop/All_Files/ALL_TTS/DIS_Vector_Embedding_Integration/Data/Malayalam_Female/wav/07_F_set_08_140.wav	3.5461875
/home/vijay/Desktop/All_Files/ALL_TTS/DIS_Vector_Embedding_Integration/Data/Malayalam_Female/wav/07_F_set_11_115.wav	2.592
/home/vijay/Desktop/All_Files/ALL_TTS/DIS_Vector_Embedding_Integration/Data/Malayalam_Female/wav/07_F_set_09_086.wav	6.416
/home/vijay/Desktop/All_Files/ALL_TTS/DIS_Vector_Embedding_Integration/Data/Malayalam_Female/wav/07_F_set_17_066.wav	2.288
/home/vijay/Desktop/All_Files/ALL_TTS/DIS_Vector_Embedding_Integration/Data/Malayalam_Female/wav/07_F_set_07_120.wav	4.384
/home/vijay/Desktop/All_Files/ALL_TTS/DIS_Vector_Embedding_Integration/Data/Malayalam_Female/wav/07_F_set_11_118.wav	11.504
/home/vijay/Desktop/All_Files/ALL_TTS/DIS_Vector_Embedding_Integration/Data/Malayalam_Female/wav/07_F_set_09_085.wav	7.296
/home/vijay/Desktop/All_Files/ALL_TTS/DIS_Vector_Embedding_Integration/Data/Malayalam_Female/wav/07_F_set_13_043.wav	6.624
/home/vijay/Desktop/All_Files/ALL_TTS/DIS_Vector_Embedding_Integration/Data/Malayalam_Female/wav/07_F_set_12_185.wav	7.776
/home/vijay/Desktop/All_Files/ALL_TTS/DIS_Vector_Embedding_Integration/Data/Malayalam_Female/wav/07_F_set_23_097.wav	2.464
/home/vijay/Desktop/All_Files/ALL_TTS/DIS_Vector_Embedding_Integration/Data/Malayalam_Female/wav/07_F_set_18_172.wav	5.513875
/home/vijay/Desktop/All_Files/ALL_TTS/DIS_Vector_Embedding_Integration/Data/Malayalam_Female/wav/07_F_set_24_342.wav	2.4
/home/vijay/Desktop/All_Files/ALL_TTS/DIS_Vector_Embedding_Integration/Data/Malayalam_Female/wav/07_F_set_04_013.wav	2.085625
/home/vijay/Desktop/All_Files/ALL_TTS/DIS_Vector_Embedding_Integration/Data/Malayalam_Female/wav/07_F_set_17_184.wav	2.96
/home/vijay/Desktop/All_Files/ALL_TTS/DIS_Vector_Embedding_Integration/Data/Malayalam_Female/wav/07_F_set_06_035.wav	10.02925
/home/vijay/Desktop/All_Files/ALL_TTS/DIS_Vector_Embedding_Integration/Data/Malayalam_Female/wav/07_F_set_07_048.wav	3.088
/home/vijay/Desktop/All_Files/ALL_TTS/DIS_Vector_Embedding_Integration/Data/Malayalam_Female/wav/07_F_set_25_072.wav	2.768
/home/vijay/Desktop/All_Files/ALL_TTS/DIS_Vector_Embedding_Integration/Data/Malayalam_Female/wav/07_F_set_22_232.wav	2.475875
/home/vijay/Desktop/All_Files/ALL_TTS/DIS_Vector_Embedding_Integration/Data/Malayalam_Female/wav/07_F_set_18_047.wav	2.832
/home/vijay/Desktop/All_Files/ALL_TTS/DIS_Vector_Embedding_Integration/Data/Malayalam_Female/wav/07_F_set_08_097.wav	3.3870625
/home/vijay/Desktop/All_Files/ALL_TTS/DIS_Vector_Embedding_Integration/Data/Malayalam_Female/wav/07_F_set_17_024.wav	3.712
/home/vijay/Desktop/All_Files/ALL_TTS/DIS_Vector_Embedding_Integration/Data/Malayalam_Female/wav/07_F_set_05_074.wav	4.224
/home/vijay/Desktop/All_Files/ALL_TTS/DIS_Vector_Embedding_Integration/Data/Malayalam_Female/wav/07_F_set_07_110.wav	2.192
/home/vijay/Desktop/All_Files/ALL_TTS/DIS_Vector_Embedding_Integration/Data/Malayalam_Female/wav/07_F_set_09_065.wav	9.2521875
/home/vijay/Desktop/All_Files/ALL_TTS/DIS_Vector_Embedding_Integration/Data/Malayalam_Female/wav/07_F_set_19_093.wav	8.544
/home/vijay/Desktop/All_Files/ALL_TTS/DIS_Vector_Embedding_Integration/Data/Malayalam_Female/wav/07_F_set_25_170.wav	2.128
/home/vijay/Desktop/All_Files/ALL_TTS/DIS_Vector_Embedding_Integration/Data/Malayalam_Female/wav/07_F_set_23_030.wav	5.472
/home/vijay/Desktop/All_Files/ALL_TTS/DIS_Vector_Embedding_Integration/Data/Malayalam_Female/wav/07_F_set_10_151.wav	3.41
/home/vijay/Desktop/All_Files/ALL_TTS/DIS_Vector_Embedding_Integration/Data/Malayalam_Female/wav/07_F_set_26_025.wav	2.72
/home/vijay/Desktop/All_Files/ALL_TTS/DIS_Vector_Embedding_Integration/Data/Malayalam_Female/wav/07_F_set_09_182.wav	5.0026875
/home/vijay/Desktop/All_Files/ALL_TTS/DIS_Vector_Embedding_Integration/Data/Malayalam_Female/wav/07_F_set_07_149.wav	5.629125
/home/vijay/Desktop/All_Files/ALL_TTS/DIS_Vector_Embedding_Integration/Data/Malayalam_Female/wav/07_F_set_19_095.wav	4.61975
/home/vijay/Desktop/All_Files/ALL_TTS/DIS_Vector_Embedding_Integration/Data/Malayalam_Female/wav/07_F_set_13_108.wav	2.6280625
/home/vijay/Desktop/All_Files/ALL_TTS/DIS_Vector_Embedding_Integration/Data/Malayalam_Female/wav/07_F_set_27_118.wav	2.288
/home/vijay/Desktop/All_Files/ALL_TTS/DIS_Vector_Embedding_Integration/Data/Malayalam_Female/wav/07_F_set_04_182.wav	2.352
/home/vijay/Desktop/All_Files/ALL_TTS/DIS_Vector_Embedding_Integration/Data/Malayalam_Female/wav/07_F_set_13_099.wav	4.576
/home/vijay/Desktop/All_Files/ALL_TTS/DIS_Vector_Embedding_Integration/Data/Malayalam_Female/wav/07_F_set_23_036.wav	3.792
/home/vijay/Desktop/All_Files/ALL_TTS/DIS_Vector_Embedding_Integration/Data/Malayalam_Female/wav/07_F_set_13_047.wav	5.744
/home/vijay/Desktop/All_Files/ALL_TTS/DIS_Vector_Embedding_Integration/Data/Malayalam_Female/wav/07_F_set_04_173.wav	4.176
/home/vijay/Desktop/All_Files/ALL_TTS/DIS_Vector_Embedding_Integration/Data/Malayalam_Female/wav/07_F_set_24_292.wav	3.632
/home/vijay/Desktop/All_Files/ALL_TTS/DIS_Vector_Embedding_Integration/Data/Malayalam_Female/wav/07_F_set_27_123.wav	7.296
/home/vijay/Desktop/All_Files/ALL_TTS/DIS_Vector_Embedding_Integration/Data/Malayalam_Female/wav/07_F_set_26_042.wav	5.84
/home/vijay/Desktop/All_Files/ALL_TTS/DIS_Vector_Embedding_Integration/Data/Malayalam_Female/wav/07_F_set_13_161.wav	3.416375
/home/vijay/Desktop/All_Files/ALL_TTS/DIS_Vector_Embedding_Integration/Data/Malayalam_Female/wav/07_F_set_11_085.wav	7.216
/home/vijay/Desktop/All_Files/ALL_TTS/DIS_Vector_Embedding_Integration/Data/Malayalam_Female/wav/07_F_set_25_073.wav	8.6023125
/home/vijay/Desktop/All_Files/ALL_TTS/DIS_Vector_Embedding_Integration/Data/Malayalam_Female/wav/07_F_set_13_176.wav	5.8345625
/home/vijay/Desktop/All_Files/ALL_TTS/DIS_Vector_Embedding_Integration/Data/Malayalam_Female/wav/07_F_set_05_089.wav	5.84
/home/vijay/Desktop/All_Files/ALL_TTS/DIS_Vector_Embedding_Integration/Data/Malayalam_Female/wav/07_F_set_27_078.wav	6.988625
/home/vijay/Desktop/All_Files/ALL_TTS/DIS_Vector_Embedding_Integration/Data/Malayalam_Female/wav/07_F_set_24_218.wav	5.088
/home/vijay/Desktop/All_Files/ALL_TTS/DIS_Vector_Embedding_Integration/Data/Malayalam_Female/wav/07_F_set_17_064.wav	7.68
/home/vijay/Desktop/All_Files/ALL_TTS/DIS_Vector_Embedding_Integration/Data/Malayalam_Female/wav/07_F_set_25_065.wav	3.207
/home/vijay/Desktop/All_Files/ALL_TTS/DIS_Vector_Embedding_Integration/Data/Malayalam_Female/wav/07_F_set_13_005.wav	2.440125
/home/vijay/Desktop/All_Files/ALL_TTS/DIS_Vector_Embedding_Integration/Data/Malayalam_Female/wav/07_F_set_10_107.wav	4.336
/home/vijay/Desktop/All_Files/ALL_TTS/DIS_Vector_Embedding_Integration/Data/Malayalam_Female/wav/07_F_set_09_136.wav	6.592
/home/vijay/Desktop/All_Files/ALL_TTS/DIS_Vector_Embedding_Integration/Data/Malayalam_Female/wav/07_F_set_25_074.wav	4.016
/home/vijay/Desktop/All_Files/ALL_TTS/DIS_Vector_Embedding_Integration/Data/Malayalam_Female/wav/07_F_set_12_129.wav	3.727875
/home/vijay/Desktop/All_Files/ALL_TTS/DIS_Vector_Embedding_Integration/Data/Malayalam_Female/wav/07_F_set_11_094.wav	5.2218125
/home/vijay/Desktop/All_Files/ALL_TTS/DIS_Vector_Embedding_Integration/Data/Malayalam_Female/wav/07_F_set_26_096.wav	3.696
/home/vijay/Desktop/All_Files/ALL_TTS/DIS_Vector_Embedding_Integration/Data/Malayalam_Female/wav/07_F_set_11_083.wav	3.184
/home/vijay/Desktop/All_Files/ALL_TTS/DIS_Vector_Embedding_Integration/Data/Malayalam_Female/wav/07_F_set_09_050.wav	7.712
/home/vijay/Desktop/All_Files/ALL_TTS/DIS_Vector_Embedding_Integration/Data/Malayalam_Female/wav/07_F_set_12_008.wav	4.336
/home/vijay/Desktop/All_Files/ALL_TTS/DIS_Vector_Embedding_Integration/Data/Malayalam_Female/wav/07_F_set_11_159.wav	5.4598125
/home/vijay/Desktop/All_Files/ALL_TTS/DIS_Vector_Embedding_Integration/Data/Malayalam_Female/wav/07_F_set_23_171.wav	7.65425
/home/vijay/Desktop/All_Files/ALL_TTS/DIS_Vector_Embedding_Integration/Data/Malayalam_Female/wav/07_F_set_06_195.wav	7.459625
/home/vijay/Desktop/All_Files/ALL_TTS/DIS_Vector_Embedding_Integration/Data/Malayalam_Female/wav/07_F_set_06_114.wav	3.2058125
/home/vijay/Desktop/All_Files/ALL_TTS/DIS_Vector_Embedding_Integration/Data/Malayalam_Female/wav/07_F_set_12_177.wav	5.568
/home/vijay/Desktop/All_Files/ALL_TTS/DIS_Vector_Embedding_Integration/Data/Malayalam_Female/wav/07_F_set_06_072.wav	5.616
/home/vijay/Desktop/All_Files/ALL_TTS/DIS_Vector_Embedding_Integration/Data/Malayalam_Female/wav/07_F_set_23_217.wav	2.368
/home/vijay/Desktop/All_Files/ALL_TTS/DIS_Vector_Embedding_Integration/Data/Malayalam_Female/wav/07_F_set_04_030.wav	2.288
/home/vijay/Desktop/All_Files/ALL_TTS/DIS_Vector_Embedding_Integration/Data/Malayalam_Female/wav/07_F_set_25_066.wav	3.839
/home/vijay/Desktop/All_Files/ALL_TTS/DIS_Vector_Embedding_Integration/Data/Malayalam_Female/wav/07_F_set_11_087.wav	5.5403125
/home/vijay/Desktop/All_Files/ALL_TTS/DIS_Vector_Embedding_Integration/Data/Malayalam_Female/wav/07_F_set_12_108.wav	7.84
/home/vijay/Desktop/All_Files/ALL_TTS/DIS_Vector_Embedding_Integration/Data/Malayalam_Female/wav/07_F_set_17_068.wav	2.737875
/home/vijay/Desktop/All_Files/ALL_TTS/DIS_Vector_Embedding_Integration/Data/Malayalam_Female/wav/07_F_set_05_081.wav	5.248
/home/vijay/Desktop/All_Files/ALL_TTS/DIS_Vector_Embedding_Integration/Data/Malayalam_Female/wav/07_F_set_27_041.wav	4.656
/home/vijay/Desktop/All_Files/ALL_TTS/DIS_Vector_Embedding_Integration/Data/Malayalam_Female/wav/07_F_set_25_168.wav	4.192
/home/vijay/Desktop/All_Files/ALL_TTS/DIS_Vector_Embedding_Integration/Data/Malayalam_Female/wav/07_F_set_10_140.wav	4.123375
/home/vijay/Desktop/All_Files/ALL_TTS/DIS_Vector_Embedding_Integration/Data/Malayalam_Female/wav/07_F_set_27_008.wav	6.032
/home/vijay/Desktop/All_Files/ALL_TTS/DIS_Vector_Embedding_Integration/Data/Malayalam_Female/wav/07_F_set_13_155.wav	6.752
/home/vijay/Desktop/All_Files/ALL_TTS/DIS_Vector_Embedding_Integration/Data/Malayalam_Female/wav/07_F_set_24_099.wav	2.016
/home/vijay/Desktop/All_Files/ALL_TTS/DIS_Vector_Embedding_Integration/Data/Malayalam_Female/wav/07_F_set_13_178.wav	4.2340625
/home/vijay/Desktop/All_Files/ALL_TTS/DIS_Vector_Embedding_Integration/Data/Malayalam_Female/wav/07_F_set_24_295.wav	2.448
/home/vijay/Desktop/All_Files/ALL_TTS/DIS_Vector_Embedding_Integration/Data/Malayalam_Female/wav/07_F_set_06_080.wav	3.77425
/home/vijay/Desktop/All_Files/ALL_TTS/DIS_Vector_Embedding_Integration/Data/Malayalam_Female/wav/07_F_set_23_081.wav	4.784
/home/vijay/Desktop/All_Files/ALL_TTS/DIS_Vector_Embedding_Integration/Data/Malayalam_Female/wav/07_F_set_17_157.wav	2.725
/home/vijay/Desktop/All_Files/ALL_TTS/DIS_Vector_Embedding_Integration/Data/Malayalam_Female/wav/07_F_set_05_085.wav	5.92
/home/vijay/Desktop/All_Files/ALL_TTS/DIS_Vector_Embedding_Integration/Data/Malayalam_Female/wav/07_F_set_05_129.wav	5.536
/home/vijay/Desktop/All_Files/ALL_TTS/DIS_Vector_Embedding_Integration/Data/Malayalam_Female/wav/07_F_set_06_040.wav	5.008
/home/vijay/Desktop/All_Files/ALL_TTS/DIS_Vector_Embedding_Integration/Data/Malayalam_Female/wav/07_F_set_23_031.wav	3.568
/home/vijay/Desktop/All_Files/ALL_TTS/DIS_Vector_Embedding_Integration/Data/Malayalam_Female/wav/07_F_set_09_146.wav	6.272
/home/vijay/Desktop/All_Files/ALL_TTS/DIS_Vector_Embedding_Integration/Data/Malayalam_Female/wav/07_F_set_24_277.wav	8.224
/home/vijay/Desktop/All_Files/ALL_TTS/DIS_Vector_Embedding_Integration/Data/Malayalam_Female/wav/07_F_set_23_221.wav	4.08
/home/vijay/Desktop/All_Files/ALL_TTS/DIS_Vector_Embedding_Integration/Data/Malayalam_Female/wav/07_F_set_11_021.wav	6.416
/home/vijay/Desktop/All_Files/ALL_TTS/DIS_Vector_Embedding_Integration/Data/Malayalam_Female/wav/07_F_set_22_050.wav	9.104
/home/vijay/Desktop/All_Files/ALL_TTS/DIS_Vector_Embedding_Integration/Data/Malayalam_Female/wav/07_F_set_23_230.wav	2.96
/home/vijay/Desktop/All_Files/ALL_TTS/DIS_Vector_Embedding_Integration/Data/Malayalam_Female/wav/07_F_set_07_046.wav	5.776
/home/vijay/Desktop/All_Files/ALL_TTS/DIS_Vector_Embedding_Integration/Data/Malayalam_Female/wav/07_F_set_03_132.wav	2.128
/home/vijay/Desktop/All_Files/ALL_TTS/DIS_Vector_Embedding_Integration/Data/Malayalam_Female/wav/07_F_set_23_121.wav	3.1251875
/home/vijay/Desktop/All_Files/ALL_TTS/DIS_Vector_Embedding_Integration/Data/Malayalam_Female/wav/07_F_set_16_189.wav	4.912
/home/vijay/Desktop/All_Files/ALL_TTS/DIS_Vector_Embedding_Integration/Data/Malayalam_Female/wav/07_F_set_23_091.wav	5.744
/home/vijay/Desktop/All_Files/ALL_TTS/DIS_Vector_Embedding_Integration/Data/Malayalam_Female/wav/07_F_set_11_010.wav	9.328
/home/vijay/Desktop/All_Files/ALL_TTS/DIS_Vector_Embedding_Integration/Data/Malayalam_Female/wav/07_F_set_13_117.wav	4.416
/home/vijay/Desktop/All_Files/ALL_TTS/DIS_Vector_Embedding_Integration/Data/Malayalam_Female/wav/07_F_set_04_082.wav	3.808
/home/vijay/Desktop/All_Files/ALL_TTS/DIS_Vector_Embedding_Integration/Data/Malayalam_Female/wav/07_F_set_08_057.wav	2.256
/home/vijay/Desktop/All_Files/ALL_TTS/DIS_Vector_Embedding_Integration/Data/Malayalam_Female/wav/07_F_set_27_138.wav	6.528
/home/vijay/Desktop/All_Files/ALL_TTS/DIS_Vector_Embedding_Integration/Data/Malayalam_Female/wav/07_F_set_13_151.wav	4.544
/home/vijay/Desktop/All_Files/ALL_TTS/DIS_Vector_Embedding_Integration/Data/Malayalam_Female/wav/07_F_set_26_018.wav	3.376
/home/vijay/Desktop/All_Files/ALL_TTS/DIS_Vector_Embedding_Integration/Data/Malayalam_Female/wav/07_F_set_18_035.wav	5.424
/home/vijay/Desktop/All_Files/ALL_TTS/DIS_Vector_Embedding_Integration/Data/Malayalam_Female/wav/07_F_set_23_179.wav	2.356375
/home/vijay/Desktop/All_Files/ALL_TTS/DIS_Vector_Embedding_Integration/Data/Malayalam_Female/wav/07_F_set_27_114.wav	4.224
/home/vijay/Desktop/All_Files/ALL_TTS/DIS_Vector_Embedding_Integration/Data/Malayalam_Female/wav/07_F_set_18_168.wav	3.68
/home/vijay/Desktop/All_Files/ALL_TTS/DIS_Vector_Embedding_Integration/Data/Malayalam_Female/wav/07_F_set_05_174.wav	2.88
/home/vijay/Desktop/All_Files/ALL_TTS/DIS_Vector_Embedding_Integration/Data/Malayalam_Female/wav/07_F_set_26_039.wav	4.827625
/home/vijay/Desktop/All_Files/ALL_TTS/DIS_Vector_Embedding_Integration/Data/Malayalam_Female/wav/07_F_set_10_199.wav	4.7925
/home/vijay/Desktop/All_Files/ALL_TTS/DIS_Vector_Embedding_Integration/Data/Malayalam_Female/wav/07_F_set_08_047.wav	3.824
/home/vijay/Desktop/All_Files/ALL_TTS/DIS_Vector_Embedding_Integration/Data/Malayalam_Female/wav/07_F_set_06_110.wav	7.456
/home/vijay/Desktop/All_Files/ALL_TTS/DIS_Vector_Embedding_Integration/Data/Malayalam_Female/wav/07_F_set_09_021.wav	10.192
/home/vijay/Desktop/All_Files/ALL_TTS/DIS_Vector_Embedding_Integration/Data/Malayalam_Female/wav/07_F_set_24_293.wav	3.424
/home/vijay/Desktop/All_Files/ALL_TTS/DIS_Vector_Embedding_Integration/Data/Malayalam_Female/wav/07_F_set_11_129.wav	2.741875
/home/vijay/Desktop/All_Files/ALL_TTS/DIS_Vector_Embedding_Integration/Data/Malayalam_Female/wav/07_F_set_04_035.wav	2.816
/home/vijay/Desktop/All_Files/ALL_TTS/DIS_Vector_Embedding_Integration/Data/Malayalam_Female/wav/07_F_set_09_071.wav	4.944
/home/vijay/Desktop/All_Files/ALL_TTS/DIS_Vector_Embedding_Integration/Data/Malayalam_Female/wav/07_F_set_19_041.wav	4.448
/home/vijay/Desktop/All_Files/ALL_TTS/DIS_Vector_Embedding_Integration/Data/Malayalam_Female/wav/07_F_set_22_187.wav	2.848
/home/vijay/Desktop/All_Files/ALL_TTS/DIS_Vector_Embedding_Integration/Data/Malayalam_Female/wav/07_F_set_18_170.wav	3.664
/home/vijay/Desktop/All_Files/ALL_TTS/DIS_Vector_Embedding_Integration/Data/Malayalam_Female/wav/07_F_set_04_188.wav	4.16475
/home/vijay/Desktop/All_Files/ALL_TTS/DIS_Vector_Embedding_Integration/Data/Malayalam_Female/wav/07_F_set_06_198.wav	4.992
/home/vijay/Desktop/All_Files/ALL_TTS/DIS_Vector_Embedding_Integration/Data/Malayalam_Female/wav/07_F_set_08_151.wav	2.48
/home/vijay/Desktop/All_Files/ALL_TTS/DIS_Vector_Embedding_Integration/Data/Malayalam_Female/wav/07_F_set_18_030.wav	4.384
/home/vijay/Desktop/All_Files/ALL_TTS/DIS_Vector_Embedding_Integration/Data/Malayalam_Female/wav/07_F_set_06_075.wav	3.168
/home/vijay/Desktop/All_Files/ALL_TTS/DIS_Vector_Embedding_Integration/Data/Malayalam_Female/wav/07_F_set_02_007.wav	2.6335625
/home/vijay/Desktop/All_Files/ALL_TTS/DIS_Vector_Embedding_Integration/Data/Malayalam_Female/wav/07_F_set_18_136.wav	2.496
/home/vijay/Desktop/All_Files/ALL_TTS/DIS_Vector_Embedding_Integration/Data/Malayalam_Female/wav/07_F_set_04_185.wav	4.0951875
/home/vijay/Desktop/All_Files/ALL_TTS/DIS_Vector_Embedding_Integration/Data/Malayalam_Female/wav/07_F_set_13_153.wav	6.528
/home/vijay/Desktop/All_Files/ALL_TTS/DIS_Vector_Embedding_Integration/Data/Malayalam_Female/wav/07_F_set_12_170.wav	4.56
/home/vijay/Desktop/All_Files/ALL_TTS/DIS_Vector_Embedding_Integration/Data/Malayalam_Female/wav/07_F_set_05_188.wav	4.192
/home/vijay/Desktop/All_Files/ALL_TTS/DIS_Vector_Embedding_Integration/Data/Malayalam_Female/wav/07_F_set_11_167.wav	2.528
/home/vijay/Desktop/All_Files/ALL_TTS/DIS_Vector_Embedding_Integration/Data/Malayalam_Female/wav/07_F_set_14_120.wav	3.152
/home/vijay/Desktop/All_Files/ALL_TTS/DIS_Vector_Embedding_Integration/Data/Malayalam_Female/wav/07_F_set_09_092.wav	2.992
/home/vijay/Desktop/All_Files/ALL_TTS/DIS_Vector_Embedding_Integration/Data/Malayalam_Female/wav/07_F_set_06_038.wav	3.616
/home/vijay/Desktop/All_Files/ALL_TTS/DIS_Vector_Embedding_Integration/Data/Malayalam_Female/wav/07_F_set_17_015.wav	5.68
/home/vijay/Desktop/All_Files/ALL_TTS/DIS_Vector_Embedding_Integration/Data/Malayalam_Female/wav/07_F_set_17_146.wav	3.18875
/home/vijay/Desktop/All_Files/ALL_TTS/DIS_Vector_Embedding_Integration/Data/Malayalam_Female/wav/07_F_set_09_123.wav	4.5238125
/home/vijay/Desktop/All_Files/ALL_TTS/DIS_Vector_Embedding_Integration/Data/Malayalam_Female/wav/07_F_set_13_006.wav	3.2971875
/home/vijay/Desktop/All_Files/ALL_TTS/DIS_Vector_Embedding_Integration/Data/Malayalam_Female/wav/07_F_set_14_110.wav	7.2
/home/vijay/Desktop/All_Files/ALL_TTS/DIS_Vector_Embedding_Integration/Data/Malayalam_Female/wav/07_F_set_24_093.wav	2.944
/home/vijay/Desktop/All_Files/ALL_TTS/DIS_Vector_Embedding_Integration/Data/Malayalam_Female/wav/07_F_set_13_046.wav	3.648
/home/vijay/Desktop/All_Files/ALL_TTS/DIS_Vector_Embedding_Integration/Data/Malayalam_Female/wav/07_F_set_24_169.wav	4.1113125
/home/vijay/Desktop/All_Files/ALL_TTS/DIS_Vector_Embedding_Integration/Data/Malayalam_Female/wav/07_F_set_05_130.wav	4.208
/home/vijay/Desktop/All_Files/ALL_TTS/DIS_Vector_Embedding_Integration/Data/Malayalam_Female/wav/07_F_set_07_185.wav	4.2489375
/home/vijay/Desktop/All_Files/ALL_TTS/DIS_Vector_Embedding_Integration/Data/Malayalam_Female/wav/07_F_set_14_109.wav	2.88
/home/vijay/Desktop/All_Files/ALL_TTS/DIS_Vector_Embedding_Integration/Data/Malayalam_Female/wav/07_F_set_08_148.wav	5.6
/home/vijay/Desktop/All_Files/ALL_TTS/DIS_Vector_Embedding_Integration/Data/Malayalam_Female/wav/07_F_set_23_165.wav	5.176
/home/vijay/Desktop/All_Files/ALL_TTS/DIS_Vector_Embedding_Integration/Data/Malayalam_Female/wav/07_F_set_18_087.wav	3.685375
/home/vijay/Desktop/All_Files/ALL_TTS/DIS_Vector_Embedding_Integration/Data/Malayalam_Female/wav/07_F_set_24_238.wav	2.24
/home/vijay/Desktop/All_Files/ALL_TTS/DIS_Vector_Embedding_Integration/Data/Malayalam_Female/wav/07_F_set_10_143.wav	5.376
/home/vijay/Desktop/All_Files/ALL_TTS/DIS_Vector_Embedding_Integration/Data/Malayalam_Female/wav/07_F_set_14_007.wav	4.144
/home/vijay/Desktop/All_Files/ALL_TTS/DIS_Vector_Embedding_Integration/Data/Malayalam_Female/wav/07_F_set_26_032.wav	2.848
/home/vijay/Desktop/All_Files/ALL_TTS/DIS_Vector_Embedding_Integration/Data/Malayalam_Female/wav/07_F_set_10_053.wav	8.736
