/home/vijay/Desktop/All_Files/ALL_TTS/DIS_Vector_Embedding_Integration/Data/Tamil_Male/wav/train_tamilmale_00289.wav	7.296
/home/vijay/Desktop/All_Files/ALL_TTS/DIS_Vector_Embedding_Integration/Data/Tamil_Male/wav/train_tamilmale_00430.wav	3.392
/home/vijay/Desktop/All_Files/ALL_TTS/DIS_Vector_Embedding_Integration/Data/Tamil_Male/wav/train_tamilmale_00303.wav	3.28
/home/vijay/Desktop/All_Files/ALL_TTS/DIS_Vector_Embedding_Integration/Data/Tamil_Male/wav/train_tamilmale_00287.wav	5.76
/home/vijay/Desktop/All_Files/ALL_TTS/DIS_Vector_Embedding_Integration/Data/Tamil_Male/wav/train_tamilmale_00397.wav	2.64
/home/vijay/Desktop/All_Files/ALL_TTS/DIS_Vector_Embedding_Integration/Data/Tamil_Male/wav/train_tamilmale_00179.wav	10.096
/home/vijay/Desktop/All_Files/ALL_TTS/DIS_Vector_Embedding_Integration/Data/Tamil_Male/wav/train_tamilmale_00360.wav	3.872
/home/vijay/Desktop/All_Files/ALL_TTS/DIS_Vector_Embedding_Integration/Data/Tamil_Male/wav/train_tamilmale_00066.wav	9.184
/home/vijay/Desktop/All_Files/ALL_TTS/DIS_Vector_Embedding_Integration/Data/Tamil_Male/wav/train_tamilmale_00263.wav	7.888
/home/vijay/Desktop/All_Files/ALL_TTS/DIS_Vector_Embedding_Integration/Data/Tamil_Male/wav/train_tamilmale_00131.wav	7.472
/home/vijay/Desktop/All_Files/ALL_TTS/DIS_Vector_Embedding_Integration/Data/Tamil_Male/wav/train_tamilmale_00231.wav	4.0
/home/vijay/Desktop/All_Files/ALL_TTS/DIS_Vector_Embedding_Integration/Data/Tamil_Male/wav/train_tamilmale_00158.wav	8.64
/home/vijay/Desktop/All_Files/ALL_TTS/DIS_Vector_Embedding_Integration/Data/Tamil_Male/wav/train_tamilmale_00378.wav	4.256
/home/vijay/Desktop/All_Files/ALL_TTS/DIS_Vector_Embedding_Integration/Data/Tamil_Male/wav/train_tamilmale_00025.wav	9.664
/home/vijay/Desktop/All_Files/ALL_TTS/DIS_Vector_Embedding_Integration/Data/Tamil_Male/wav/train_tamilmale_00255.wav	6.624
/home/vijay/Desktop/All_Files/ALL_TTS/DIS_Vector_Embedding_Integration/Data/Tamil_Male/wav/train_tamilmale_00219.wav	6.8
/home/vijay/Desktop/All_Files/ALL_TTS/DIS_Vector_Embedding_Integration/Data/Tamil_Male/wav/train_tamilmale_00147.wav	4.592
/home/vijay/Desktop/All_Files/ALL_TTS/DIS_Vector_Embedding_Integration/Data/Tamil_Male/wav/train_tamilmale_00055.wav	2.256
/home/vijay/Desktop/All_Files/ALL_TTS/DIS_Vector_Embedding_Integration/Data/Tamil_Male/wav/train_tamilmale_00351.wav	3.584
/home/vijay/Desktop/All_Files/ALL_TTS/DIS_Vector_Embedding_Integration/Data/Tamil_Male/wav/train_tamilmale_00357.wav	3.008
/home/vijay/Desktop/All_Files/ALL_TTS/DIS_Vector_Embedding_Integration/Data/Tamil_Male/wav/train_tamilmale_00420.wav	5.072
/home/vijay/Desktop/All_Files/ALL_TTS/DIS_Vector_Embedding_Integration/Data/Tamil_Male/wav/train_tamilmale_00216.wav	8.096
/home/vijay/Desktop/All_Files/ALL_TTS/DIS_Vector_Embedding_Integration/Data/Tamil_Male/wav/train_tamilmale_00034.wav	7.44
/home/vijay/Desktop/All_Files/ALL_TTS/DIS_Vector_Embedding_Integration/Data/Tamil_Male/wav/train_tamilmale_00208.wav	5.632
/home/vijay/Desktop/All_Files/ALL_TTS/DIS_Vector_Embedding_Integration/Data/Tamil_Male/wav/train_tamilmale_00297.wav	6.144
/home/vijay/Desktop/All_Files/ALL_TTS/DIS_Vector_Embedding_Integration/Data/Tamil_Male/wav/train_tamilmale_00350.wav	7.904
/home/vijay/Desktop/All_Files/ALL_TTS/DIS_Vector_Embedding_Integration/Data/Tamil_Male/wav/train_tamilmale_00433.wav	3.616
/home/vijay/Desktop/All_Files/ALL_TTS/DIS_Vector_Embedding_Integration/Data/Tamil_Male/wav/train_tamilmale_00099.wav	4.736
/home/vijay/Desktop/All_Files/ALL_TTS/DIS_Vector_Embedding_Integration/Data/Tamil_Male/wav/train_tamilmale_00258.wav	8.832
/home/vijay/Desktop/All_Files/ALL_TTS/DIS_Vector_Embedding_Integration/Data/Tamil_Male/wav/train_tamilmale_00137.wav	6.08
/home/vijay/Desktop/All_Files/ALL_TTS/DIS_Vector_Embedding_Integration/Data/Tamil_Male/wav/train_tamilmale_00256.wav	9.2
/home/vijay/Desktop/All_Files/ALL_TTS/DIS_Vector_Embedding_Integration/Data/Tamil_Male/wav/train_tamilmale_00210.wav	10.304
/home/vijay/Desktop/All_Files/ALL_TTS/DIS_Vector_Embedding_Integration/Data/Tamil_Male/wav/train_tamilmale_00046.wav	4.384
/home/vijay/Desktop/All_Files/ALL_TTS/DIS_Vector_Embedding_Integration/Data/Tamil_Male/wav/train_tamilmale_00246.wav	7.584
/home/vijay/Desktop/All_Files/ALL_TTS/DIS_Vector_Embedding_Integration/Data/Tamil_Male/wav/train_tamilmale_00435.wav	5.648
/home/vijay/Desktop/All_Files/ALL_TTS/DIS_Vector_Embedding_Integration/Data/Tamil_Male/wav/train_tamilmale_00056.wav	4.544
/home/vijay/Desktop/All_Files/ALL_TTS/DIS_Vector_Embedding_Integration/Data/Tamil_Male/wav/train_tamilmale_00319.wav	11.168
/home/vijay/Desktop/All_Files/ALL_TTS/DIS_Vector_Embedding_Integration/Data/Tamil_Male/wav/train_tamilmale_00298.wav	13.008
/home/vijay/Desktop/All_Files/ALL_TTS/DIS_Vector_Embedding_Integration/Data/Tamil_Male/wav/train_tamilmale_00011.wav	5.648
/home/vijay/Desktop/All_Files/ALL_TTS/DIS_Vector_Embedding_Integration/Data/Tamil_Male/wav/train_tamilmale_00240.wav	13.824
/home/vijay/Desktop/All_Files/ALL_TTS/DIS_Vector_Embedding_Integration/Data/Tamil_Male/wav/train_tamilmale_00039.wav	6.512
/home/vijay/Desktop/All_Files/ALL_TTS/DIS_Vector_Embedding_Integration/Data/Tamil_Male/wav/train_tamilmale_00159.wav	10.416
/home/vijay/Desktop/All_Files/ALL_TTS/DIS_Vector_Embedding_Integration/Data/Tamil_Male/wav/train_tamilmale_00151.wav	9.184
/home/vijay/Desktop/All_Files/ALL_TTS/DIS_Vector_Embedding_Integration/Data/Tamil_Male/wav/train_tamilmale_00120.wav	3.136
/home/vijay/Desktop/All_Files/ALL_TTS/DIS_Vector_Embedding_Integration/Data/Tamil_Male/wav/train_tamilmale_00390.wav	10.304
/home/vijay/Desktop/All_Files/ALL_TTS/DIS_Vector_Embedding_Integration/Data/Tamil_Male/wav/train_tamilmale_00389.wav	12.752
/home/vijay/Desktop/All_Files/ALL_TTS/DIS_Vector_Embedding_Integration/Data/Tamil_Male/wav/train_tamilmale_00181.wav	8.368
/home/vijay/Desktop/All_Files/ALL_TTS/DIS_Vector_Embedding_Integration/Data/Tamil_Male/wav/train_tamilmale_00027.wav	5.712
/home/vijay/Desktop/All_Files/ALL_TTS/DIS_Vector_Embedding_Integration/Data/Tamil_Male/wav/train_tamilmale_00327.wav	12.24
/home/vijay/Desktop/All_Files/ALL_TTS/DIS_Vector_Embedding_Integration/Data/Tamil_Male/wav/train_tamilmale_00074.wav	2.48
/home/vijay/Desktop/All_Files/ALL_TTS/DIS_Vector_Embedding_Integration/Data/Tamil_Male/wav/train_tamilmale_00185.wav	4.624
/home/vijay/Desktop/All_Files/ALL_TTS/DIS_Vector_Embedding_Integration/Data/Tamil_Male/wav/train_tamilmale_00053.wav	8.048
/home/vijay/Desktop/All_Files/ALL_TTS/DIS_Vector_Embedding_Integration/Data/Tamil_Male/wav/train_tamilmale_00209.wav	8.448
/home/vijay/Desktop/All_Files/ALL_TTS/DIS_Vector_Embedding_Integration/Data/Tamil_Male/wav/train_tamilmale_00180.wav	7.712
/home/vijay/Desktop/All_Files/ALL_TTS/DIS_Vector_Embedding_Integration/Data/Tamil_Male/wav/train_tamilmale_00114.wav	6.144
/home/vijay/Desktop/All_Files/ALL_TTS/DIS_Vector_Embedding_Integration/Data/Tamil_Male/wav/train_tamilmale_00091.wav	4.592
/home/vijay/Desktop/All_Files/ALL_TTS/DIS_Vector_Embedding_Integration/Data/Tamil_Male/wav/train_tamilmale_00308.wav	6.432
/home/vijay/Desktop/All_Files/ALL_TTS/DIS_Vector_Embedding_Integration/Data/Tamil_Male/wav/train_tamilmale_00394.wav	5.792
/home/vijay/Desktop/All_Files/ALL_TTS/DIS_Vector_Embedding_Integration/Data/Tamil_Male/wav/train_tamilmale_00349.wav	2.704
/home/vijay/Desktop/All_Files/ALL_TTS/DIS_Vector_Embedding_Integration/Data/Tamil_Male/wav/train_tamilmale_00204.wav	13.28
/home/vijay/Desktop/All_Files/ALL_TTS/DIS_Vector_Embedding_Integration/Data/Tamil_Male/wav/train_tamilmale_00103.wav	4.32
/home/vijay/Desktop/All_Files/ALL_TTS/DIS_Vector_Embedding_Integration/Data/Tamil_Male/wav/train_tamilmale_00426.wav	5.184
/home/vijay/Desktop/All_Files/ALL_TTS/DIS_Vector_Embedding_Integration/Data/Tamil_Male/wav/train_tamilmale_00408.wav	6.912
/home/vijay/Desktop/All_Files/ALL_TTS/DIS_Vector_Embedding_Integration/Data/Tamil_Male/wav/train_tamilmale_00438.wav	2.72
/home/vijay/Desktop/All_Files/ALL_TTS/DIS_Vector_Embedding_Integration/Data/Tamil_Male/wav/train_tamilmale_00395.wav	6.768
/home/vijay/Desktop/All_Files/ALL_TTS/DIS_Vector_Embedding_Integration/Data/Tamil_Male/wav/train_tamilmale_00393.wav	10.032
/home/vijay/Desktop/All_Files/ALL_TTS/DIS_Vector_Embedding_Integration/Data/Tamil_Male/wav/train_tamilmale_00162.wav	6.992
/home/vijay/Desktop/All_Files/ALL_TTS/DIS_Vector_Embedding_Integration/Data/Tamil_Male/wav/train_tamilmale_00354.wav	5.6
/home/vijay/Desktop/All_Files/ALL_TTS/DIS_Vector_Embedding_Integration/Data/Tamil_Male/wav/train_tamilmale_00105.wav	2.784
/home/vijay/Desktop/All_Files/ALL_TTS/DIS_Vector_Embedding_Integration/Data/Tamil_Male/wav/train_tamilmale_00305.wav	8.512
/home/vijay/Desktop/All_Files/ALL_TTS/DIS_Vector_Embedding_Integration/Data/Tamil_Male/wav/train_tamilmale_00227.wav	7.776
/home/vijay/Desktop/All_Files/ALL_TTS/DIS_Vector_Embedding_Integration/Data/Tamil_Male/wav/train_tamilmale_00280.wav	5.984
/home/vijay/Desktop/All_Files/ALL_TTS/DIS_Vector_Embedding_Integration/Data/Tamil_Male/wav/train_tamilmale_00418.wav	4.368
/home/vijay/Desktop/All_Files/ALL_TTS/DIS_Vector_Embedding_Integration/Data/Tamil_Male/wav/train_tamilmale_00252.wav	11.408
/home/vijay/Desktop/All_Files/ALL_TTS/DIS_Vector_Embedding_Integration/Data/Tamil_Male/wav/train_tamilmale_00338.wav	10.464
/home/vijay/Desktop/All_Files/ALL_TTS/DIS_Vector_Embedding_Integration/Data/Tamil_Male/wav/train_tamilmale_00192.wav	6.048
/home/vijay/Desktop/All_Files/ALL_TTS/DIS_Vector_Embedding_Integration/Data/Tamil_Male/wav/train_tamilmale_00213.wav	9.072
/home/vijay/Desktop/All_Files/ALL_TTS/DIS_Vector_Embedding_Integration/Data/Tamil_Male/wav/train_tamilmale_00199.wav	7.552
/home/vijay/Desktop/All_Files/ALL_TTS/DIS_Vector_Embedding_Integration/Data/Tamil_Male/wav/train_tamilmale_00268.wav	7.52
/home/vijay/Desktop/All_Files/ALL_TTS/DIS_Vector_Embedding_Integration/Data/Tamil_Male/wav/train_tamilmale_00359.wav	13.312
/home/vijay/Desktop/All_Files/ALL_TTS/DIS_Vector_Embedding_Integration/Data/Tamil_Male/wav/train_tamilmale_00284.wav	6.96
/home/vijay/Desktop/All_Files/ALL_TTS/DIS_Vector_Embedding_Integration/Data/Tamil_Male/wav/train_tamilmale_00174.wav	13.344
/home/vijay/Desktop/All_Files/ALL_TTS/DIS_Vector_Embedding_Integration/Data/Tamil_Male/wav/train_tamilmale_00009.wav	7.424
/home/vijay/Desktop/All_Files/ALL_TTS/DIS_Vector_Embedding_Integration/Data/Tamil_Male/wav/train_tamilmale_00375.wav	7.136
/home/vijay/Desktop/All_Files/ALL_TTS/DIS_Vector_Embedding_Integration/Data/Tamil_Male/wav/train_tamilmale_00377.wav	4.736
/home/vijay/Desktop/All_Files/ALL_TTS/DIS_Vector_Embedding_Integration/Data/Tamil_Male/wav/train_tamilmale_00370.wav	6.128
/home/vijay/Desktop/All_Files/ALL_TTS/DIS_Vector_Embedding_Integration/Data/Tamil_Male/wav/train_tamilmale_00391.wav	5.696
/home/vijay/Desktop/All_Files/ALL_TTS/DIS_Vector_Embedding_Integration/Data/Tamil_Male/wav/train_tamilmale_00373.wav	2.784
/home/vijay/Desktop/All_Files/ALL_TTS/DIS_Vector_Embedding_Integration/Data/Tamil_Male/wav/train_tamilmale_00320.wav	6.576
/home/vijay/Desktop/All_Files/ALL_TTS/DIS_Vector_Embedding_Integration/Data/Tamil_Male/wav/train_tamilmale_00203.wav	6.576
/home/vijay/Desktop/All_Files/ALL_TTS/DIS_Vector_Embedding_Integration/Data/Tamil_Male/wav/train_tamilmale_00024.wav	3.072
/home/vijay/Desktop/All_Files/ALL_TTS/DIS_Vector_Embedding_Integration/Data/Tamil_Male/wav/train_tamilmale_00318.wav	8.976
/home/vijay/Desktop/All_Files/ALL_TTS/DIS_Vector_Embedding_Integration/Data/Tamil_Male/wav/train_tamilmale_00118.wav	6.864
/home/vijay/Desktop/All_Files/ALL_TTS/DIS_Vector_Embedding_Integration/Data/Tamil_Male/wav/train_tamilmale_00016.wav	2.144
/home/vijay/Desktop/All_Files/ALL_TTS/DIS_Vector_Embedding_Integration/Data/Tamil_Male/wav/train_tamilmale_00337.wav	13.36
/home/vijay/Desktop/All_Files/ALL_TTS/DIS_Vector_Embedding_Integration/Data/Tamil_Male/wav/train_tamilmale_00441.wav	5.248
/home/vijay/Desktop/All_Files/ALL_TTS/DIS_Vector_Embedding_Integration/Data/Tamil_Male/wav/train_tamilmale_00383.wav	7.792
/home/vijay/Desktop/All_Files/ALL_TTS/DIS_Vector_Embedding_Integration/Data/Tamil_Male/wav/train_tamilmale_00218.wav	11.968
/home/vijay/Desktop/All_Files/ALL_TTS/DIS_Vector_Embedding_Integration/Data/Tamil_Male/wav/train_tamilmale_00407.wav	4.192
/home/vijay/Desktop/All_Files/ALL_TTS/DIS_Vector_Embedding_Integration/Data/Tamil_Male/wav/train_tamilmale_00182.wav	6.08
/home/vijay/Desktop/All_Files/ALL_TTS/DIS_Vector_Embedding_Integration/Data/Tamil_Male/wav/train_tamilmale_00170.wav	9.792
/home/vijay/Desktop/All_Files/ALL_TTS/DIS_Vector_Embedding_Integration/Data/Tamil_Male/wav/train_tamilmale_00422.wav	8.656
/home/vijay/Desktop/All_Files/ALL_TTS/DIS_Vector_Embedding_Integration/Data/Tamil_Male/wav/train_tamilmale_00044.wav	3.136
/home/vijay/Desktop/All_Files/ALL_TTS/DIS_Vector_Embedding_Integration/Data/Tamil_Male/wav/train_tamilmale_00244.wav	7.584
/home/vijay/Desktop/All_Files/ALL_TTS/DIS_Vector_Embedding_Integration/Data/Tamil_Male/wav/train_tamilmale_00342.wav	12.896
/home/vijay/Desktop/All_Files/ALL_TTS/DIS_Vector_Embedding_Integration/Data/Tamil_Male/wav/train_tamilmale_00385.wav	4.432
/home/vijay/Desktop/All_Files/ALL_TTS/DIS_Vector_Embedding_Integration/Data/Tamil_Male/wav/train_tamilmale_00299.wav	11.776
/home/vijay/Desktop/All_Files/ALL_TTS/DIS_Vector_Embedding_Integration/Data/Tamil_Male/wav/train_tamilmale_00068.wav	3.824
/home/vijay/Desktop/All_Files/ALL_TTS/DIS_Vector_Embedding_Integration/Data/Tamil_Male/wav/train_tamilmale_00083.wav	4.64
/home/vijay/Desktop/All_Files/ALL_TTS/DIS_Vector_Embedding_Integration/Data/Tamil_Male/wav/train_tamilmale_00184.wav	5.792
/home/vijay/Desktop/All_Files/ALL_TTS/DIS_Vector_Embedding_Integration/Data/Tamil_Male/wav/train_tamilmale_00358.wav	5.264
/home/vijay/Desktop/All_Files/ALL_TTS/DIS_Vector_Embedding_Integration/Data/Tamil_Male/wav/train_tamilmale_00386.wav	5.216
/home/vijay/Desktop/All_Files/ALL_TTS/DIS_Vector_Embedding_Integration/Data/Tamil_Male/wav/train_tamilmale_00271.wav	9.824
/home/vijay/Desktop/All_Files/ALL_TTS/DIS_Vector_Embedding_Integration/Data/Tamil_Male/wav/train_tamilmale_00339.wav	7.584
/home/vijay/Desktop/All_Files/ALL_TTS/DIS_Vector_Embedding_Integration/Data/Tamil_Male/wav/train_tamilmale_00128.wav	12.08
/home/vijay/Desktop/All_Files/ALL_TTS/DIS_Vector_Embedding_Integration/Data/Tamil_Male/wav/train_tamilmale_00093.wav	7.712
/home/vijay/Desktop/All_Files/ALL_TTS/DIS_Vector_Embedding_Integration/Data/Tamil_Male/wav/train_tamilmale_00398.wav	11.12
/home/vijay/Desktop/All_Files/ALL_TTS/DIS_Vector_Embedding_Integration/Data/Tamil_Male/wav/train_tamilmale_00119.wav	5.728
/home/vijay/Desktop/All_Files/ALL_TTS/DIS_Vector_Embedding_Integration/Data/Tamil_Male/wav/train_tamilmale_00283.wav	9.424
/home/vijay/Desktop/All_Files/ALL_TTS/DIS_Vector_Embedding_Integration/Data/Tamil_Male/wav/train_tamilmale_00084.wav	4.192
/home/vijay/Desktop/All_Files/ALL_TTS/DIS_Vector_Embedding_Integration/Data/Tamil_Male/wav/train_tamilmale_00245.wav	9.536
/home/vijay/Desktop/All_Files/ALL_TTS/DIS_Vector_Embedding_Integration/Data/Tamil_Male/wav/train_tamilmale_00374.wav	9.664
/home/vijay/Desktop/All_Files/ALL_TTS/DIS_Vector_Embedding_Integration/Data/Tamil_Male/wav/train_tamilmale_00344.wav	5.136
/home/vijay/Desktop/All_Files/ALL_TTS/DIS_Vector_Embedding_Integration/Data/Tamil_Male/wav/train_tamilmale_00250.wav	13.136
/home/vijay/Desktop/All_Files/ALL_TTS/DIS_Vector_Embedding_Integration/Data/Tamil_Male/wav/train_tamilmale_00325.wav	11.024
/home/vijay/Desktop/All_Files/ALL_TTS/DIS_Vector_Embedding_Integration/Data/Tamil_Male/wav/train_tamilmale_00425.wav	13.104
/home/vijay/Desktop/All_Files/ALL_TTS/DIS_Vector_Embedding_Integration/Data/Tamil_Male/wav/train_tamilmale_00029.wav	8.256
/home/vijay/Desktop/All_Files/ALL_TTS/DIS_Vector_Embedding_Integration/Data/Tamil_Male/wav/train_tamilmale_00171.wav	7.136
/home/vijay/Desktop/All_Files/ALL_TTS/DIS_Vector_Embedding_Integration/Data/Tamil_Male/wav/train_tamilmale_00095.wav	5.792
/home/vijay/Desktop/All_Files/ALL_TTS/DIS_Vector_Embedding_Integration/Data/Tamil_Male/wav/train_tamilmale_00193.wav	8.512
/home/vijay/Desktop/All_Files/ALL_TTS/DIS_Vector_Embedding_Integration/Data/Tamil_Male/wav/train_tamilmale_00247.wav	10.336
/home/vijay/Desktop/All_Files/ALL_TTS/DIS_Vector_Embedding_Integration/Data/Tamil_Male/wav/train_tamilmale_00323.wav	3.44
/home/vijay/Desktop/All_Files/ALL_TTS/DIS_Vector_Embedding_Integration/Data/Tamil_Male/wav/train_tamilmale_00028.wav	2.24
/home/vijay/Desktop/All_Files/ALL_TTS/DIS_Vector_Embedding_Integration/Data/Tamil_Male/wav/train_tamilmale_00186.wav	10.16
/home/vijay/Desktop/All_Files/ALL_TTS/DIS_Vector_Embedding_Integration/Data/Tamil_Male/wav/train_tamilmale_00381.wav	2.064
/home/vijay/Desktop/All_Files/ALL_TTS/DIS_Vector_Embedding_Integration/Data/Tamil_Male/wav/train_tamilmale_00248.wav	8.768
/home/vijay/Desktop/All_Files/ALL_TTS/DIS_Vector_Embedding_Integration/Data/Tamil_Male/wav/train_tamilmale_00178.wav	7.968
/home/vijay/Desktop/All_Files/ALL_TTS/DIS_Vector_Embedding_Integration/Data/Tamil_Male/wav/train_tamilmale_00202.wav	5.056
/home/vijay/Desktop/All_Files/ALL_TTS/DIS_Vector_Embedding_Integration/Data/Tamil_Male/wav/train_tamilmale_00279.wav	14.224
/home/vijay/Desktop/All_Files/ALL_TTS/DIS_Vector_Embedding_Integration/Data/Tamil_Male/wav/train_tamilmale_00376.wav	4.48
/home/vijay/Desktop/All_Files/ALL_TTS/DIS_Vector_Embedding_Integration/Data/Tamil_Male/wav/train_tamilmale_00060.wav	5.744
/home/vijay/Desktop/All_Files/ALL_TTS/DIS_Vector_Embedding_Integration/Data/Tamil_Male/wav/train_tamilmale_00069.wav	6.064
/home/vijay/Desktop/All_Files/ALL_TTS/DIS_Vector_Embedding_Integration/Data/Tamil_Male/wav/train_tamilmale_00037.wav	7.28
/home/vijay/Desktop/All_Files/ALL_TTS/DIS_Vector_Embedding_Integration/Data/Tamil_Male/wav/train_tamilmale_00282.wav	6.336
/home/vijay/Desktop/All_Files/ALL_TTS/DIS_Vector_Embedding_Integration/Data/Tamil_Male/wav/train_tamilmale_00183.wav	3.968
/home/vijay/Desktop/All_Files/ALL_TTS/DIS_Vector_Embedding_Integration/Data/Tamil_Male/wav/train_tamilmale_00089.wav	6.512
/home/vijay/Desktop/All_Files/ALL_TTS/DIS_Vector_Embedding_Integration/Data/Tamil_Male/wav/train_tamilmale_00295.wav	4.752
/home/vijay/Desktop/All_Files/ALL_TTS/DIS_Vector_Embedding_Integration/Data/Tamil_Male/wav/train_tamilmale_00116.wav	3.344
/home/vijay/Desktop/All_Files/ALL_TTS/DIS_Vector_Embedding_Integration/Data/Tamil_Male/wav/train_tamilmale_00333.wav	12.624
/home/vijay/Desktop/All_Files/ALL_TTS/DIS_Vector_Embedding_Integration/Data/Tamil_Male/wav/train_tamilmale_00421.wav	4.784
/home/vijay/Desktop/All_Files/ALL_TTS/DIS_Vector_Embedding_Integration/Data/Tamil_Male/wav/train_tamilmale_00005.wav	4.768
/home/vijay/Desktop/All_Files/ALL_TTS/DIS_Vector_Embedding_Integration/Data/Tamil_Male/wav/train_tamilmale_00356.wav	9.664
/home/vijay/Desktop/All_Files/ALL_TTS/DIS_Vector_Embedding_Integration/Data/Tamil_Male/wav/train_tamilmale_00269.wav	7.808
/home/vijay/Desktop/All_Files/ALL_TTS/DIS_Vector_Embedding_Integration/Data/Tamil_Male/wav/train_tamilmale_00427.wav	10.768
/home/vijay/Desktop/All_Files/ALL_TTS/DIS_Vector_Embedding_Integration/Data/Tamil_Male/wav/train_tamilmale_00143.wav	12.176
/home/vijay/Desktop/All_Files/ALL_TTS/DIS_Vector_Embedding_Integration/Data/Tamil_Male/wav/train_tamilmale_00059.wav	7.728
/home/vijay/Desktop/All_Files/ALL_TTS/DIS_Vector_Embedding_Integration/Data/Tamil_Male/wav/train_tamilmale_00292.wav	8.032
/home/vijay/Desktop/All_Files/ALL_TTS/DIS_Vector_Embedding_Integration/Data/Tamil_Male/wav/train_tamilmale_00132.wav	3.824
/home/vijay/Desktop/All_Files/ALL_TTS/DIS_Vector_Embedding_Integration/Data/Tamil_Male/wav/train_tamilmale_00214.wav	9.12
/home/vijay/Desktop/All_Files/ALL_TTS/DIS_Vector_Embedding_Integration/Data/Tamil_Male/wav/train_tamilmale_00286.wav	5.344
/home/vijay/Desktop/All_Files/ALL_TTS/DIS_Vector_Embedding_Integration/Data/Tamil_Male/wav/train_tamilmale_00196.wav	6.768
/home/vijay/Desktop/All_Files/ALL_TTS/DIS_Vector_Embedding_Integration/Data/Tamil_Male/wav/train_tamilmale_00413.wav	14.8
/home/vijay/Desktop/All_Files/ALL_TTS/DIS_Vector_Embedding_Integration/Data/Tamil_Male/wav/train_tamilmale_00447.wav	3.472
/home/vijay/Desktop/All_Files/ALL_TTS/DIS_Vector_Embedding_Integration/Data/Tamil_Male/wav/train_tamilmale_00126.wav	4.544
/home/vijay/Desktop/All_Files/ALL_TTS/DIS_Vector_Embedding_Integration/Data/Tamil_Male/wav/train_tamilmale_00315.wav	7.584
/home/vijay/Desktop/All_Files/ALL_TTS/DIS_Vector_Embedding_Integration/Data/Tamil_Male/wav/train_tamilmale_00071.wav	4.768
/home/vijay/Desktop/All_Files/ALL_TTS/DIS_Vector_Embedding_Integration/Data/Tamil_Male/wav/train_tamilmale_00097.wav	12.304
/home/vijay/Desktop/All_Files/ALL_TTS/DIS_Vector_Embedding_Integration/Data/Tamil_Male/wav/train_tamilmale_00109.wav	5.824
/home/vijay/Desktop/All_Files/ALL_TTS/DIS_Vector_Embedding_Integration/Data/Tamil_Male/wav/train_tamilmale_00010.wav	6.144
/home/vijay/Desktop/All_Files/ALL_TTS/DIS_Vector_Embedding_Integration/Data/Tamil_Male/wav/train_tamilmale_00274.wav	10.592
/home/vijay/Desktop/All_Files/ALL_TTS/DIS_Vector_Embedding_Integration/Data/Tamil_Male/wav/train_tamilmale_00265.wav	9.024
/home/vijay/Desktop/All_Files/ALL_TTS/DIS_Vector_Embedding_Integration/Data/Tamil_Male/wav/train_tamilmale_00242.wav	5.712
/home/vijay/Desktop/All_Files/ALL_TTS/DIS_Vector_Embedding_Integration/Data/Tamil_Male/wav/train_tamilmale_00329.wav	6.864
/home/vijay/Desktop/All_Files/ALL_TTS/DIS_Vector_Embedding_Integration/Data/Tamil_Male/wav/train_tamilmale_00411.wav	11.52
/home/vijay/Desktop/All_Files/ALL_TTS/DIS_Vector_Embedding_Integration/Data/Tamil_Male/wav/train_tamilmale_00197.wav	10.384
/home/vijay/Desktop/All_Files/ALL_TTS/DIS_Vector_Embedding_Integration/Data/Tamil_Male/wav/train_tamilmale_00379.wav	4.912
/home/vijay/Desktop/All_Files/ALL_TTS/DIS_Vector_Embedding_Integration/Data/Tamil_Male/wav/train_tamilmale_00021.wav	2.448
/home/vijay/Desktop/All_Files/ALL_TTS/DIS_Vector_Embedding_Integration/Data/Tamil_Male/wav/train_tamilmale_00412.wav	9.104
/home/vijay/Desktop/All_Files/ALL_TTS/DIS_Vector_Embedding_Integration/Data/Tamil_Male/wav/train_tamilmale_00419.wav	8.288
/home/vijay/Desktop/All_Files/ALL_TTS/DIS_Vector_Embedding_Integration/Data/Tamil_Male/wav/train_tamilmale_00445.wav	4.864
/home/vijay/Desktop/All_Files/ALL_TTS/DIS_Vector_Embedding_Integration/Data/Tamil_Male/wav/train_tamilmale_00371.wav	9.104
/home/vijay/Desktop/All_Files/ALL_TTS/DIS_Vector_Embedding_Integration/Data/Tamil_Male/wav/train_tamilmale_00082.wav	3.36
/home/vijay/Desktop/All_Files/ALL_TTS/DIS_Vector_Embedding_Integration/Data/Tamil_Male/wav/train_tamilmale_00355.wav	8.576
/home/vijay/Desktop/All_Files/ALL_TTS/DIS_Vector_Embedding_Integration/Data/Tamil_Male/wav/train_tamilmale_00078.wav	8.72
/home/vijay/Desktop/All_Files/ALL_TTS/DIS_Vector_Embedding_Integration/Data/Tamil_Male/wav/train_tamilmale_00428.wav	12.848
/home/vijay/Desktop/All_Files/ALL_TTS/DIS_Vector_Embedding_Integration/Data/Tamil_Male/wav/train_tamilmale_00081.wav	7.088
/home/vijay/Desktop/All_Files/ALL_TTS/DIS_Vector_Embedding_Integration/Data/Tamil_Male/wav/train_tamilmale_00362.wav	10.736
/home/vijay/Desktop/All_Files/ALL_TTS/DIS_Vector_Embedding_Integration/Data/Tamil_Male/wav/train_tamilmale_00088.wav	4.368
/home/vijay/Desktop/All_Files/ALL_TTS/DIS_Vector_Embedding_Integration/Data/Tamil_Male/wav/train_tamilmale_00022.wav	2.512
/home/vijay/Desktop/All_Files/ALL_TTS/DIS_Vector_Embedding_Integration/Data/Tamil_Male/wav/train_tamilmale_00403.wav	11.568
/home/vijay/Desktop/All_Files/ALL_TTS/DIS_Vector_Embedding_Integration/Data/Tamil_Male/wav/train_tamilmale_00012.wav	2.208
/home/vijay/Desktop/All_Files/ALL_TTS/DIS_Vector_Embedding_Integration/Data/Tamil_Male/wav/train_tamilmale_00026.wav	2.208
/home/vijay/Desktop/All_Files/ALL_TTS/DIS_Vector_Embedding_Integration/Data/Tamil_Male/wav/train_tamilmale_00429.wav	4.352
/home/vijay/Desktop/All_Files/ALL_TTS/DIS_Vector_Embedding_Integration/Data/Tamil_Male/wav/train_tamilmale_00201.wav	9.984
/home/vijay/Desktop/All_Files/ALL_TTS/DIS_Vector_Embedding_Integration/Data/Tamil_Male/wav/train_tamilmale_00072.wav	5.696
/home/vijay/Desktop/All_Files/ALL_TTS/DIS_Vector_Embedding_Integration/Data/Tamil_Male/wav/train_tamilmale_00434.wav	5.504
/home/vijay/Desktop/All_Files/ALL_TTS/DIS_Vector_Embedding_Integration/Data/Tamil_Male/wav/train_tamilmale_00436.wav	6.8
/home/vijay/Desktop/All_Files/ALL_TTS/DIS_Vector_Embedding_Integration/Data/Tamil_Male/wav/train_tamilmale_00251.wav	3.504
/home/vijay/Desktop/All_Files/ALL_TTS/DIS_Vector_Embedding_Integration/Data/Tamil_Male/wav/train_tamilmale_00047.wav	2.576
/home/vijay/Desktop/All_Files/ALL_TTS/DIS_Vector_Embedding_Integration/Data/Tamil_Male/wav/train_tamilmale_00014.wav	5.12
/home/vijay/Desktop/All_Files/ALL_TTS/DIS_Vector_Embedding_Integration/Data/Tamil_Male/wav/train_tamilmale_00239.wav	9.216
/home/vijay/Desktop/All_Files/ALL_TTS/DIS_Vector_Embedding_Integration/Data/Tamil_Male/wav/train_tamilmale_00312.wav	7.472
/home/vijay/Desktop/All_Files/ALL_TTS/DIS_Vector_Embedding_Integration/Data/Tamil_Male/wav/train_tamilmale_00260.wav	2.496
/home/vijay/Desktop/All_Files/ALL_TTS/DIS_Vector_Embedding_Integration/Data/Tamil_Male/wav/train_tamilmale_00343.wav	10.576
/home/vijay/Desktop/All_Files/ALL_TTS/DIS_Vector_Embedding_Integration/Data/Tamil_Male/wav/train_tamilmale_00067.wav	2.912
/home/vijay/Desktop/All_Files/ALL_TTS/DIS_Vector_Embedding_Integration/Data/Tamil_Male/wav/train_tamilmale_00041.wav	2.544
/home/vijay/Desktop/All_Files/ALL_TTS/DIS_Vector_Embedding_Integration/Data/Tamil_Male/wav/train_tamilmale_00075.wav	5.184
/home/vijay/Desktop/All_Files/ALL_TTS/DIS_Vector_Embedding_Integration/Data/Tamil_Male/wav/train_tamilmale_00331.wav	4.848
/home/vijay/Desktop/All_Files/ALL_TTS/DIS_Vector_Embedding_Integration/Data/Tamil_Male/wav/train_tamilmale_00396.wav	6.032
/home/vijay/Desktop/All_Files/ALL_TTS/DIS_Vector_Embedding_Integration/Data/Tamil_Male/wav/train_tamilmale_00200.wav	10.848
/home/vijay/Desktop/All_Files/ALL_TTS/DIS_Vector_Embedding_Integration/Data/Tamil_Male/wav/train_tamilmale_00215.wav	7.568
/home/vijay/Desktop/All_Files/ALL_TTS/DIS_Vector_Embedding_Integration/Data/Tamil_Male/wav/train_tamilmale_00382.wav	2.784
/home/vijay/Desktop/All_Files/ALL_TTS/DIS_Vector_Embedding_Integration/Data/Tamil_Male/wav/train_tamilmale_00063.wav	4.496
/home/vijay/Desktop/All_Files/ALL_TTS/DIS_Vector_Embedding_Integration/Data/Tamil_Male/wav/train_tamilmale_00104.wav	5.152
/home/vijay/Desktop/All_Files/ALL_TTS/DIS_Vector_Embedding_Integration/Data/Tamil_Male/wav/train_tamilmale_00051.wav	7.392
/home/vijay/Desktop/All_Files/ALL_TTS/DIS_Vector_Embedding_Integration/Data/Tamil_Male/wav/train_tamilmale_00228.wav	10.096
/home/vijay/Desktop/All_Files/ALL_TTS/DIS_Vector_Embedding_Integration/Data/Tamil_Male/wav/train_tamilmale_00166.wav	11.44
/home/vijay/Desktop/All_Files/ALL_TTS/DIS_Vector_Embedding_Integration/Data/Tamil_Male/wav/train_tamilmale_00267.wav	3.456
/home/vijay/Desktop/All_Files/ALL_TTS/DIS_Vector_Embedding_Integration/Data/Tamil_Male/wav/train_tamilmale_00353.wav	10.816
/home/vijay/Desktop/All_Files/ALL_TTS/DIS_Vector_Embedding_Integration/Data/Tamil_Male/wav/train_tamilmale_00262.wav	9.824
/home/vijay/Desktop/All_Files/ALL_TTS/DIS_Vector_Embedding_Integration/Data/Tamil_Male/wav/train_tamilmale_00149.wav	7.936
/home/vijay/Desktop/All_Files/ALL_TTS/DIS_Vector_Embedding_Integration/Data/Tamil_Male/wav/train_tamilmale_00402.wav	5.44
/home/vijay/Desktop/All_Files/ALL_TTS/DIS_Vector_Embedding_Integration/Data/Tamil_Male/wav/train_tamilmale_00004.wav	4.992
/home/vijay/Desktop/All_Files/ALL_TTS/DIS_Vector_Embedding_Integration/Data/Tamil_Male/wav/train_tamilmale_00020.wav	2.864
/home/vijay/Desktop/All_Files/ALL_TTS/DIS_Vector_Embedding_Integration/Data/Tamil_Male/wav/train_tamilmale_00404.wav	3.968
/home/vijay/Desktop/All_Files/ALL_TTS/DIS_Vector_Embedding_Integration/Data/Tamil_Male/wav/train_tamilmale_00138.wav	4.832
/home/vijay/Desktop/All_Files/ALL_TTS/DIS_Vector_Embedding_Integration/Data/Tamil_Male/wav/train_tamilmale_00048.wav	4.224
/home/vijay/Desktop/All_Files/ALL_TTS/DIS_Vector_Embedding_Integration/Data/Tamil_Male/wav/train_tamilmale_00194.wav	10.832
/home/vijay/Desktop/All_Files/ALL_TTS/DIS_Vector_Embedding_Integration/Data/Tamil_Male/wav/train_tamilmale_00002.wav	4.432
/home/vijay/Desktop/All_Files/ALL_TTS/DIS_Vector_Embedding_Integration/Data/Tamil_Male/wav/train_tamilmale_00190.wav	7.008
/home/vijay/Desktop/All_Files/ALL_TTS/DIS_Vector_Embedding_Integration/Data/Tamil_Male/wav/train_tamilmale_00205.wav	7.104
/home/vijay/Desktop/All_Files/ALL_TTS/DIS_Vector_Embedding_Integration/Data/Tamil_Male/wav/train_tamilmale_00155.wav	8.496
/home/vijay/Desktop/All_Files/ALL_TTS/DIS_Vector_Embedding_Integration/Data/Tamil_Male/wav/train_tamilmale_00264.wav	7.936
/home/vijay/Desktop/All_Files/ALL_TTS/DIS_Vector_Embedding_Integration/Data/Tamil_Male/wav/train_tamilmale_00006.wav	4.384
/home/vijay/Desktop/All_Files/ALL_TTS/DIS_Vector_Embedding_Integration/Data/Tamil_Male/wav/train_tamilmale_00064.wav	3.616
/home/vijay/Desktop/All_Files/ALL_TTS/DIS_Vector_Embedding_Integration/Data/Tamil_Male/wav/train_tamilmale_00094.wav	9.664
/home/vijay/Desktop/All_Files/ALL_TTS/DIS_Vector_Embedding_Integration/Data/Tamil_Male/wav/train_tamilmale_00156.wav	5.728
/home/vijay/Desktop/All_Files/ALL_TTS/DIS_Vector_Embedding_Integration/Data/Tamil_Male/wav/train_tamilmale_00361.wav	8.608
/home/vijay/Desktop/All_Files/ALL_TTS/DIS_Vector_Embedding_Integration/Data/Tamil_Male/wav/train_tamilmale_00211.wav	7.36
/home/vijay/Desktop/All_Files/ALL_TTS/DIS_Vector_Embedding_Integration/Data/Tamil_Male/wav/train_tamilmale_00266.wav	9.28
/home/vijay/Desktop/All_Files/ALL_TTS/DIS_Vector_Embedding_Integration/Data/Tamil_Male/wav/train_tamilmale_00061.wav	7.728
/home/vijay/Desktop/All_Files/ALL_TTS/DIS_Vector_Embedding_Integration/Data/Tamil_Male/wav/train_tamilmale_00117.wav	11.872
/home/vijay/Desktop/All_Files/ALL_TTS/DIS_Vector_Embedding_Integration/Data/Tamil_Male/wav/train_tamilmale_00057.wav	6.224
/home/vijay/Desktop/All_Files/ALL_TTS/DIS_Vector_Embedding_Integration/Data/Tamil_Male/wav/train_tamilmale_00367.wav	3.104
/home/vijay/Desktop/All_Files/ALL_TTS/DIS_Vector_Embedding_Integration/Data/Tamil_Male/wav/train_tamilmale_00125.wav	7.504
/home/vijay/Desktop/All_Files/ALL_TTS/DIS_Vector_Embedding_Integration/Data/Tamil_Male/wav/train_tamilmale_00080.wav	7.168
/home/vijay/Desktop/All_Files/ALL_TTS/DIS_Vector_Embedding_Integration/Data/Tamil_Male/wav/train_tamilmale_00177.wav	6.624
/home/vijay/Desktop/All_Files/ALL_TTS/DIS_Vector_Embedding_Integration/Data/Tamil_Male/wav/train_tamilmale_00176.wav	4.608
/home/vijay/Desktop/All_Files/ALL_TTS/DIS_Vector_Embedding_Integration/Data/Tamil_Male/wav/train_tamilmale_00145.wav	4.576
/home/vijay/Desktop/All_Files/ALL_TTS/DIS_Vector_Embedding_Integration/Data/Tamil_Male/wav/train_tamilmale_00369.wav	8.928
/home/vijay/Desktop/All_Files/ALL_TTS/DIS_Vector_Embedding_Integration/Data/Tamil_Male/wav/train_tamilmale_00123.wav	7.296
/home/vijay/Desktop/All_Files/ALL_TTS/DIS_Vector_Embedding_Integration/Data/Tamil_Male/wav/train_tamilmale_00130.wav	8.032
/home/vijay/Desktop/All_Files/ALL_TTS/DIS_Vector_Embedding_Integration/Data/Tamil_Male/wav/train_tamilmale_00365.wav	3.44
