/home/vijay/Desktop/All_Files/ALL_TTS/DIS_Vector_Embedding_Integration/Data/Hindi_Male/wav/hi_m_books_04834.wav	Hindi_Male	इसका कारण है कि इस सीमा पर प्लेटें एक दूसरे के साथ-साथ क्षैतिज दिशा में सरक जाती हैं|
/home/vijay/Desktop/All_Files/ALL_TTS/DIS_Vector_Embedding_Integration/Data/Hindi_Male/wav/hi_m_books_02334.wav	Hindi_Male	जिन शोधकर्ताओं ने कई सामाजिक व्यवहारों का अध्ययन किया है उन्होंने जैविकीय रूप से संबंधित प्राणियों के विकास की निरंतरता का निम्न मूल्यांकन किया है|
/home/vijay/Desktop/All_Files/ALL_TTS/DIS_Vector_Embedding_Integration/Data/Hindi_Male/wav/hi_m_general_00033.wav	Hindi_Male	इसमें स्टार गोजू अकादमी कुमारहट्टी, कसौली, गढ़खल, एनवीएन स्कूल नैनाटिक्कर, स्टार गोजू रियू कराटे अकादमी शामती व विभिन्न स्कूलों के बच्चों ने भाग लिया ।
/home/vijay/Desktop/All_Files/ALL_TTS/DIS_Vector_Embedding_Integration/Data/Hindi_Male/wav/hi_m_agri_00593.wav	Hindi_Male	इसके लिए यहां कृषि आधारित उद्योगधन्धों जैसे डेयरी तथा पशु पालन आदि को बढ़ावा दिया जाएगा
/home/vijay/Desktop/All_Files/ALL_TTS/DIS_Vector_Embedding_Integration/Data/Hindi_Male/wav/hi_m_books_04934.wav	Hindi_Male	कोहलर ने चिम्पैंज़ी को एक बंद खेल क्षेत्र में रखा जहाँ भोजन था, लेकिन चिम्पैंज़ी की पहुँच के बाहर था|
/home/vijay/Desktop/All_Files/ALL_TTS/DIS_Vector_Embedding_Integration/Data/Hindi_Male/wav/hi_m_books_04547.wav	Hindi_Male	कुत्ता काले मृग की चमड़ी के वस्त्र में लिपटे निषाद को देखकर भौंकने लगा|
/home/vijay/Desktop/All_Files/ALL_TTS/DIS_Vector_Embedding_Integration/Data/Hindi_Male/wav/hi_m_books_04647.wav	Hindi_Male	केंचुए का शरीर एक सिरे को दूसरे से सटाकर रखे गए अनेक छल्लों से बना प्रतीत होता है|
/home/vijay/Desktop/All_Files/ALL_TTS/DIS_Vector_Embedding_Integration/Data/Hindi_Male/wav/hi_m_education_02243.wav	Hindi_Male	उसने उन्मीलित नेत्रों से सर्वात्मा को पुकारा, "आज ब्राह्मणत्व की परीक्षा है, देव ब्राह्मण का निर्णय जन्म करेगा अथवा कर्म, आप ही सिद्ध कीजिए।
/home/vijay/Desktop/All_Files/ALL_TTS/DIS_Vector_Embedding_Integration/Data/Hindi_Male/wav/hi_m_education_00559.wav	Hindi_Male	वह स्त्री स्वातंत्र्य को लेखकीय दायित्व मानकर सार्थक और प्रगतिशील मूल्यों को ही अपने लेखन में रेखांकित करती हैं ।
/home/vijay/Desktop/All_Files/ALL_TTS/DIS_Vector_Embedding_Integration/Data/Hindi_Male/wav/hi_m_health_00365.wav	Hindi_Male	नवजोत सिंह सिद्धू की पत्नी नवजोत कौर सिद्धू द्वारा घायलों का इलाज करने का दावा किया गया है
/home/vijay/Desktop/All_Files/ALL_TTS/DIS_Vector_Embedding_Integration/Data/Hindi_Male/wav/hi_m_other_03638.wav	Hindi_Male	आज के टाइम में सारे बिना सूरन खाए छुछवाए छछूंदर के माफिक भटक रहे हैं, अब सूरन ढूँढ़ने के लिए कहॉं भटका जाए।
/home/vijay/Desktop/All_Files/ALL_TTS/DIS_Vector_Embedding_Integration/Data/Hindi_Male/wav/hi_m_books_00633.wav	Hindi_Male	यह मानचित्र और चित्र में उपयोग किए गए रंगों, छाया, प्रतीकों और चिह्नों की व्याख्या करता है|
/home/vijay/Desktop/All_Files/ALL_TTS/DIS_Vector_Embedding_Integration/Data/Hindi_Male/wav/hi_m_weather_02324.wav	Hindi_Male	वैज्ञानिक ज्ञानशाखाओं में उपलब्ध ज्ञान की सत्यता की पड़ताल करने हेतु प्रायोगिक पद्धति एवं प्रत्यक्ष निरीक्षण का अवलंब किया जाता है ।
/home/vijay/Desktop/All_Files/ALL_TTS/DIS_Vector_Embedding_Integration/Data/Hindi_Male/wav/hi_m_other_03493.wav	Hindi_Male	सिगरेट की पहली फूँक में धुआँ फेफड़ो  को उखाड़ता हुआ सा लगा, फिर तो धीरेधीरे सिगरेट के छल्ले बनाने में भी महारत हासिल हो गई।
/home/vijay/Desktop/All_Files/ALL_TTS/DIS_Vector_Embedding_Integration/Data/Hindi_Male/wav/hi_m_finance_02065.wav	Hindi_Male	जिन जगहों पर स्टॉक इन्वेन्ट्री और स्टॉक की कीमत आदि के बारे में जानकारी भरी जानी थी, उन्हें खाली छोड़ दिया गया है
/home/vijay/Desktop/All_Files/ALL_TTS/DIS_Vector_Embedding_Integration/Data/Hindi_Male/wav/hi_m_other_03396.wav	Hindi_Male	हिंदी के अलावा वह संस्कृत, बंगाली, पंजाबी, गुजराती के अलावा पाली, प्राकृत और अपभ्रंश आदि कई भाषाओं के जानकार थे।
/home/vijay/Desktop/All_Files/ALL_TTS/DIS_Vector_Embedding_Integration/Data/Hindi_Male/wav/hi_m_education_02326.wav	Hindi_Male	पपीज़ के लिए आज्ञाकारिता की कक्षा में नाम लिखवाइए निस्संदेह, इससे आपको अपने कुत्ते को बेहतर प्रशिक्षण देने में सहायता मिलेगी।
/home/vijay/Desktop/All_Files/ALL_TTS/DIS_Vector_Embedding_Integration/Data/Hindi_Male/wav/hi_m_health_00543.wav	Hindi_Male	राहगीरों ने खून से लथपथ और बेहोश सत्येंद्र को अस्पताल पहुंचाया, जहां उसके जख्मों पर मरहम पट्टी की गई
/home/vijay/Desktop/All_Files/ALL_TTS/DIS_Vector_Embedding_Integration/Data/Hindi_Male/wav/hi_m_politics_04366.wav	Hindi_Male	पीड़ित के मुताबिक दुकान मे विडियो मिक्सींग, लैपटॉप, सात मोबाइल के साथ बैट्री इन्वर्टर, वीडियो कैमरा सहित अन्य सामान था
/home/vijay/Desktop/All_Files/ALL_TTS/DIS_Vector_Embedding_Integration/Data/Hindi_Male/wav/hi_m_education_00546.wav	Hindi_Male	अमानुल्लाह इमरानी ने कहा कि इस प्रकार की रिपोर्टें सामने आयी हैं कि ग़ज़्नी प्रांत के नावे ज़िले में दाइश की गतिविधियां जारी हैं ।
/home/vijay/Desktop/All_Files/ALL_TTS/DIS_Vector_Embedding_Integration/Data/Hindi_Male/wav/hi_m_finance_00632.wav	Hindi_Male	बीमा कंपनियां ओम्बुड्समैन के आदेश के खिलाफ अपील नहीं कर सकतीं
/home/vijay/Desktop/All_Files/ALL_TTS/DIS_Vector_Embedding_Integration/Data/Hindi_Male/wav/hi_m_weather_00582.wav	Hindi_Male	हालांकि मौसम विभाग ने बादल फटने की घटना से इन्कार किया है
/home/vijay/Desktop/All_Files/ALL_TTS/DIS_Vector_Embedding_Integration/Data/Hindi_Male/wav/hi_m_books_04542.wav	Hindi_Male	नियोजित विकास के चालीस वर्षों के बाद, भारत एक सशक्त औद्योगिक आधार तथा खाद्यन्नों के उत्पादन में स्व-निर्भरता प्राप्त करने में सक्षम रहा है|
/home/vijay/Desktop/All_Files/ALL_TTS/DIS_Vector_Embedding_Integration/Data/Hindi_Male/wav/hi_m_health_00644.wav	Hindi_Male	शाकिब इस चोट के कारण श्रीलंका और जिम्बाब्वे के खिलाफ ट्राई सीरीज से बाहर हो गए थे
/home/vijay/Desktop/All_Files/ALL_TTS/DIS_Vector_Embedding_Integration/Data/Hindi_Male/wav/hi_m_books_02852.wav	Hindi_Male	” अगले सौ सालों के दौरान इस्लाम उत्तरी अफ़्रीका, स्पेन, ईरान और भारत में फ़ल गया|
/home/vijay/Desktop/All_Files/ALL_TTS/DIS_Vector_Embedding_Integration/Data/Hindi_Male/wav/hi_m_other_03886.wav	Hindi_Male	नेतनयाहू की लिकुड पार्टी ने मूशे यालून की जगह एविग्डर लेबरमौन को रक्षामंत्री नियुक्त किया है।
/home/vijay/Desktop/All_Files/ALL_TTS/DIS_Vector_Embedding_Integration/Data/Hindi_Male/wav/hi_m_education_02263.wav	Hindi_Male	यहाँ सभी प्रकार की सुविधाएँ, अस्पताल, सरकारी निकाय, भौतिक संरचना, आदिका व्यवस्थापन ही इसे राजधानी बनने  योग्य दिखा रहा है।
/home/vijay/Desktop/All_Files/ALL_TTS/DIS_Vector_Embedding_Integration/Data/Hindi_Male/wav/hi_m_health_03335.wav	Hindi_Male	लेकिन अगर आपके आसपास कोई त्वचा रोग विशेषज्ञ ना हो तो ही लोकल प्रोफेशनल के पास जाएं
/home/vijay/Desktop/All_Files/ALL_TTS/DIS_Vector_Embedding_Integration/Data/Hindi_Male/wav/hi_m_other_03237.wav	Hindi_Male	इस सभा में हिलोमो के वरिष्ठ नेता नींजूराम, चेतन पाकला, बिहारी सेवगी, देवकीनंद, देसराज हुडन, कैलाश ब्रामटा और पुष्पेंद्र मौजूद रहे।
/home/vijay/Desktop/All_Files/ALL_TTS/DIS_Vector_Embedding_Integration/Data/Hindi_Male/wav/hi_m_education_02755.wav	Hindi_Male	आईएएस परीक्षा में बैठ रहे हैं तो आपका कॉम्प्रिहेंशन टेस्ट किया जाएगा।
/home/vijay/Desktop/All_Files/ALL_TTS/DIS_Vector_Embedding_Integration/Data/Hindi_Male/wav/hi_m_agri_00545.wav	Hindi_Male	विपणन व्यवस्था में मध्यस्थों की संख्या को कम किया जाए तथा अधिकाधिक सहकारी विपणन समितियां बनाई जानी चाहिए
/home/vijay/Desktop/All_Files/ALL_TTS/DIS_Vector_Embedding_Integration/Data/Hindi_Male/wav/hi_m_books_02266.wav	Hindi_Male	प्रारंभिक स्तूप, धातु-मंजूषा के ऊपर रखा मिट्टी का टीला होता था|
/home/vijay/Desktop/All_Files/ALL_TTS/DIS_Vector_Embedding_Integration/Data/Hindi_Male/wav/hi_m_books_04833.wav	Hindi_Male	क्या आप उस पल को याद कर सकते हैं जब आपके अभिभावक ने आपको मुँह से साँस लेने के कारण डाँटा हो|
/home/vijay/Desktop/All_Files/ALL_TTS/DIS_Vector_Embedding_Integration/Data/Hindi_Male/wav/hi_m_general_02854.wav	Hindi_Male	गत दो तीन वर्षो से शिक्षा के क्षेत्र में अध्यापन कार्य तथा प्रतियोगी परीक्षाओं की कक्षाओं में अध्यापन कार्य सही ढंग से नहीं हो पा रहा है।
/home/vijay/Desktop/All_Files/ALL_TTS/DIS_Vector_Embedding_Integration/Data/Hindi_Male/wav/hi_m_books_03753.wav	Hindi_Male	जब बंगाल के शासक ने उन्हें मार डाला, तो हर्ष ने कन्नौज को अपने अधीन कर लिया और बंगाल पर आक्रमण कर दिया|
/home/vijay/Desktop/All_Files/ALL_TTS/DIS_Vector_Embedding_Integration/Data/Hindi_Male/wav/hi_m_books_00504.wav	Hindi_Male	जब तैमूर के हमले से दिल्ली की सल्तनत कमज़ोर हो गई, तो जौनपुर  में एक छोटी-सी मुस्लिम रियासत खड़ी हुई|
/home/vijay/Desktop/All_Files/ALL_TTS/DIS_Vector_Embedding_Integration/Data/Hindi_Male/wav/hi_m_books_04756.wav	Hindi_Male	निस्संदेह असाधारण प्रेक्षण शक्ति का धनी बुकानन ऐसा ही एक व्यक्ति था|
/home/vijay/Desktop/All_Files/ALL_TTS/DIS_Vector_Embedding_Integration/Data/Hindi_Male/wav/hi_m_general_02532.wav	Hindi_Male	ऐसा ही वॉल्वो चलाने में भी हुआ, बस चल कहीं तक सकती थी और पहुँच कहीं गए।
/home/vijay/Desktop/All_Files/ALL_TTS/DIS_Vector_Embedding_Integration/Data/Hindi_Male/wav/hi_m_general_00633.wav	Hindi_Male	मास्को रूस के राष्ट्रपति व्लादीमिर पुतिन सेलफोन का इस्तेमाल करने के बजाय इंटरनेट और अन्य स्त्रोतों से सूचनाएं प्राप्त करते हैं।
/home/vijay/Desktop/All_Files/ALL_TTS/DIS_Vector_Embedding_Integration/Data/Hindi_Male/wav/hi_m_other_03634.wav	Hindi_Male	हाकले बेलिंडा क्लार्क आस्ट्रेलिया, एनिड बेकवेल और राचेल हेयो फ्लिंट दोनों इंगलैंड के बाद हाल आफ फेम में शामिल होने वाली चौथी महिलायें हैं।
/home/vijay/Desktop/All_Files/ALL_TTS/DIS_Vector_Embedding_Integration/Data/Hindi_Male/wav/hi_m_books_03057.wav	Hindi_Male	बजलियस ने तत्वों के ऐसे प्रतीकों का सुझाव दिया, जो उन तत्वें के नामों के एक या दो अक्षरों से प्रदर्शित होता था|
/home/vijay/Desktop/All_Files/ALL_TTS/DIS_Vector_Embedding_Integration/Data/Hindi_Male/wav/hi_m_books_02364.wav	Hindi_Male	शीत ऋतु में यह बर्फ़ीला ठंडा हो जाता है, तापमान लगभग हर समय-40  डिग्री सेल्सियस से नीचे ही रहता है|
/home/vijay/Desktop/All_Files/ALL_TTS/DIS_Vector_Embedding_Integration/Data/Hindi_Male/wav/hi_m_general_00665.wav	Hindi_Male	बस इसी साकिन को गिराने का काम ज़िहाफ़ कफ़्फ़ करता है।
/home/vijay/Desktop/All_Files/ALL_TTS/DIS_Vector_Embedding_Integration/Data/Hindi_Male/wav/hi_m_politics_03594.wav	Hindi_Male	मुख्यमंत्री के निर्देशों के मुताबिक इन कम्पनियों के एजेन्टों के विरूद्ध दर्ज प्रकरणों की वापस लेने के निर्देश दिए गए हैं
/home/vijay/Desktop/All_Files/ALL_TTS/DIS_Vector_Embedding_Integration/Data/Hindi_Male/wav/hi_m_books_04688.wav	Hindi_Male	यह ईरान जाने वाले सबसे महत्वपूर्ण रास्ते, बोलन दर्रे के पास एक हराभरा समतल स्थान है|
/home/vijay/Desktop/All_Files/ALL_TTS/DIS_Vector_Embedding_Integration/Data/Hindi_Male/wav/hi_m_books_04058.wav	Hindi_Male	दुर्भीति बहुधा धीरे-धीरे या सामान्यीक्रुत दिंश्चता विकार से उत्पन्न होती है|
/home/vijay/Desktop/All_Files/ALL_TTS/DIS_Vector_Embedding_Integration/Data/Hindi_Male/wav/hi_m_other_04863.wav	Hindi_Male	इस मौके पर स्व़ सुला पुरती की पत्नी रतनी पूर्ति, मरियम चेरोवा, साउ बोदरा, जुरेन्द्र कुंकल ओर मंगल सामड समेत अन्य मौजूद थे।
/home/vijay/Desktop/All_Files/ALL_TTS/DIS_Vector_Embedding_Integration/Data/Hindi_Male/wav/hi_m_books_00830.wav	Hindi_Male	तो वास्तविक या संभावित पथभ्रष्ट लोगों को राह पर लाने के लिए नियंत्रण के प्रबल और तीक्ष्ण साधनों का प्रयोग किया जाता है...
/home/vijay/Desktop/All_Files/ALL_TTS/DIS_Vector_Embedding_Integration/Data/Hindi_Male/wav/hi_m_education_00638.wav	Hindi_Male	गौरतलब है कि इस वर्ष बोर्ड परीक्षा भी मार्च से शुरू हो रही हैं।
/home/vijay/Desktop/All_Files/ALL_TTS/DIS_Vector_Embedding_Integration/Data/Hindi_Male/wav/hi_m_books_02838.wav	Hindi_Male	उसे दो विकल्पों - बैडमिंटन के लिए अभ्यास या अंतिम परीक्षा के लिए अध्ययन में से एक को चुनना होगा|
/home/vijay/Desktop/All_Files/ALL_TTS/DIS_Vector_Embedding_Integration/Data/Hindi_Male/wav/hi_m_general_00403.wav	Hindi_Male	क्षल् एक संस्कृत शब्द है, इसका मतलब टू क्लीन होता है।
/home/vijay/Desktop/All_Files/ALL_TTS/DIS_Vector_Embedding_Integration/Data/Hindi_Male/wav/hi_m_books_03355.wav	Hindi_Male	अंतर्राष्ट्रीय वित्तीयन में उपयुक्त होने वाले वित्तीय उपकरणें पर चर्चा कीजिए|
/home/vijay/Desktop/All_Files/ALL_TTS/DIS_Vector_Embedding_Integration/Data/Hindi_Male/wav/hi_m_education_00443.wav	Hindi_Male	उसी प्रकार २०७० अगहन तक के तथ्यांक अनुसार विष सेवन से १४, फाँसी पर लटककर १९ कुल ३३ लोगों ने आत्महत्या की है।
/home/vijay/Desktop/All_Files/ALL_TTS/DIS_Vector_Embedding_Integration/Data/Hindi_Male/wav/hi_m_books_03964.wav	Hindi_Male	इस मिट्टी में घोड़े की लीद की कुछ मात्रा मिलाकर उसे गूँध लिया जाता है|
/home/vijay/Desktop/All_Files/ALL_TTS/DIS_Vector_Embedding_Integration/Data/Hindi_Male/wav/hi_m_other_03452.wav	Hindi_Male	शीन से शर्फ़, ऐन से अलू बुलंदी, बे से बादबिर नेकी, अलिफ़ से उल्फ़त और नून से नूर होता है।
/home/vijay/Desktop/All_Files/ALL_TTS/DIS_Vector_Embedding_Integration/Data/Hindi_Male/wav/hi_m_agri_00733.wav	Hindi_Male	दरअसल मक्का की खेती में बीज बोने के सही तरीकों और दूरी का ख़्याल रखना होता है
/home/vijay/Desktop/All_Files/ALL_TTS/DIS_Vector_Embedding_Integration/Data/Hindi_Male/wav/hi_m_general_02334.wav	Hindi_Male	और उस समय ऐसा क्या खेल हुआ जिसने यम को भी नहीं वख्शा।
/home/vijay/Desktop/All_Files/ALL_TTS/DIS_Vector_Embedding_Integration/Data/Hindi_Male/wav/hi_m_weather_00354.wav	Hindi_Male	बरसात के मौसम में सड़के उखड़कर या तो गड्ढो में तब्दील हो चुकी है या फिर उनका नामोनिशान मिट रहा है
/home/vijay/Desktop/All_Files/ALL_TTS/DIS_Vector_Embedding_Integration/Data/Hindi_Male/wav/hi_m_finance_00235.wav	Hindi_Male	और इसलिए लोगों  खाने में अक्सर  तो कटौंती कर लेते है परन्तु इन तरल पदार्थो में कटौती नहीं करते
/home/vijay/Desktop/All_Files/ALL_TTS/DIS_Vector_Embedding_Integration/Data/Hindi_Male/wav/hi_m_finance_00684.wav	Hindi_Male	वाहन कम्पनियां वाहन के साथ वाहन की कीमत व वाहन का इन्शोरेन्स का पैसा लेकर वाहन विक्री क्यों नहीं करती हैं
/home/vijay/Desktop/All_Files/ALL_TTS/DIS_Vector_Embedding_Integration/Data/Hindi_Male/wav/hi_m_other_03332.wav	Hindi_Male	ट्वंटी सीरीज गंवाने से तिलमिलाये भारतीय, मजबूत बल्लेबाजी क्रम के अलावा स्पिन गेंदबाजों के दम पर पलटवार करने की भरपूर कोशिश करेंगे।
/home/vijay/Desktop/All_Files/ALL_TTS/DIS_Vector_Embedding_Integration/Data/Hindi_Male/wav/hi_m_books_03854.wav	Hindi_Male	” मैं और मेरे बच्चे पल्लव, कल्लोल और किंगकिनी में कुछ भी समान नहीं है|
/home/vijay/Desktop/All_Files/ALL_TTS/DIS_Vector_Embedding_Integration/Data/Hindi_Male/wav/hi_m_education_00332.wav	Hindi_Male	अन्यथा हर प्रकार के उत्पातियों के हाथों हमारी दुर्गति नहीं हो रही होती।
/home/vijay/Desktop/All_Files/ALL_TTS/DIS_Vector_Embedding_Integration/Data/Hindi_Male/wav/hi_m_agri_00054.wav	Hindi_Male	हां, आपने बिल्कुल सही पढ़ा कॉफ़ी में कैफ़ीन की अच्छी मात्रा होती है, जो स्ट्रेच मार्क्स को ठीक करने में महत्वपूर्ण भूमिका निभाती है
/home/vijay/Desktop/All_Files/ALL_TTS/DIS_Vector_Embedding_Integration/Data/Hindi_Male/wav/hi_m_education_02306.wav	Hindi_Male	इसी प्रकार केवलज्ञान की प्राप्ति रत्नत्रय के साथ एक अन्तर्मुहूर्त तक ध्यानाग्नि में तपे बिना सम्भव नहीं होती।
/home/vijay/Desktop/All_Files/ALL_TTS/DIS_Vector_Embedding_Integration/Data/Hindi_Male/wav/hi_m_books_02325.wav	Hindi_Male	एक कंघा लीजिए और इसके बीच के एक दाँते को छोड़कर सभी खुले स्थानों को बंद कर दीजिए|
/home/vijay/Desktop/All_Files/ALL_TTS/DIS_Vector_Embedding_Integration/Data/Hindi_Male/wav/hi_m_books_04436.wav	Hindi_Male	उनकी माँग थी कि पहले बच्चे के पैदा होने पर उन्हें एक बड़ी रकम, एक स्कूटर और एक फ्रिज दिया जाए|
/home/vijay/Desktop/All_Files/ALL_TTS/DIS_Vector_Embedding_Integration/Data/Hindi_Male/wav/hi_m_other_02603.wav	Hindi_Male	नए तजुर्बों के जो नतीजे सामने आए हैं वो चौंकाने वाले हैं।
/home/vijay/Desktop/All_Files/ALL_TTS/DIS_Vector_Embedding_Integration/Data/Hindi_Male/wav/hi_m_education_02359.wav	Hindi_Male	उम्मीदवारों का चयन ऑनलाइन परीक्षा, फिजिकल टेस्ट, एडाप्टाबिल्टी टेस्ट और मेडिकल टेस्ट के आधार पर ही होगा।
/home/vijay/Desktop/All_Files/ALL_TTS/DIS_Vector_Embedding_Integration/Data/Hindi_Male/wav/hi_m_education_02533.wav	Hindi_Male	वीर बहादुर सिंह विश्वविद्यालय की परीक्षा में उङाका दलों ने सोमवार को चारों जिले की परीक्षा में पांच नकलचियों को  रस्टीकेट किया गया।
/home/vijay/Desktop/All_Files/ALL_TTS/DIS_Vector_Embedding_Integration/Data/Hindi_Male/wav/hi_m_books_04580.wav	Hindi_Male	कृषि, उद्योग, तकनीकी और सर्वांगीण आर्थिक विकास में अद्भुत प्रगति हुई है|
/home/vijay/Desktop/All_Files/ALL_TTS/DIS_Vector_Embedding_Integration/Data/Hindi_Male/wav/hi_m_books_04644.wav	Hindi_Male	वहाँ से उन्होंने इंडोनेशिया के द्वीपों तथा फिलीपींस से ऑस्ट्रेलिया तक का सफर किया|
/home/vijay/Desktop/All_Files/ALL_TTS/DIS_Vector_Embedding_Integration/Data/Hindi_Male/wav/hi_m_politics_00456.wav	Hindi_Male	तमिलनाडु की कई बार मुख्यमंत्री रही जयललिता ने कल रात अंतिम सांस ली
/home/vijay/Desktop/All_Files/ALL_TTS/DIS_Vector_Embedding_Integration/Data/Hindi_Male/wav/hi_m_books_02455.wav	Hindi_Male	फिर भी गुणात्मक रूप से आर्द्रता की लंबी अवधि तक तथा तीक्ष्ण कमी को कृषिगत सूखे के रूप में परिभाषित किया जा सकता है|
/home/vijay/Desktop/All_Files/ALL_TTS/DIS_Vector_Embedding_Integration/Data/Hindi_Male/wav/hi_m_agri_00656.wav	Hindi_Male	पेप्सिको द्वारा आलू की इस किस्म का इस्तेमाल 'लेज' चिप्स बनाने के लिए किया जाता है
/home/vijay/Desktop/All_Files/ALL_TTS/DIS_Vector_Embedding_Integration/Data/Hindi_Male/wav/hi_m_books_04454.wav	Hindi_Male	आप को धैर्य के साथ कुछ दिनों तक, भिन्न-भिन्न समयों पर उन्हें देखना होगा|
/home/vijay/Desktop/All_Files/ALL_TTS/DIS_Vector_Embedding_Integration/Data/Hindi_Male/wav/hi_m_books_03045.wav	Hindi_Male	ऐसा विशेष रूप से बिहार में, बंगाल के मिदनापुर ज़िले में और संयुक्त-प्रांत के दक्षिण-पूर्वी ज़िलों में हुआ|
/home/vijay/Desktop/All_Files/ALL_TTS/DIS_Vector_Embedding_Integration/Data/Hindi_Male/wav/hi_m_education_00203.wav	Hindi_Male	कई देशों में ऑक्टोपस की बुद्धि की वजह से एनेस्थीसिया के बिना  ऑक्टोपस पर सर्जरी करना अवैध है ।
/home/vijay/Desktop/All_Files/ALL_TTS/DIS_Vector_Embedding_Integration/Data/Hindi_Male/wav/hi_m_books_00350.wav	Hindi_Male	इसमें सरकार पिछले साल के खर्चों का खाता पेश करती है और अगले साल के खर्चों की योजना सामने रखती है|
/home/vijay/Desktop/All_Files/ALL_TTS/DIS_Vector_Embedding_Integration/Data/Hindi_Male/wav/hi_m_books_04852.wav	Hindi_Male	आजकल, अभिमार्जन मशीनों द्वारा किया जाता है | चरण  अभिमार्जन के बाद छँटाई की जाती है|
/home/vijay/Desktop/All_Files/ALL_TTS/DIS_Vector_Embedding_Integration/Data/Hindi_Male/wav/hi_m_other_03572.wav	Hindi_Male	बौद्धधर्म ग्रहण करने के बाद उसने साँची और भरहुत में स्तूप बनवाये तथा जबलपुर जिले के रुपनाथ की चट्टान पर अभिलेख उत्कीर्ण करवाया।
/home/vijay/Desktop/All_Files/ALL_TTS/DIS_Vector_Embedding_Integration/Data/Hindi_Male/wav/hi_m_other_04390.wav	Hindi_Male	सहृदय कवयित्री भावना कुँअर ने ग़ज़ल की मार्मिकता की बारीकी से पड़ताल की है।
/home/vijay/Desktop/All_Files/ALL_TTS/DIS_Vector_Embedding_Integration/Data/Hindi_Male/wav/hi_m_education_00684.wav	Hindi_Male	गंभीर रूप से घायल लोगों को लियाकत मेडिकल कॉम्प्लेक्स और उप जिला अस्पताल में भर्ती कराया जा रहा है।
/home/vijay/Desktop/All_Files/ALL_TTS/DIS_Vector_Embedding_Integration/Data/Hindi_Male/wav/hi_m_other_02055.wav	Hindi_Male	चौंकाने वाली बात यह है कि टीना की तस्वीरों में टेक्स्चर्ड डिजाइन नहीं नजर आ रहा है।
/home/vijay/Desktop/All_Files/ALL_TTS/DIS_Vector_Embedding_Integration/Data/Hindi_Male/wav/hi_m_general_02243.wav	Hindi_Male	परशुराम ऐसी विलक्षण विभूति हैं जिन्होंने अकेले ही अनाचारी, अत्याचारी व प्रजा शोषक राजसत्ता का उन्मूलन करके पृथ्वी पर धर्म की स्थापना की।
/home/vijay/Desktop/All_Files/ALL_TTS/DIS_Vector_Embedding_Integration/Data/Hindi_Male/wav/hi_m_weather_02325.wav	Hindi_Male	इस पद्धति के आधार पर विभिन्न घटनाओं के संदर्भों में सार्वकालिक और सार्वत्रिक नियमों को स्थापित करना और उन नियमों को पुनः सिद्ध करना संभव होता है ।
/home/vijay/Desktop/All_Files/ALL_TTS/DIS_Vector_Embedding_Integration/Data/Hindi_Male/wav/hi_m_books_02385.wav	Hindi_Male	इस प्रकार वैबर यह तर्क प्रस्तुत करने में सक्षम थे कि धर्म, इस मामले में कैल्विनवाद के आथक विकास पर प्रभाव डालता है|
/home/vijay/Desktop/All_Files/ALL_TTS/DIS_Vector_Embedding_Integration/Data/Hindi_Male/wav/hi_m_books_02023.wav	Hindi_Male	उसके स्वभाव में बहु- श्रुतता का गुण होना आवश्यक होता है| कीर्तन मंदिर में अथवा मंदिर के परिसर में किया जाता है|
/home/vijay/Desktop/All_Files/ALL_TTS/DIS_Vector_Embedding_Integration/Data/Hindi_Male/wav/hi_m_books_04528.wav	Hindi_Male	शाही परिवारों में विवाहों का आयोजन काफ़ी खर्चीला होता था|
/home/vijay/Desktop/All_Files/ALL_TTS/DIS_Vector_Embedding_Integration/Data/Hindi_Male/wav/hi_m_books_00538.wav	Hindi_Male	दर्पण में देखते हुए अपने दाँतों की गणना कीजिए|
/home/vijay/Desktop/All_Files/ALL_TTS/DIS_Vector_Embedding_Integration/Data/Hindi_Male/wav/hi_m_other_00064.wav	Hindi_Male	हमने दैनिक भास्कर पर हिंदी स्लोगन की माँग को देखते हुए दैनिक भास्कर पर हिंदी स्लोगन लिखें हैं।
/home/vijay/Desktop/All_Files/ALL_TTS/DIS_Vector_Embedding_Integration/Data/Hindi_Male/wav/hi_m_general_03055.wav	Hindi_Male	भारत में मैन्चेस्टर यूनाइटेड, लिवरपूल, आर्सेनल और चेल्सी जैसे फुटबॉल क्लबों के फैन क्लब मौजूद हैं।
/home/vijay/Desktop/All_Files/ALL_TTS/DIS_Vector_Embedding_Integration/Data/Hindi_Male/wav/hi_m_other_04855.wav	Hindi_Male	संजीता ने पहले सतत्तर और फिर छियान्बे किलो वज़न उठाया और चानू ने पिछत्तर और ​अस्सी ​किलो वज़न उठाया था।
/home/vijay/Desktop/All_Files/ALL_TTS/DIS_Vector_Embedding_Integration/Data/Hindi_Male/wav/hi_m_agri_00528.wav	Hindi_Male	सिर में अगर खुश्की हो तो नींबू का रस तेल के साथ मिलाकर लगाए
/home/vijay/Desktop/All_Files/ALL_TTS/DIS_Vector_Embedding_Integration/Data/Hindi_Male/wav/hi_m_books_03883.wav	Hindi_Male	आरकोट के नवाब पास ही स्थित ट्रिप्लीकेन में जा बसे थे जो एक अच्छी-ख़ासी मुस्लिम आबादी का केंद्र बन गया|
/home/vijay/Desktop/All_Files/ALL_TTS/DIS_Vector_Embedding_Integration/Data/Hindi_Male/wav/hi_m_general_00339.wav	Hindi_Male	जेने क्लोनिंग के लिए वेक्टर विषय के अंतर्गत क्लोनिंग वैक्टर, प्लाज्मिड बायोलॉजी, प्लास्मिड वैक्टर आदि उपविषय का अध्ययन किया जाता है।
/home/vijay/Desktop/All_Files/ALL_TTS/DIS_Vector_Embedding_Integration/Data/Hindi_Male/wav/hi_m_politics_03624.wav	Hindi_Male	धोनी ने जिम्बॉम्बे के खिलाफ हरारे में हुए मुकाबलों में युवा टीम का नेतृत्व किया था और वनडे व टेस्ट सीरीज जीती थीं
/home/vijay/Desktop/All_Files/ALL_TTS/DIS_Vector_Embedding_Integration/Data/Hindi_Male/wav/hi_m_other_04843.wav	Hindi_Male	एक ओर तालिबानी गुट, तो दूसरी ओर हक्क़ानी गुट धमाके करने में एकदूसरे से आगे निकलने की होड़ में लगे हुए हैं।
/home/vijay/Desktop/All_Files/ALL_TTS/DIS_Vector_Embedding_Integration/Data/Hindi_Male/wav/hi_m_finance_00339.wav	Hindi_Male	इसके चलते चप्पेचप्पे पर बैंकों द्वारा एटीएम स्थापित की गई हैं
/home/vijay/Desktop/All_Files/ALL_TTS/DIS_Vector_Embedding_Integration/Data/Hindi_Male/wav/hi_m_politics_00036.wav	Hindi_Male	एक्ट्रेस तापसी पन्नू, एक्ट्रेस दीया मिर्जा, निर्देशक अनुराग कश्यप, निर्देशक अनुभव सिन्हा विरोध करने पहुंचे
/home/vijay/Desktop/All_Files/ALL_TTS/DIS_Vector_Embedding_Integration/Data/Hindi_Male/wav/hi_m_books_00530.wav	Hindi_Male	इसमें माल को निर्धारित बंदरगाह तक ले जाने से संबंधित शर्तें दी हुई होती है|
/home/vijay/Desktop/All_Files/ALL_TTS/DIS_Vector_Embedding_Integration/Data/Hindi_Male/wav/hi_m_books_00658.wav	Hindi_Male	गुजरात, राजस्थान, मध्य प्रदेश और महाराष्ट्र में अति पशुचारण भूमि निम्नीकरण का मुख्य कारण है|
/home/vijay/Desktop/All_Files/ALL_TTS/DIS_Vector_Embedding_Integration/Data/Hindi_Male/wav/hi_m_books_02537.wav	Hindi_Male	दुर्भाग्य से, 1972-73 में भारतीय लोहा और इस्पात कारखानें से इस्पात उत्पादन बहुत कम हो गया और संयंत्र सरकार द्वारा अधिग्रहित कर लिया गया|
/home/vijay/Desktop/All_Files/ALL_TTS/DIS_Vector_Embedding_Integration/Data/Hindi_Male/wav/hi_m_books_05052.wav	Hindi_Male	सोवियत संघ के नेता लियोनेड ब्रेझनेव और अमरीका के राष्ट्रपति रिचर्ड निक्सन ने मास्को में 26 मई 1972 को निम्नलिखित समझौते पर दस्तख़त किए -||
/home/vijay/Desktop/All_Files/ALL_TTS/DIS_Vector_Embedding_Integration/Data/Hindi_Male/wav/hi_m_education_00556.wav	Hindi_Male	इस प्रकार अंतरिक्ष किरणें दो भागों में बाँटी जा सकती हैं ।
/home/vijay/Desktop/All_Files/ALL_TTS/DIS_Vector_Embedding_Integration/Data/Hindi_Male/wav/hi_m_other_05232.wav	Hindi_Male	मार्क्सवादी लेखक चाहे इसे न मानें लेकिन काफ़्का ने जो अपने अकेलेपन की आंच से अभिशप्त रहकर लिखा, वह कालातीत है।
/home/vijay/Desktop/All_Files/ALL_TTS/DIS_Vector_Embedding_Integration/Data/Hindi_Male/wav/hi_m_health_00563.wav	Hindi_Male	अभिनेता सुनील शेट्टी ने कहा कि कैंसर की बीमारी से लड़ रहीं सोनाली और इरफान को स्ट्रेंथ् की जरूरत है
/home/vijay/Desktop/All_Files/ALL_TTS/DIS_Vector_Embedding_Integration/Data/Hindi_Male/wav/hi_m_books_00385.wav	Hindi_Male	बताएँ कि इससे कैसे मानव-पूँजी की हानि हो रही है|
/home/vijay/Desktop/All_Files/ALL_TTS/DIS_Vector_Embedding_Integration/Data/Hindi_Male/wav/hi_m_other_03785.wav	Hindi_Male	लेकिन महोबा जिले के कुलपहाड़ ब्लाक के रामलीला मैदान मुहल्ले के तालाब की हालत बद से बद्तर है।
/home/vijay/Desktop/All_Files/ALL_TTS/DIS_Vector_Embedding_Integration/Data/Hindi_Male/wav/hi_m_weather_02264.wav	Hindi_Male	गर्मी के कारण शहर के बाजारों में दोपहर बाद कर्फ्यू सा माहौल बन गया था
/home/vijay/Desktop/All_Files/ALL_TTS/DIS_Vector_Embedding_Integration/Data/Hindi_Male/wav/hi_m_books_03584.wav	Hindi_Male	महाद्वीप के देशों बर्मा, स्याम और हिंद-चीन पर चीन का प्रभाव अधिक था, टापुओं और मलय प्रायद्वीप पर भारत की छाप अधिक थी|
/home/vijay/Desktop/All_Files/ALL_TTS/DIS_Vector_Embedding_Integration/Data/Hindi_Male/wav/hi_m_books_00388.wav	Hindi_Male	नाभिकीय शोध के उपर्युक्त उदाहरण में मापनी मूल्य 'एक’ उसी चरम-सीमा का है जितना की ‘पाँच’|
/home/vijay/Desktop/All_Files/ALL_TTS/DIS_Vector_Embedding_Integration/Data/Hindi_Male/wav/hi_m_other_04473.wav	Hindi_Male	ओरिजी और माईक के हब्शी ​लड़कों ​के सामने रस्तोगी और चिन्नास्वामी के लड़के तो बिल्कुल चूहे जैसे थे।
/home/vijay/Desktop/All_Files/ALL_TTS/DIS_Vector_Embedding_Integration/Data/Hindi_Male/wav/hi_m_other_05065.wav	Hindi_Male	साईं कॉलेज आफ टीचर्स ट्रेनिंग, ओनामा में सरदार वल्ल्भ भाई पटेल की जयंती हर्षोल्लास के साथ मनायी गई।
/home/vijay/Desktop/All_Files/ALL_TTS/DIS_Vector_Embedding_Integration/Data/Hindi_Male/wav/hi_m_other_05053.wav	Hindi_Male	श्री ठाकुर और श्री जोग्टा ने कहा कि कर्मचारी सरकार की रीढ़ होती है।
/home/vijay/Desktop/All_Files/ALL_TTS/DIS_Vector_Embedding_Integration/Data/Hindi_Male/wav/hi_m_other_04253.wav	Hindi_Male	अदाणी पोर्ट्स एंड स्पेशल इकनॉमिक जोन लिमिटेड ऐप्सेज ने कहा कि उसने संस्थागत नियोजन कार्यक्रम आईआईपी के जरिये , करोड़ रुपये जुटाए हैं।
/home/vijay/Desktop/All_Files/ALL_TTS/DIS_Vector_Embedding_Integration/Data/Hindi_Male/wav/hi_m_politics_03258.wav	Hindi_Male	दिनेश विजन के निर्देशन में बनी फिल्म 'राब्ता' में सुशांत के साथ कृति सेनन भी मुख्य किरादर निभाती हुई नजर आ रही हैं
/home/vijay/Desktop/All_Files/ALL_TTS/DIS_Vector_Embedding_Integration/Data/Hindi_Male/wav/hi_m_education_00304.wav	Hindi_Male	कहीं आप वेट डैंड्रफ से तो परेशान नहीं हैं ,वेट डैंड्रफ भी डैंड्रफ का ही एक प्रकार है ।
/home/vijay/Desktop/All_Files/ALL_TTS/DIS_Vector_Embedding_Integration/Data/Hindi_Male/wav/hi_m_politics_03404.wav	Hindi_Male	शत्रु के निकट आने पर उसकी पहली चिंता अपनी सूँड़ की रक्षा करने की होती है
/home/vijay/Desktop/All_Files/ALL_TTS/DIS_Vector_Embedding_Integration/Data/Hindi_Male/wav/hi_m_books_04805.wav	Hindi_Male	मैं जब उज़्बेकिस्तान आया तो यह मेरे लिए सचमुच बहुत आश्चर्य की बात थी|
/home/vijay/Desktop/All_Files/ALL_TTS/DIS_Vector_Embedding_Integration/Data/Hindi_Male/wav/hi_m_weather_00308.wav	Hindi_Male	चोरों ने गर्मी मिटाने के लिए पेप्सी, लिम्का जैसी कोल्ड ड्रिंक्स पेटी की चोरी की है
/home/vijay/Desktop/All_Files/ALL_TTS/DIS_Vector_Embedding_Integration/Data/Hindi_Male/wav/hi_m_books_00032.wav	Hindi_Male	यही नहीं, सुव्यवस्थित घरेलू उद्यमी वर्ग, व्यावसायिक एवं वाणिज्यिक वर्ग भी है|
/home/vijay/Desktop/All_Files/ALL_TTS/DIS_Vector_Embedding_Integration/Data/Hindi_Male/wav/hi_m_other_03730.wav	Hindi_Male	इस दौरान एसएसबी कमांडेंट राम अवतार भलोटिया, वीरपुर एसडीपीओ सुधीर कुमार एवं नेपाल आम्र्स फौर्स के निरीक्षक गोकर्ण भट्टराई जवानों के साथ डटे रहे।
/home/vijay/Desktop/All_Files/ALL_TTS/DIS_Vector_Embedding_Integration/Data/Hindi_Male/wav/hi_m_other_03000.wav	Hindi_Male	सामने कई साइकिलों के ब्रेक शू, डिबरी, नट, बोल्ट और फ़ुटकर पुर्जे मोमिया पर पसरे हुये धूप सेंक रहे थे।
/home/vijay/Desktop/All_Files/ALL_TTS/DIS_Vector_Embedding_Integration/Data/Hindi_Male/wav/hi_m_books_00846.wav	Hindi_Male	बृहस्पति के बहुत से प्राकृतिक उपग्रह हैं| इसके चारों ओर धुँधले वलय भी हैं|
/home/vijay/Desktop/All_Files/ALL_TTS/DIS_Vector_Embedding_Integration/Data/Hindi_Male/wav/hi_m_education_00403.wav	Hindi_Male	उसने अपने पहले ही ओवर में दो विकेट चटकाकर श्रीलंका के सलामी बल्लेबाजों धनंजय डिसिल्वा और कौशल सिल्वा को आउट किया।
/home/vijay/Desktop/All_Files/ALL_TTS/DIS_Vector_Embedding_Integration/Data/Hindi_Male/wav/hi_m_books_00363.wav	Hindi_Male	यद्यपि ब्रह्मांड के विस्तार संबंधी अनेक प्रमाणों के मिलने पर वैज्ञानिक समुदाय अब ब्रह्मांड विस्तार सिद्धांत के ही पक्षधर हैं|
/home/vijay/Desktop/All_Files/ALL_TTS/DIS_Vector_Embedding_Integration/Data/Hindi_Male/wav/hi_m_education_00434.wav	Hindi_Male	वह स्थूल ज्ञान ऐसा होता है जैसे वह फूल लाल है यह स्थूल ज्ञान है।
/home/vijay/Desktop/All_Files/ALL_TTS/DIS_Vector_Embedding_Integration/Data/Hindi_Male/wav/hi_m_books_04868.wav	Hindi_Male	इस तरह की वित्तीय संख्याओं को उनके नज़दीकी पूर्णांक में लिखना चाहिए|
/home/vijay/Desktop/All_Files/ALL_TTS/DIS_Vector_Embedding_Integration/Data/Hindi_Male/wav/hi_m_books_04380.wav	Hindi_Male	सजीवों की जीवित कोशिकाओं को संवधत सूक्ष्मदर्शी की खोज के बाद ही देखा जा सका|
/home/vijay/Desktop/All_Files/ALL_TTS/DIS_Vector_Embedding_Integration/Data/Hindi_Male/wav/hi_m_other_05233.wav	Hindi_Male	लगा मानो तमाम रंध्रों से पसीने का सैलाब फूट पड़ा, ऐसा पहले तो कभी नहीं हुआ था।
/home/vijay/Desktop/All_Files/ALL_TTS/DIS_Vector_Embedding_Integration/Data/Hindi_Male/wav/hi_m_education_00803.wav	Hindi_Male	प्रवक्ताओं की मानें तो पंजाब में चिल्ड्रन भत्ता, मेडिकल भत्ता व अन्य भत्ते  दिए जाते हैं,जो हिमाचल प्रदेश  में नहीं दिए जाते।
/home/vijay/Desktop/All_Files/ALL_TTS/DIS_Vector_Embedding_Integration/Data/Hindi_Male/wav/hi_m_books_03805.wav	Hindi_Male	कुछ बच्चों में एडीए की कमी का उपचार अस्थिमज्जा के प्रत्यारोपण से होता है|
/home/vijay/Desktop/All_Files/ALL_TTS/DIS_Vector_Embedding_Integration/Data/Hindi_Male/wav/hi_m_books_00358.wav	Hindi_Male	इन वस्तुओं को गड्ढे में डालने से उसमें रोग कारक जीव उत्पन्न होने लगते हैं|
/home/vijay/Desktop/All_Files/ALL_TTS/DIS_Vector_Embedding_Integration/Data/Hindi_Male/wav/hi_m_health_02305.wav	Hindi_Male	पाकिस्तानी बल्लेबाज शोएब मलिक को मैच के दौरान सिर में चोट लगी जब फील्डर कोलिन मुनरो का थ्रो उनके सिर से टकराया
/home/vijay/Desktop/All_Files/ALL_TTS/DIS_Vector_Embedding_Integration/Data/Hindi_Male/wav/hi_m_other_03804.wav	Hindi_Male	लक्ष्मण के मूर्छित होकर पृथ्वी पर गिरते ही मेघनाद ने हर्षोन्मत्त होकर दसों दिशाओं को गुँजाने वाली गर्जना की।
/home/vijay/Desktop/All_Files/ALL_TTS/DIS_Vector_Embedding_Integration/Data/Hindi_Male/wav/hi_m_other_04439.wav	Hindi_Male	अब बालक व बालिकाएं चिन्हित विद्यालयों तक सीमित नहीं रहेंगे , बालकों के लिए खुले राजकीय इंटर कालेजों का दायरा बढ़ रहा है।
/home/vijay/Desktop/All_Files/ALL_TTS/DIS_Vector_Embedding_Integration/Data/Hindi_Male/wav/hi_m_general_00063.wav	Hindi_Male	अर्घ्य समर्पण पाद्य समर्पण के पश्चात् भगवान गणेश को गन्धमिश्रित अर्घ्य जल समर्पित करें ।
/home/vijay/Desktop/All_Files/ALL_TTS/DIS_Vector_Embedding_Integration/Data/Hindi_Male/wav/hi_m_education_00563.wav	Hindi_Male	जूली देवी ने फेशियल और ब्लीच करने, प्रीति सक्सेना ने टेडी वियर बनाने, मीना राजपूत ने सलवार कटिंग का प्रशिक्षण दिया।
/home/vijay/Desktop/All_Files/ALL_TTS/DIS_Vector_Embedding_Integration/Data/Hindi_Male/wav/hi_m_other_04585.wav	Hindi_Male	आगरा जनपद के शमशाबाद, फतेहाबाद, बाह, कस्बे की इससे पूर्व रेल से कनैक्टिविटी नहीं थी।
/home/vijay/Desktop/All_Files/ALL_TTS/DIS_Vector_Embedding_Integration/Data/Hindi_Male/wav/hi_m_books_02595.wav	Hindi_Male	हैदरअली एक अद्भुत व्यक्ति और भारतीय इतिहास का उल्लेखनीय व्यक्तित्व था|
/home/vijay/Desktop/All_Files/ALL_TTS/DIS_Vector_Embedding_Integration/Data/Hindi_Male/wav/hi_m_books_00642.wav	Hindi_Male	भौगोलिक तत्त्वों में भी सामयिक परिवर्तन होते रहते हैं और इसी की व्याख्या ऐतिहासिक भूगोल का ध्येय है|
/home/vijay/Desktop/All_Files/ALL_TTS/DIS_Vector_Embedding_Integration/Data/Hindi_Male/wav/hi_m_other_05225.wav	Hindi_Male	अरुणाचल प्रदेश के तेजपुर स्थित वायुसेना बेस पर ब्रह्मोस मिसाइलों से सुसज्जित सुखोई विमानों के दो स्क्वाड्रन तैयार रहेंगे।
/home/vijay/Desktop/All_Files/ALL_TTS/DIS_Vector_Embedding_Integration/Data/Hindi_Male/wav/hi_m_agri_02335.wav	Hindi_Male	नारियल पानी, नींबू पानी थोड़े थोड़े अंतराल पर लेते रहें ताकि शरीर हाइड्रेंट बना रहे और आपका पेट भरा रहे
/home/vijay/Desktop/All_Files/ALL_TTS/DIS_Vector_Embedding_Integration/Data/Hindi_Male/wav/hi_m_other_03575.wav	Hindi_Male	इनरवा, थरूहट क्षेत्र के उत्क्रमित मध्य विद्यालय जगना में शिक्षकों की लेट लतीफी और गायब रहने से गुरूवार को लोगों का आक्रोश भड़क उठा।
/home/vijay/Desktop/All_Files/ALL_TTS/DIS_Vector_Embedding_Integration/Data/Hindi_Male/wav/hi_m_other_04283.wav	Hindi_Male	पुरातात्विक खुदाइयों में विभिन्न नदी घाटी सभ्यताओं के  बारे में काफी जानकारी मिली है।
/home/vijay/Desktop/All_Files/ALL_TTS/DIS_Vector_Embedding_Integration/Data/Hindi_Male/wav/hi_m_books_05003.wav	Hindi_Male	1865 में स्नातक के बाद उन्होंने पाविआ के सेंट मेरिओ के अस्पताल में अध्ययन जारी रखा|
/home/vijay/Desktop/All_Files/ALL_TTS/DIS_Vector_Embedding_Integration/Data/Hindi_Male/wav/hi_m_other_03936.wav	Hindi_Male	यहां उन्हें अख्तर हुसैन रायपुरी, सिब्तेहसन, जज़्बी, मजाज़, जां निसार अख्तर और ख्वाजा अब्बास जैसे साथी मिले।
/home/vijay/Desktop/All_Files/ALL_TTS/DIS_Vector_Embedding_Integration/Data/Hindi_Male/wav/hi_m_general_02654.wav	Hindi_Male	मेनफ़्रेम कंप्यूटर साइज़ में बहुत बड़े होते है मिनी कंप्यूटर की तुलना में मेनफ़्रेम कंप्यूटर अधिक गतिशील होते है।
/home/vijay/Desktop/All_Files/ALL_TTS/DIS_Vector_Embedding_Integration/Data/Hindi_Male/wav/hi_m_politics_03434.wav	Hindi_Male	बताया जा रहा है कि टीम का लगातार खराब प्रदर्शन और बोर्ड के साथ मुश्फिकुर का मतभेद उनकी कप्तानी छीने जाने की वजह है
/home/vijay/Desktop/All_Files/ALL_TTS/DIS_Vector_Embedding_Integration/Data/Hindi_Male/wav/hi_m_finance_00023.wav	Hindi_Male	विशेषज्ञों की भविष्यवाणी है कि बहुत जल्द बीमा ब्रोकिंग उद्योग में एकीकरण की लहर उठेगी, जिसमें बड़े ब्रोकर छोटे ब्रोकरों का अधिग्रहण करेंगे
/home/vijay/Desktop/All_Files/ALL_TTS/DIS_Vector_Embedding_Integration/Data/Hindi_Male/wav/hi_m_books_00644.wav	Hindi_Male	पचे हुए भोजन को अवशोषित करने के लिए क्षुद्रांत्र को कैसे अभिकल्पित किया गया है|
/home/vijay/Desktop/All_Files/ALL_TTS/DIS_Vector_Embedding_Integration/Data/Hindi_Male/wav/hi_m_other_03242.wav	Hindi_Male	बुंदेलखंड में चल रही इन खोजों के बारे में कुशवाहा ने बताया कि आरईई तत्त्वों में लिथियम, सीरियम, समेरियम एवं नियोडियम प्रमुख तत्त्व हैं।
/home/vijay/Desktop/All_Files/ALL_TTS/DIS_Vector_Embedding_Integration/Data/Hindi_Male/wav/hi_m_books_03833.wav	Hindi_Male	अब ड्रॉपर की सहायता से परखनली में दो बूँद कॉपर सल्फ़ट का विलयन तथा दस बूँद कास्टिक सोडा का विलयन डालिए |
/home/vijay/Desktop/All_Files/ALL_TTS/DIS_Vector_Embedding_Integration/Data/Hindi_Male/wav/hi_m_books_00605.wav	Hindi_Male	पृथ्वी के धरातल का लगभग 71 प्रतिशत भाग जल से ढँका है, लेकिन इसका 97 प्रतिशत जल लवणीय है|
/home/vijay/Desktop/All_Files/ALL_TTS/DIS_Vector_Embedding_Integration/Data/Hindi_Male/wav/hi_m_finance_00664.wav	Hindi_Male	अगर इसी तरह का समझौता किसी अन्य देश से होता तो वे हॅंसीखुशी इसे स्वीकार कर लेते
/home/vijay/Desktop/All_Files/ALL_TTS/DIS_Vector_Embedding_Integration/Data/Hindi_Male/wav/hi_m_books_02652.wav	Hindi_Male	इससे उन्हें शक्ति मिलती थी शिवाजी औरंगज़ेब से लड़ा ज़रूर पर उसने मुसलमानों को खुलकर नौकरियाँ दीं|
/home/vijay/Desktop/All_Files/ALL_TTS/DIS_Vector_Embedding_Integration/Data/Hindi_Male/wav/hi_m_education_00444.wav	Hindi_Male	फिल्म इंडस्ट्री, जहां हर कोई ज्ञान बांटने के लिए बेताब रहता है, तब्बू एक खामोश, रहस्यमय सी शख्सीयत के रूप में सामने आईं।
/home/vijay/Desktop/All_Files/ALL_TTS/DIS_Vector_Embedding_Integration/Data/Hindi_Male/wav/hi_m_books_00225.wav	Hindi_Male	इसका आरंभ तब हुआ जब अमेरिकी जासूसी विमानों ने अपने पड़ोसी देश क्यूबा में सोवियत संघ के आण्विक मिसाइल खोज निकाले|
/home/vijay/Desktop/All_Files/ALL_TTS/DIS_Vector_Embedding_Integration/Data/Hindi_Male/wav/hi_m_books_04442.wav	Hindi_Male	चश्मे: निकट दृष्टिदोष का निराकरण करने के लिए अवतल लेंस का उपयोग करते है|
/home/vijay/Desktop/All_Files/ALL_TTS/DIS_Vector_Embedding_Integration/Data/Hindi_Male/wav/hi_m_agri_00454.wav	Hindi_Male	इन सभी मुद्दों का विचार करते हुए देश के हर किसान को जीरो बजट प्राकृतिक खेती एवं आध्यात्मिक खेती को स्वीकार करना चाहिए
/home/vijay/Desktop/All_Files/ALL_TTS/DIS_Vector_Embedding_Integration/Data/Hindi_Male/wav/hi_m_books_03547.wav	Hindi_Male	’’ स्मिथ से पहले फ़ांस के फिजियोक्रेट्स राजनीतिक अर्थशास्त्र के महान विचारक थे|
/home/vijay/Desktop/All_Files/ALL_TTS/DIS_Vector_Embedding_Integration/Data/Hindi_Male/wav/hi_m_finance_00503.wav	Hindi_Male	निलम्बन वापस होने के बाद से यश मालवीय को एक भी पैसे तनख़्वाह के नहीं दिए गए हैं
/home/vijay/Desktop/All_Files/ALL_TTS/DIS_Vector_Embedding_Integration/Data/Hindi_Male/wav/hi_m_health_00643.wav	Hindi_Male	डैनी डेंजोग्पा द्वारा निभाए गए विलेन के किरदार का खौफ आज भी लोगों के दिमाग में छाया रहता है
/home/vijay/Desktop/All_Files/ALL_TTS/DIS_Vector_Embedding_Integration/Data/Hindi_Male/wav/hi_m_other_03245.wav	Hindi_Male	वोल्वो एक्ससी का मुकाबला बीएमडब्ल्यू एक्स, मर्सिडीज बेंज जीएलए और ऑडी क्यू से होगा।
/home/vijay/Desktop/All_Files/ALL_TTS/DIS_Vector_Embedding_Integration/Data/Hindi_Male/wav/hi_m_books_03004.wav	Hindi_Male	बॉक्स  में विश्रांति की विधि के बारे में बताया गया है|
/home/vijay/Desktop/All_Files/ALL_TTS/DIS_Vector_Embedding_Integration/Data/Hindi_Male/wav/hi_m_education_00650.wav	Hindi_Male	जबकि घायल छात्रों में नवीन पुत्र ज्ञान बहादुर एंव प्रियाशुं है।
/home/vijay/Desktop/All_Files/ALL_TTS/DIS_Vector_Embedding_Integration/Data/Hindi_Male/wav/hi_m_books_00636.wav	Hindi_Male	फलस्वरूप, भृंगों की समष्टि में लाल भृंगों की अपेक्षा हरे भृंगों की संख्या बढ़ती जाती है|
/home/vijay/Desktop/All_Files/ALL_TTS/DIS_Vector_Embedding_Integration/Data/Hindi_Male/wav/hi_m_finance_00468.wav	Hindi_Male	इसकी वजह से भविष्य में कंपनी को निर्यात से होने वाली आय बढेग़ी
/home/vijay/Desktop/All_Files/ALL_TTS/DIS_Vector_Embedding_Integration/Data/Hindi_Male/wav/hi_m_books_02630.wav	Hindi_Male	मरुस्थल की बलुई मृदा में कंटीली झाड़ियाँ तथा नदियों के डेल्टा क्षेत्र में पर्णपाती वन पाए जाते हैं|
/home/vijay/Desktop/All_Files/ALL_TTS/DIS_Vector_Embedding_Integration/Data/Hindi_Male/wav/hi_m_books_03313.wav	Hindi_Male	इसके फलस्वरूप ब्रह्मांड का विस्तार हुआ और तापमान में कमी आई| कुछ समय बाद हाइड्रोजन एवं हीलियम गैसें बनी|
/home/vijay/Desktop/All_Files/ALL_TTS/DIS_Vector_Embedding_Integration/Data/Hindi_Male/wav/hi_m_health_03084.wav	Hindi_Male	सफेद बालों को काला करने के लिए बालों और सिर की त्वचा पर अम्लान का रस लगाएं
/home/vijay/Desktop/All_Files/ALL_TTS/DIS_Vector_Embedding_Integration/Data/Hindi_Male/wav/hi_m_other_03063.wav	Hindi_Male	हेमेटाइटा, सिडेराइट, लिमोनाइट और मैग्नेटाइट इन लौह अयस्कों में से बैलाडिला में किसका खनन होता है?
/home/vijay/Desktop/All_Files/ALL_TTS/DIS_Vector_Embedding_Integration/Data/Hindi_Male/wav/hi_m_education_02322.wav	Hindi_Male	इराक़ के अन्नुजबा आंदोलन के प्रवक्ता ने कहा कि इस प्रकार की बातों ने इराक़ियों पर बहुत प्रभाव डाला।
/home/vijay/Desktop/All_Files/ALL_TTS/DIS_Vector_Embedding_Integration/Data/Hindi_Male/wav/hi_m_other_03307.wav	Hindi_Male	कल्पनाओं में जन्म लेने वाले, मगर खोजें तो इनकी जड़ें वर्जनाओं, विद्रूपताओं और विसंगतियों के ठोस धरातल में धंसी मिलेंगी।
/home/vijay/Desktop/All_Files/ALL_TTS/DIS_Vector_Embedding_Integration/Data/Hindi_Male/wav/hi_m_education_02395.wav	Hindi_Male	वहीं इसी प्रकार का ऑफर ग्रॉसरी की शॉपिंग पर भी मिल रहा है।
/home/vijay/Desktop/All_Files/ALL_TTS/DIS_Vector_Embedding_Integration/Data/Hindi_Male/wav/hi_m_other_00238.wav	Hindi_Male	उसने अपने सिक्कों पर अल सुल्तान जिल्ली अल्लाह, सुल्तान ईश्वर की छाया, सुल्तान ईश्वर का समर्थक है, आदि वाक्यों को अंकित करवाया।
/home/vijay/Desktop/All_Files/ALL_TTS/DIS_Vector_Embedding_Integration/Data/Hindi_Male/wav/hi_m_books_00375.wav	Hindi_Male	मजदूर संघों के सामने नयी प्रकार की चुनौतियाँ आईं|
/home/vijay/Desktop/All_Files/ALL_TTS/DIS_Vector_Embedding_Integration/Data/Hindi_Male/wav/hi_m_books_03555.wav	Hindi_Male	किण्वन के उत्पाद के बारे में यह हमें क्या दर्शाता है| पिछले अनुभाग में हम जीवों में पोषण पर चर्चा कर चुके हैं|
/home/vijay/Desktop/All_Files/ALL_TTS/DIS_Vector_Embedding_Integration/Data/Hindi_Male/wav/hi_m_books_04443.wav	Hindi_Male	बहुत से रासायनिक तत्त्वों और सम्मिश्रणों में ऑक्सीजन पाई जाती है|
/home/vijay/Desktop/All_Files/ALL_TTS/DIS_Vector_Embedding_Integration/Data/Hindi_Male/wav/hi_m_politics_00623.wav	Hindi_Male	बेरोजगारी, महँगाई और शहरी मतदाताओं की दूसरी दिक्क़तों को ठीक करने में बीजेपी नाकाम रही
/home/vijay/Desktop/All_Files/ALL_TTS/DIS_Vector_Embedding_Integration/Data/Hindi_Male/wav/hi_m_books_03466.wav	Hindi_Male	संविधान ने अस्पृश्यता का उन्मूलन कर दिया और उपर्युक्त आरक्षण संबंधी उपबंध लागू किए|
/home/vijay/Desktop/All_Files/ALL_TTS/DIS_Vector_Embedding_Integration/Data/Hindi_Male/wav/hi_m_books_04369.wav	Hindi_Male	सभी एक सौ संवाददाता समाचार भेजने के लिए ‘पी. सी.’ और मॉडेम उपकरणों से सुसज्जित हैं और फ़ोटोग्राफर अपने साथ डिजिटल कैमरा रखते हैं|
/home/vijay/Desktop/All_Files/ALL_TTS/DIS_Vector_Embedding_Integration/Data/Hindi_Male/wav/hi_m_education_00550.wav	Hindi_Male	अजब हिप्पोक्रेसी का दौर तो हैं ही,  जरूरी नैतिकता का भी लोप हो गया है ।
/home/vijay/Desktop/All_Files/ALL_TTS/DIS_Vector_Embedding_Integration/Data/Hindi_Male/wav/hi_m_agri_00845.wav	Hindi_Male	हिमा मध्य असम के धींग क्षेत्र में एक किसान परिवार से ताल्लुक रखती हैं
/home/vijay/Desktop/All_Files/ALL_TTS/DIS_Vector_Embedding_Integration/Data/Hindi_Male/wav/hi_m_education_02537.wav	Hindi_Male	कुशीनगर के एसपी विनोद कुमार मिश्रा ने बताया कि डॉक्टर अशफाक दो साल पहले आर्मी मेजर मेडिकल कॉर्प्स के पद से रिटायर हुए।
/home/vijay/Desktop/All_Files/ALL_TTS/DIS_Vector_Embedding_Integration/Data/Hindi_Male/wav/hi_m_books_03323.wav	Hindi_Male	रेत में जमा नमी से पानी की बूँदें बहुत धीरे-धीरे रिसती हैं|
/home/vijay/Desktop/All_Files/ALL_TTS/DIS_Vector_Embedding_Integration/Data/Hindi_Male/wav/hi_m_politics_03645.wav	Hindi_Male	शेलार ने राज्यसभा में नागरिकता संशोधन विधेयक पर मतदान के दौरान शिवसेना सांसदों के बर्हिगमन की भी निंदा की
/home/vijay/Desktop/All_Files/ALL_TTS/DIS_Vector_Embedding_Integration/Data/Hindi_Male/wav/hi_m_books_04304.wav	Hindi_Male	बहुत ख़ास परिस्थितियों में बादशाह कमल की मंजरियों वाला रत्नजड़ित गहनों का सेट  पद्म मुरस्सा  भी उपहार में प्रदान करता था|
/home/vijay/Desktop/All_Files/ALL_TTS/DIS_Vector_Embedding_Integration/Data/Hindi_Male/wav/hi_m_other_04673.wav	Hindi_Male	इटेलियन फिल्म एक्ट्रेस आसिया आर्गेंटो ने कान्स फिल्म फेस्टिवल की क्लोजिंग स्पीच के दौरान अपनी आपबीती सुनाई।
/home/vijay/Desktop/All_Files/ALL_TTS/DIS_Vector_Embedding_Integration/Data/Hindi_Male/wav/hi_m_books_04684.wav	Hindi_Male	इलेक्ट्रोड द्वारा बिजली के हल्के आघात रोगी के मस्तिष्क में दिए जाते हैं जिससे आक्षेप उत्पन्न हो सके|
/home/vijay/Desktop/All_Files/ALL_TTS/DIS_Vector_Embedding_Integration/Data/Hindi_Male/wav/hi_m_education_00265.wav	Hindi_Male	जिला अधिकारी कौशल राज शर्मा ने बताया कि इस निगरानी की जिम्मेदारी सिक्यॉरिटी गार्डों को सौंपी जाएगी और सीसीटीवी कैमरे भी लगवाए जाएंगे ।
/home/vijay/Desktop/All_Files/ALL_TTS/DIS_Vector_Embedding_Integration/Data/Hindi_Male/wav/hi_m_weather_00375.wav	Hindi_Male	यह माना जाता रहा है कि रिपोर्टिंग करते वक़्त पत्रकारों की मौतें संघर्ष क्षेत्रों में अधिक होती हैं
/home/vijay/Desktop/All_Files/ALL_TTS/DIS_Vector_Embedding_Integration/Data/Hindi_Male/wav/hi_m_books_00038.wav	Hindi_Male	जलाशयों से होने वाले जल का वाष्पीकरण तथा संघनन हमें वर्षा प्रदान करता है|
/home/vijay/Desktop/All_Files/ALL_TTS/DIS_Vector_Embedding_Integration/Data/Hindi_Male/wav/hi_m_books_03674.wav	Hindi_Male	काला हिरण, मगरमच्छ, भारतीय जंगली गधा, गैंडा, शेर-पूँछ वाला बंदर, संगाई (मणिपुरी हिरण) इत्यादि इस प्रकार की जातियों के उदाहरण हैं|
/home/vijay/Desktop/All_Files/ALL_TTS/DIS_Vector_Embedding_Integration/Data/Hindi_Male/wav/hi_m_education_00393.wav	Hindi_Male	एडमिशन और बेडहेड टिकट में मरीज का नाम, पता, बीमारी, उपचार का स्पष्ट रिकार्ड हो जिसे मेडिकल सुप्रीन्टेन्डेन्ट के पास सुरक्षित रखा जाए ।
/home/vijay/Desktop/All_Files/ALL_TTS/DIS_Vector_Embedding_Integration/Data/Hindi_Male/wav/hi_m_books_03494.wav	Hindi_Male	प्रजनन की वैज्ञानिक विधियों कुक्कुर एवं पशुपालन के महत्त्वपूर्ण लक्षण हैं|
/home/vijay/Desktop/All_Files/ALL_TTS/DIS_Vector_Embedding_Integration/Data/Hindi_Male/wav/hi_m_books_03388.wav	Hindi_Male	ऐल्विन इन लोगों के रीति-रिवाज, उनकी कला और लोक संस्कृति को जानना चाहते थे|
/home/vijay/Desktop/All_Files/ALL_TTS/DIS_Vector_Embedding_Integration/Data/Hindi_Male/wav/hi_m_books_00537.wav	Hindi_Male	इससे हमें जीवंत चर्चाओं और विवादों की एक झाँकी मिलती है|
/home/vijay/Desktop/All_Files/ALL_TTS/DIS_Vector_Embedding_Integration/Data/Hindi_Male/wav/hi_m_finance_00383.wav	Hindi_Male	इनके खातों में ट्रांस्फर होने के बाद, पैसा निकाल लिया गया या फिर दूसरे फर्जी खातों मे ट्रांस्फर कर दिया गया था
/home/vijay/Desktop/All_Files/ALL_TTS/DIS_Vector_Embedding_Integration/Data/Hindi_Male/wav/hi_m_education_02625.wav	Hindi_Male	इस अवसर पर इस प्रकार की भावनाएँ और संकल्प सराहनीय है।
/home/vijay/Desktop/All_Files/ALL_TTS/DIS_Vector_Embedding_Integration/Data/Hindi_Male/wav/hi_m_education_00232.wav	Hindi_Male	सरकार के थिंक टैंक नीति आयोग ने यह सुझाव दिया है ताकि मेडिकल डिवाइसेज और सर्विसेज को अफोर्डेबल किया जा सकेगा ।
/home/vijay/Desktop/All_Files/ALL_TTS/DIS_Vector_Embedding_Integration/Data/Hindi_Male/wav/hi_m_other_03943.wav	Hindi_Male	इसके अलावा प्रतिबंध झेलने वाले अधिकारियों में जोस फिगुरोआ, फ्रेंकलिन डुटर्टे, जोस रोड्रिग्ज, कोनराडो लिनारेस, अडोल्फो सुपर्लानो और नेगल लोलवेरा शामिल हैं।
/home/vijay/Desktop/All_Files/ALL_TTS/DIS_Vector_Embedding_Integration/Data/Hindi_Male/wav/hi_m_books_03275.wav	Hindi_Male	इस तरह से आवेशित दो अंतरण आरएनए का एक दूसरे से काफी पास में आने से उनमें पेप्टाइड बंध का निर्माण होता है|
/home/vijay/Desktop/All_Files/ALL_TTS/DIS_Vector_Embedding_Integration/Data/Hindi_Male/wav/hi_m_weather_02359.wav	Hindi_Male	उन प्रश्नों के इतिहास में दिए गए उत्तरों को विश्वसनीय प्रमाणों का आधार प्राप्त रहता है ।
/home/vijay/Desktop/All_Files/ALL_TTS/DIS_Vector_Embedding_Integration/Data/Hindi_Male/wav/hi_m_general_00536.wav	Hindi_Male	यह पत्रिका आदिवासी, महिला, साम्प्रदायिक सद्भाव, जनवादी आन्दोलन तथा अनुवाद के क्षेत्र में यह  शोधपरक कार्य करती है।
/home/vijay/Desktop/All_Files/ALL_TTS/DIS_Vector_Embedding_Integration/Data/Hindi_Male/wav/hi_m_other_05005.wav	Hindi_Male	फरहान अख्तर अपने हर काम में चाहें वो एक्टिंग हो, डायरेक्श्न हो या फिर सिंगिंग हो, फरहान उसमें भरपूर एनर्जी डालते है।
/home/vijay/Desktop/All_Files/ALL_TTS/DIS_Vector_Embedding_Integration/Data/Hindi_Male/wav/hi_m_education_00553.wav	Hindi_Male	इसी प्रकार कैथल की मुकेश प्रथम, हरीश सेरधा द्वितीय व कोमल ग्योंग , मीनाक्षी खेड़ी और गुलामअली तृतीय रही।
/home/vijay/Desktop/All_Files/ALL_TTS/DIS_Vector_Embedding_Integration/Data/Hindi_Male/wav/hi_m_books_03676.wav	Hindi_Male	अनचाही ध्वनि, उत्तेजना व मानसिक चिंता का स्रोत है|
/home/vijay/Desktop/All_Files/ALL_TTS/DIS_Vector_Embedding_Integration/Data/Hindi_Male/wav/hi_m_general_00436.wav	Hindi_Male	इसके अलावा संघ शिक्षा वर्गों केप्रवास व प्रशिक्षण तथा अगले वर्ष की कार्ययोजना भी इस बै"क में तैयार की जाती है।
/home/vijay/Desktop/All_Files/ALL_TTS/DIS_Vector_Embedding_Integration/Data/Hindi_Male/wav/hi_m_politics_03659.wav	Hindi_Male	तब कंपनी ने अपनी दो नई स्क्रेम्बलर वेरिएंट की बाइक्स प्रस्तुत की थी
/home/vijay/Desktop/All_Files/ALL_TTS/DIS_Vector_Embedding_Integration/Data/Hindi_Male/wav/hi_m_books_03934.wav	Hindi_Male	जिन पुष्पों में पुंकेसर और स्त्रीकेसर दोनों ही होते हैं, वे द्विलिंगी पुष्प कहलाते हैं|
/home/vijay/Desktop/All_Files/ALL_TTS/DIS_Vector_Embedding_Integration/Data/Hindi_Male/wav/hi_m_weather_00539.wav	Hindi_Male	यही नहीं मौसम विभाग के मुताबिक बंगाल की खाड़ी में बने साइक्लोनिक सर्कुलेशन से दक्षिण इलाकों में अच्छी बारिश के आसार बने हुए हैं
/home/vijay/Desktop/All_Files/ALL_TTS/DIS_Vector_Embedding_Integration/Data/Hindi_Male/wav/hi_m_books_03346.wav	Hindi_Male	सफ़ाविदों को हराकर कांधार पर कब्ज़ा किया गया और कश्मीर को भी जोड़ लिया गया|
/home/vijay/Desktop/All_Files/ALL_TTS/DIS_Vector_Embedding_Integration/Data/Hindi_Male/wav/hi_m_books_00584.wav	Hindi_Male	परंतु बीच के परिवर्तन किस प्रकार चयनित होते हैं| इसके लिए अनेक संभावित स्पष्टीकरण हैं|
/home/vijay/Desktop/All_Files/ALL_TTS/DIS_Vector_Embedding_Integration/Data/Hindi_Male/wav/hi_m_education_00523.wav	Hindi_Male	गिद्धौर का आईटीआई और महिला आईटीआई भी इसी परिसर मे चल रहा है, लेकिन इन तीनों ओद्यौगिक प्रशिक्षण केंद्रो  मे गिनेचुने अनुदेशक हैं।
/home/vijay/Desktop/All_Files/ALL_TTS/DIS_Vector_Embedding_Integration/Data/Hindi_Male/wav/hi_m_books_03447.wav	Hindi_Male	लेकिन सूखे महीनों में मवेशियों के झुंडों को चारा-पानी की तलाश में दूर-दूर तक ले जाया जाता था|
/home/vijay/Desktop/All_Files/ALL_TTS/DIS_Vector_Embedding_Integration/Data/Hindi_Male/wav/hi_m_books_00560.wav	Hindi_Male	उपर्युक्त कृति में चूने का पानी दुधिया क्यों हो जाता है?यह अभिक्रिया लिखकर स्पष्ट कीजिए|
/home/vijay/Desktop/All_Files/ALL_TTS/DIS_Vector_Embedding_Integration/Data/Hindi_Male/wav/hi_m_books_00083.wav	Hindi_Male	प्रकृति में ऊर्जा विभिन्न रूपों में विद्यमान रहती है; जैसे - गतिज ऊर्जा, स्थितिज ऊर्जा, ऊष्मीय ऊर्जा, रासायनिक ऊर्जा आदि|
/home/vijay/Desktop/All_Files/ALL_TTS/DIS_Vector_Embedding_Integration/Data/Hindi_Male/wav/hi_m_agri_00585.wav	Hindi_Male	पीएम नरेंद्र मोदी ने गोरखपुर में किसान सम्मान निधि योजना को लॉन्च किया
/home/vijay/Desktop/All_Files/ALL_TTS/DIS_Vector_Embedding_Integration/Data/Hindi_Male/wav/hi_m_other_04034.wav	Hindi_Male	टेक्नोस्फियर भौतिकता और रेडिएशन विकिरण से बायोस्फियर जैव समृद्धि और पर्यावरण संतुलन की ओर बढ़ें, जिसकी गहन पड़ताल से भगवद् गीता भरी दिखाई देती है।
/home/vijay/Desktop/All_Files/ALL_TTS/DIS_Vector_Embedding_Integration/Data/Hindi_Male/wav/hi_m_general_00306.wav	Hindi_Male	हुज़ूर ही धर्म हैं, हुज़ूर ही राष्ट्र हैं, हुज़ूर ही विकास हैं।
/home/vijay/Desktop/All_Files/ALL_TTS/DIS_Vector_Embedding_Integration/Data/Hindi_Male/wav/hi_m_books_04402.wav	Hindi_Male	ब्रैल पद्दति में ६३ बिंदुकित पैटर्न अथवा छाप हैं| प्रत्येक छाप एक अक्षर, अक्षरों के समुच्चय, सामान्य शब्द अथवा व्याकरणिक चिह्न को प्रदर्शित करती है|
/home/vijay/Desktop/All_Files/ALL_TTS/DIS_Vector_Embedding_Integration/Data/Hindi_Male/wav/hi_m_books_03576.wav	Hindi_Male	दिक्सूची के विक्षेप की दिशा में परिवर्तन का प्रेक्षण कीजिए|
/home/vijay/Desktop/All_Files/ALL_TTS/DIS_Vector_Embedding_Integration/Data/Hindi_Male/wav/hi_m_books_02446.wav	Hindi_Male	लोगों को प्रेरित किया गया की वे इकट्ठे मिलकर अपने रोज़गार, धर्म, इज़्ज़त और अस्मिता के लिए लड़ें| यह ‘व्यापक सार्वजनिक भलाई’ की लड़ाई होगी|
