/home/vijay/Desktop/All_Files/ALL_TTS/DIS_Vector_Embedding_Integration/Data/Hindi_Female/wav/hi_f_education_00096.wav	Hindi_Female	भैरवी माताओं में श्री उमा भैरवी, श्यामा भैरवी, त्रिपुर भैरवी, ज्ञान भैरवी, आनन्द भैरवी आदि के नाम हमने सुने हैं ।
/home/vijay/Desktop/All_Files/ALL_TTS/DIS_Vector_Embedding_Integration/Data/Hindi_Female/wav/hi_f_finance_01774.wav	Hindi_Female	हर महीने पैसे इकट्ठे करने के बाद यह भिखारी बैंक में पहुंचता है और जमीन में पैसों का ढेर लगाकर उसे गिनता है।
/home/vijay/Desktop/All_Files/ALL_TTS/DIS_Vector_Embedding_Integration/Data/Hindi_Female/wav/hi_f_books_04222.wav	Hindi_Female	यह विद्युत का अच्छा चालक है| जो जल हमें नलों, हैन्ड पम्पों, कुओं, तालों आदि से प्राप्त होता है वह शुद्ध नहीं होता|
/home/vijay/Desktop/All_Files/ALL_TTS/DIS_Vector_Embedding_Integration/Data/Hindi_Female/wav/hi_f_other_01011.wav	Hindi_Female	कोर्ट ने बुधवार को मनी लॉन्ड्रिंग मामले में कर्नाटक कांग्रेस के नेता डीके शिवकुमार को जमानत दे दी है।
/home/vijay/Desktop/All_Files/ALL_TTS/DIS_Vector_Embedding_Integration/Data/Hindi_Female/wav/hi_f_books_04449.wav	Hindi_Female	यह प्रकाश वस्तुओं द्वारा उत्सर्जित अथवा उनसे परावर्तित हुआ हो सकता है|
/home/vijay/Desktop/All_Files/ALL_TTS/DIS_Vector_Embedding_Integration/Data/Hindi_Female/wav/hi_f_books_05671.wav	Hindi_Female	इसके साथ ही बीज नए पर्यावासों में प्रसारण हेतु बेहतर अनुकूलित रणनीतियों से युक्त होते हैं तथा प्रजाति को अन्य क्षेत्रों में बसने में मदद करते हैं।
/home/vijay/Desktop/All_Files/ALL_TTS/DIS_Vector_Embedding_Integration/Data/Hindi_Female/wav/hi_f_weather_00205.wav	Hindi_Female	गर्मी के चलते एसी, कूलर, पंखों की बिक्री में भी उछाल आया है, वहीं फ्रिजों की बिक्री भी बढ़ी है।
/home/vijay/Desktop/All_Files/ALL_TTS/DIS_Vector_Embedding_Integration/Data/Hindi_Female/wav/hi_f_weather_03299.wav	Hindi_Female	एक बार तो संताजी घोरपड़े और विठोजी चव्हाण ने औरंगजेब की छावनी पर अचानक आक्रमण किया और उसके खेमे के ऊपर लगा सोने का कलश काटकर ले गए ।
/home/vijay/Desktop/All_Files/ALL_TTS/DIS_Vector_Embedding_Integration/Data/Hindi_Female/wav/hi_f_books_00440.wav	Hindi_Female	मराठी रंगमंच पर ‘विच्छा माझी पुरी करा’ और ‘गाढवाचे लग्न’ नाटकों ने बड़ी धूम मचाई|
/home/vijay/Desktop/All_Files/ALL_TTS/DIS_Vector_Embedding_Integration/Data/Hindi_Female/wav/hi_f_books_05329.wav	Hindi_Female	अतः केलासीय संरचना में धनआयन के चारों ओर ऋण आयन और ऋण आयन के चारों ओर धन आयन सामान्यतः ऐसा विन्यास होता है|
/home/vijay/Desktop/All_Files/ALL_TTS/DIS_Vector_Embedding_Integration/Data/Hindi_Female/wav/hi_f_agri_00122.wav	Hindi_Female	मुँहमें छाले होने पर दुग्धी के पत्तों को पानी से धोकर चबाना चाहिये या चमेलीके पत्तों का काढ़ा बनाकर उससे कुल्ला करना चाहिये।
/home/vijay/Desktop/All_Files/ALL_TTS/DIS_Vector_Embedding_Integration/Data/Hindi_Female/wav/hi_f_books_02309.wav	Hindi_Female	तुम साथ छोड़ दोगी तो वह और टूट जाएगी| अकेली पड़कर वह उधर ही जाने के लिए कदम बढ़ा लेगी, जिधर जाने से तुम उसे रोकना चाहती हो| यहीं पर तुम्हारे धैर्य और संयम की परीक्षा है|
/home/vijay/Desktop/All_Files/ALL_TTS/DIS_Vector_Embedding_Integration/Data/Hindi_Female/wav/hi_f_other_00691.wav	Hindi_Female	लेकिन क्या राहुल गाँधी बतायेंगे कि भँवरी देवी की इज़्ज़्त क्या इज़्ज़त नहीं है?
/home/vijay/Desktop/All_Files/ALL_TTS/DIS_Vector_Embedding_Integration/Data/Hindi_Female/wav/hi_f_agri_01654.wav	Hindi_Female	मेन्यु में बाजरे की रोटी, चूरमा, केसर की खीर व स्पेशल चटनी तैयार की गई थी।
/home/vijay/Desktop/All_Files/ALL_TTS/DIS_Vector_Embedding_Integration/Data/Hindi_Female/wav/hi_f_books_01802.wav	Hindi_Female	कुछ समय तक नेत्रपटल पर संवेदना रहती है, इसी परिणाम को दृष्टिसातत्य कहते हैं|
/home/vijay/Desktop/All_Files/ALL_TTS/DIS_Vector_Embedding_Integration/Data/Hindi_Female/wav/hi_f_books_06605.wav	Hindi_Female	धूम्रपान से रक्त में कार्बनमोनोक्साइड की मात्रा बढ़ जाती है और हीमआबद्ध ऑक्सीजन की सांद्रता घट जाती है|
/home/vijay/Desktop/All_Files/ALL_TTS/DIS_Vector_Embedding_Integration/Data/Hindi_Female/wav/hi_f_books_06363.wav	Hindi_Female	जब मच्छर दूसरे मानव को काटता है तब जीवाणुज काटने के साथ मानव के शरीर में चले जाते हैं|
/home/vijay/Desktop/All_Files/ALL_TTS/DIS_Vector_Embedding_Integration/Data/Hindi_Female/wav/hi_f_books_06900.wav	Hindi_Female	अतः विभज्योतक को अलग कर उसे विट्रो में उगाया जाता है ताकि विषाणु मुक्त पादप तैयार हो सकें|
/home/vijay/Desktop/All_Files/ALL_TTS/DIS_Vector_Embedding_Integration/Data/Hindi_Female/wav/hi_f_books_00520.wav	Hindi_Female	लड़के-लड़कियों में कंचे, लगोरी गुल्ली-डंडा, चकई अथवा घिरनी चलाना,  लट्टू घुमाना, झिम्मा  लंगड़ी जैसे खेल लोकप्रिय हैं|
/home/vijay/Desktop/All_Files/ALL_TTS/DIS_Vector_Embedding_Integration/Data/Hindi_Female/wav/hi_f_finance_00523.wav	Hindi_Female	उनका मानना है कि खाद्यान्नों के स्टॉक में बढ़ोतरी तथा  वस्तुओं की लागत घटने से महंगाई और घटेगी।
/home/vijay/Desktop/All_Files/ALL_TTS/DIS_Vector_Embedding_Integration/Data/Hindi_Female/wav/hi_f_books_02362.wav	Hindi_Female	दिलीप का एडमिशन जब एम्स में हुआ था तो मौसा की पोस्टिंग दिल्ली में ही थी|
/home/vijay/Desktop/All_Files/ALL_TTS/DIS_Vector_Embedding_Integration/Data/Hindi_Female/wav/hi_f_other_02361.wav	Hindi_Female	तेज बहाव के चलते भैंसाबघ्घी समेत सभी लोग नदी में डूब गए।
/home/vijay/Desktop/All_Files/ALL_TTS/DIS_Vector_Embedding_Integration/Data/Hindi_Female/wav/hi_f_weather_03431.wav	Hindi_Female	समझौते के अनुसार ये सूबे अब्दाली से जीतकर पुनः मुगल साम्राज्य से जोड़ना मराठों का कर्तव्य था ।
/home/vijay/Desktop/All_Files/ALL_TTS/DIS_Vector_Embedding_Integration/Data/Hindi_Female/wav/hi_f_books_03246.wav	Hindi_Female	आपके अपने क्षेत्र में जैव विविधता को विक्षोभित करने वाले कारकों की सूची बनाइए|
/home/vijay/Desktop/All_Files/ALL_TTS/DIS_Vector_Embedding_Integration/Data/Hindi_Female/wav/hi_f_books_05649.wav	Hindi_Female	जिसे मूलाकुंर चोल कहते हैं। स्कुटेलम के जुड़ाव के स्तर से ऊपर, भ्रूणीय अक्ष के भाग को बीज पत्रोपरिक कहते हैं।
/home/vijay/Desktop/All_Files/ALL_TTS/DIS_Vector_Embedding_Integration/Data/Hindi_Female/wav/hi_f_agri_00257.wav	Hindi_Female	इस बारिश से मोठ, मूंग, ज्वार, बाजरा व कपास की फसलें खराब हो गयीं।
/home/vijay/Desktop/All_Files/ALL_TTS/DIS_Vector_Embedding_Integration/Data/Hindi_Female/wav/hi_f_weather_02816.wav	Hindi_Female	कई गाँवों को मिलाकर परगना बनता था। फिर भी सभी परगनों में गाँवों की संख्या समान नहीं होती थी । जैसे - पुणे परगना ।
/home/vijay/Desktop/All_Files/ALL_TTS/DIS_Vector_Embedding_Integration/Data/Hindi_Female/wav/hi_f_books_00921.wav	Hindi_Female	इस समूह में सिंधु एवं उसकी सहायक नदियाँ एवं गंगा और उसकी सहायक नदियों का समावेश होता है|
/home/vijay/Desktop/All_Files/ALL_TTS/DIS_Vector_Embedding_Integration/Data/Hindi_Female/wav/hi_f_other_01538.wav	Hindi_Female	लव्वोलुआब यह कि ना तो किडनी बेचने वाला गिरफ्तार होगा और ना ही डॉक्टर।
/home/vijay/Desktop/All_Files/ALL_TTS/DIS_Vector_Embedding_Integration/Data/Hindi_Female/wav/hi_f_education_00122.wav	Hindi_Female	क्राइम ब्रांच की टीम ने सोमवार देर रात मुठभेड़ के बाद कौशल गैंग के शार्प शूटर सचिन खेड़ी को गिरफ्तार किया ।
/home/vijay/Desktop/All_Files/ALL_TTS/DIS_Vector_Embedding_Integration/Data/Hindi_Female/wav/hi_f_books_00885.wav	Hindi_Female	बार-बार आनेवाली बाढ़ और वनों के नीचे ज़मीन पर उगने वाली घनी वनस्पतियों के कारण यह मैदानी प्रदेश बहुत दुर्गम बन गया है|
/home/vijay/Desktop/All_Files/ALL_TTS/DIS_Vector_Embedding_Integration/Data/Hindi_Female/wav/hi_f_weather_00173.wav	Hindi_Female	उन्होंने आज जला देने वाली गर्मी में बलाना, नग्गल, छपरा, अम्बाला शहर समेत करीब आधा दर्जन जनसभाओं को सम्बोधित किया।
/home/vijay/Desktop/All_Files/ALL_TTS/DIS_Vector_Embedding_Integration/Data/Hindi_Female/wav/hi_f_other_02477.wav	Hindi_Female	पिछले सप्ताह आपने अनुराग शर्मा की कहानी "गुरुर्ब्रह्मा " का पॉडकास्ट उन्हीं की आवाज़ में सुना था।
/home/vijay/Desktop/All_Files/ALL_TTS/DIS_Vector_Embedding_Integration/Data/Hindi_Female/wav/hi_f_books_00374.wav	Hindi_Female	यह धारावाहिक पंडित नेहरू की ‘डिस्कवरी ऑफ इंडिया’ पुस्तक पर आधारित था| श्याम बेनेगल ने इसका निर्देशन किया था|
/home/vijay/Desktop/All_Files/ALL_TTS/DIS_Vector_Embedding_Integration/Data/Hindi_Female/wav/hi_f_other_02732.wav	Hindi_Female	कबीर जी ने कहा था "जाका गुरु भी अंधला, चेला खरा निरंध, अंधा अंधै ठेलिया, दोनूं कूप पड़ंत"।।
/home/vijay/Desktop/All_Files/ALL_TTS/DIS_Vector_Embedding_Integration/Data/Hindi_Female/wav/hi_f_books_04970.wav	Hindi_Female	इसी कारण देशभर में सर्वत्र दूरचित्रवाणी, दूरध्वनि आौर इंटरनेट सेवा उपलब्ध हो सकी है|
/home/vijay/Desktop/All_Files/ALL_TTS/DIS_Vector_Embedding_Integration/Data/Hindi_Female/wav/hi_f_education_01335.wav	Hindi_Female	देश की किसी राजकीय संस्था के बारे में जानकारी देने के बजाय कार्टून, पोस्टर, नारेबाजी उन्हें मौलिक ज्ञान लगता है।
/home/vijay/Desktop/All_Files/ALL_TTS/DIS_Vector_Embedding_Integration/Data/Hindi_Female/wav/hi_f_other_00210.wav	Hindi_Female	लेकिन चहल की घातक गेंदबाज़ी के कारण इंग्लैंड ने अपने आख़िरी आठ विकेट केवल आठ रन पर गँवा दिए।
/home/vijay/Desktop/All_Files/ALL_TTS/DIS_Vector_Embedding_Integration/Data/Hindi_Female/wav/hi_f_other_04473.wav	Hindi_Female	ओरिजी और माईक के हब्शी ​लड़कों ​के सामने रस्तोगी और चिन्नास्वामी के लड़के तो बिल्कुल चूहे जैसे थे।
/home/vijay/Desktop/All_Files/ALL_TTS/DIS_Vector_Embedding_Integration/Data/Hindi_Female/wav/hi_f_books_03795.wav	Hindi_Female	क्योंकि घर्षण बल दो सतहों के बीच सम्पर्क के कारण उत्पन्न होता है इसलिए यह भी सम्पर्क बल का एक उदाहरण है|
/home/vijay/Desktop/All_Files/ALL_TTS/DIS_Vector_Embedding_Integration/Data/Hindi_Female/wav/hi_f_books_02563.wav	Hindi_Female	फसल की कटाई एक महत्वपूर्ण कार्य है| फसल पक जाने के बाद उसे काटना कटाई कहलाता है|
/home/vijay/Desktop/All_Files/ALL_TTS/DIS_Vector_Embedding_Integration/Data/Hindi_Female/wav/hi_f_agri_01220.wav	Hindi_Female	बाद में जैसेजैसे कागज दिखाये गए उसकी दुकान पर रखे सामान और सरकारी जमीन पर किए गए कब्जे की नापतोल की गई।
/home/vijay/Desktop/All_Files/ALL_TTS/DIS_Vector_Embedding_Integration/Data/Hindi_Female/wav/hi_f_weather_03255.wav	Hindi_Female	मराठों के विरुद्ध चलाए जा रहे अभियान में औरंगजेब को सफलता प्राप्त नहीं हो रही थी । अत: उसने मराठाें के विरुद्ध उस अभियान को स्थगित किया।
/home/vijay/Desktop/All_Files/ALL_TTS/DIS_Vector_Embedding_Integration/Data/Hindi_Female/wav/hi_f_books_01167.wav	Hindi_Female	गुजरात, राजस्थान और तमिलनाडु राज्यों में बड़े पैमाने पर नमक का उत्पादन होता है|
/home/vijay/Desktop/All_Files/ALL_TTS/DIS_Vector_Embedding_Integration/Data/Hindi_Female/wav/hi_f_books_04669.wav	Hindi_Female	वृत्त के केन्द्र पर खड़े होइए| अपने मित्र से गेंद को पकड़कर वृत्त के विभिन्न बिन्दुओं पर खड़े होने को कहिए|
/home/vijay/Desktop/All_Files/ALL_TTS/DIS_Vector_Embedding_Integration/Data/Hindi_Female/wav/hi_f_other_02540.wav	Hindi_Female	सिंग् ने आगे कहा कि पिछले कई सालों से देश 'डिस्टर्बिंग ट्रैंड्स' का गवाह बना है।
/home/vijay/Desktop/All_Files/ALL_TTS/DIS_Vector_Embedding_Integration/Data/Hindi_Female/wav/hi_f_finance_02149.wav	Hindi_Female	अगर आपने क्लेम फॉर्म का प्रिंट आउट लेके फॉर्म भरा है तो आपको इन्शुरन्स कंपनी के ऑफिस जा कर फॉर्म जमा करना होगा।
/home/vijay/Desktop/All_Files/ALL_TTS/DIS_Vector_Embedding_Integration/Data/Hindi_Female/wav/hi_f_finance_00460.wav	Hindi_Female	फर्जी कंपनियों के नाम पर जीएसटी चोरी करने वाली कई कंपनियों को डीजीजीआइ का नोटिस जारी हुआ है।
/home/vijay/Desktop/All_Files/ALL_TTS/DIS_Vector_Embedding_Integration/Data/Hindi_Female/wav/hi_f_agri_00100.wav	Hindi_Female	पानी आधारित लुब्रिकेंट्स, तेल आधारित लुब्रिकेंट्स से काफी ज़्यादा बेहतर होते हैं , क्योंकि तेल के लुब्रिकेंट्स के टूट जाने का ख़तरा रहता है।
/home/vijay/Desktop/All_Files/ALL_TTS/DIS_Vector_Embedding_Integration/Data/Hindi_Female/wav/hi_f_books_04415.wav	Hindi_Female	अतः यह आवश्यक है कि हम हर समय अपने बचाव के लिए आवश्यक सावधानियाँ बरतें|
/home/vijay/Desktop/All_Files/ALL_TTS/DIS_Vector_Embedding_Integration/Data/Hindi_Female/wav/hi_f_books_00041.wav	Hindi_Female	अंडमान समूह के द्वीप प्रमुख रूप से ज्वालामुखीय द्वीप हैं। ये आकार में बड़े हैं एवं उनके आंतरिक भागों में ऊँची पहाड़ियाँ हैं।
/home/vijay/Desktop/All_Files/ALL_TTS/DIS_Vector_Embedding_Integration/Data/Hindi_Female/wav/hi_f_education_01224.wav	Hindi_Female	स्क्रुटनी में सामने आए ऐसे विद्यार्थियों को प्राइवेट परीक्षार्थी के रूप में संकाय से संबंधित परीक्षा केंद्र दिए जा रहे हैं।
/home/vijay/Desktop/All_Files/ALL_TTS/DIS_Vector_Embedding_Integration/Data/Hindi_Female/wav/hi_f_books_03831.wav	Hindi_Female	एक अच्छी, पतली रबड़ की शीट भी लीजिए| आप गुब्बारे की रबड़ का प्रयोग कर सकते हैं|
/home/vijay/Desktop/All_Files/ALL_TTS/DIS_Vector_Embedding_Integration/Data/Hindi_Female/wav/hi_f_books_04553.wav	Hindi_Female	हम जो चलचित्र देखते हैं वह वास्तव में कुछ-कुछ भिन्न अनेक चित्रों का उपयुक्त क्रम में परदे पर प्रक्षेपण है|
/home/vijay/Desktop/All_Files/ALL_TTS/DIS_Vector_Embedding_Integration/Data/Hindi_Female/wav/hi_f_books_03052.wav	Hindi_Female	अब इसका उपयोग परिवहन वाहनों में ईंधन के रूप में किया जा रहा है क्योंकि यह कम प्रदूषणकारी है| यह एक स्वच्छ ईंधन है|
/home/vijay/Desktop/All_Files/ALL_TTS/DIS_Vector_Embedding_Integration/Data/Hindi_Female/wav/hi_f_books_03733.wav	Hindi_Female	क्या आप इसे खिसका पाते हैं| अब अपने किसी मित्र से कहिए कि बक्से को उसी दिशा में धकेलने में आपकी सहायता करे |
/home/vijay/Desktop/All_Files/ALL_TTS/DIS_Vector_Embedding_Integration/Data/Hindi_Female/wav/hi_f_books_05156.wav	Hindi_Female	जब वायु ऐसे अनचाहे पदार्थों के द्वारा संदूषित हो जाती है जो सजीव तथा निर्जीव दोनों के लिए हानिकर है, तो इसे वायु प्रदूषण कहते हैं|
/home/vijay/Desktop/All_Files/ALL_TTS/DIS_Vector_Embedding_Integration/Data/Hindi_Female/wav/hi_f_books_05451.wav	Hindi_Female	इससे यह स्पष्ट होता है कि कार्बनिक यौगिको में आंतरपरमाण्विक आकर्षण बल क्षीण होता है|
/home/vijay/Desktop/All_Files/ALL_TTS/DIS_Vector_Embedding_Integration/Data/Hindi_Female/wav/hi_f_books_01550.wav	Hindi_Female	A और B के बीच संयोजन तार की अपेक्षा मोटी, सीधी ताँबे की तार जोड़िए| उसके पास चुंबकीय सुई रखिए|
/home/vijay/Desktop/All_Files/ALL_TTS/DIS_Vector_Embedding_Integration/Data/Hindi_Female/wav/hi_f_books_04865.wav	Hindi_Female	वर्तमानकाल में जीवन के सभी क्षेत्रों में मानवनिर्मित महाअणुओं का उपयोग होता है|
/home/vijay/Desktop/All_Files/ALL_TTS/DIS_Vector_Embedding_Integration/Data/Hindi_Female/wav/hi_f_weather_02848.wav	Hindi_Female	उनका जीवन अत्यंत प्रतिकूल परिस्थिति में बीता परंतु उन्होंने अपने मन का संतुलन नहीं खोया और कटुता भी नहीं रखी ।
/home/vijay/Desktop/All_Files/ALL_TTS/DIS_Vector_Embedding_Integration/Data/Hindi_Female/wav/hi_f_books_00321.wav	Hindi_Female	अंतरजाल की सहायता से उनकी खोज कीजिए| अत्याधुनिक पत्र-पत्रिकाओं में ‘वेब पत्रकारिता’ वर्ग में प्रकाशित होने वाली पत्रपत्रिकाओं का समावेश होता है|
/home/vijay/Desktop/All_Files/ALL_TTS/DIS_Vector_Embedding_Integration/Data/Hindi_Female/wav/hi_f_education_01821.wav	Hindi_Female	हीवर्थ ने कहा कि लैजारस परियोजना का यह  हिस्सा, अनुसंधान क्षतिग्रस्त विषयवस्तु का,मल्टीस्पेक्ट्रल इमेजिंग तकनीक के जरिए ,जीवंत करने का प्रयास है।
/home/vijay/Desktop/All_Files/ALL_TTS/DIS_Vector_Embedding_Integration/Data/Hindi_Female/wav/hi_f_agri_00866.wav	Hindi_Female	मक्की के आटे में थोड़ा गेहूं का आटा मिलाकर उसे चावल के गर्म मांड से गूंथें।
/home/vijay/Desktop/All_Files/ALL_TTS/DIS_Vector_Embedding_Integration/Data/Hindi_Female/wav/hi_f_education_00961.wav	Hindi_Female	उम्मीदवारों ने इस परीक्षा में भ्रष्टाचार के भी आरोप लगाए थे और रीट संघर्ष समिति नाम का एक कम्पैन भी चलाया।
/home/vijay/Desktop/All_Files/ALL_TTS/DIS_Vector_Embedding_Integration/Data/Hindi_Female/wav/hi_f_other_00015.wav	Hindi_Female	वहीं बीजेपी की ओर से गृह मंत्री राजनाथ सिंह, विदेश मंत्री सुषमा स्वराज, नितिन गडकरी, पीयूष गोयल, जेपी नड्डा जैसे बड़े नेता उपस्थित थे।
/home/vijay/Desktop/All_Files/ALL_TTS/DIS_Vector_Embedding_Integration/Data/Hindi_Female/wav/hi_f_other_01940.wav	Hindi_Female	अपूर्व वानखेड़े अब शाहरुख खान की टीम से खेलेगा।
/home/vijay/Desktop/All_Files/ALL_TTS/DIS_Vector_Embedding_Integration/Data/Hindi_Female/wav/hi_f_books_06735.wav	Hindi_Female	यद्यपि अंतः प्रजनन में यदि लगातार सतत् बनी रहे; विशेषकर निकट अंतःप्रजनन से; सामान्यतः जनन क्षमता और यहाँ तक कि उत्पादकता घट जाती है|
/home/vijay/Desktop/All_Files/ALL_TTS/DIS_Vector_Embedding_Integration/Data/Hindi_Female/wav/hi_f_books_00163.wav	Hindi_Female	विविध धार्मिक पंथों के आगम ग्रंथों, पुराणों और वास्तु शास्त्र के ग्रंथों में चित्रकला, शिल्पकला का विचार मंदिर निर्माण में किया हुआ दिखाई देता है|
/home/vijay/Desktop/All_Files/ALL_TTS/DIS_Vector_Embedding_Integration/Data/Hindi_Female/wav/hi_f_agri_00421.wav	Hindi_Female	पुदीना से मेंथाल तेल निकाला जाता है और उसका स्फटिक तैयार किया जाता है इसे मेंथाल, पुदीना का फूल अथवा टंडाई कहते है।
/home/vijay/Desktop/All_Files/ALL_TTS/DIS_Vector_Embedding_Integration/Data/Hindi_Female/wav/hi_f_other_04429.wav	Hindi_Female	जहाँ भी अनियंत्रित भीड़ होगी और उन्हें उकसाने वाला कोई टटपुँजिया नेता, तथाकथित लिबरल वामपंथी कामपंथी होगा वहाँ ऐसी घटनाएँ घट सकती हैं।
/home/vijay/Desktop/All_Files/ALL_TTS/DIS_Vector_Embedding_Integration/Data/Hindi_Female/wav/hi_f_agri_00697.wav	Hindi_Female	तिल में मैग्नीश्यिम और कुछ ऐसे पदार्थ होते हैं जो डायबिटीज से लड़ने में मदद करते हैं।
/home/vijay/Desktop/All_Files/ALL_TTS/DIS_Vector_Embedding_Integration/Data/Hindi_Female/wav/hi_f_finance_01949.wav	Hindi_Female	टिप के चेक के पीछे एक नोट भी था जिसमें लिखा था, थैंक्स फॉर स्माइलिंग।
/home/vijay/Desktop/All_Files/ALL_TTS/DIS_Vector_Embedding_Integration/Data/Hindi_Female/wav/hi_f_education_02339.wav	Hindi_Female	अब वह एक्जीक्यूटिव और प्रोफेशनल की परीक्षा की एक साथ तैयारी करेंगी और उसकी तैयारी में अभी से जुट गई हैं।
/home/vijay/Desktop/All_Files/ALL_TTS/DIS_Vector_Embedding_Integration/Data/Hindi_Female/wav/hi_f_agri_00719.wav	Hindi_Female	इस दौरान दिग्विजय सिंह किसान से खेती के संबंध में चर्चा करते रहे।
/home/vijay/Desktop/All_Files/ALL_TTS/DIS_Vector_Embedding_Integration/Data/Hindi_Female/wav/hi_f_other_01839.wav	Hindi_Female	श्रीमति सेठी ने कायर्क्रम में आए सभी नेताओं और कार्यकर्ताओं का स्वागत किया।
/home/vijay/Desktop/All_Files/ALL_TTS/DIS_Vector_Embedding_Integration/Data/Hindi_Female/wav/hi_f_books_03062.wav	Hindi_Female	इसके परिणामस्वरूप पर्यावरण बेहतर बनेगा, विश्व ऊष्णन का कम खतरा होगा और ईंधनों की उपलब्धता लम्बे समय तक होगी|
/home/vijay/Desktop/All_Files/ALL_TTS/DIS_Vector_Embedding_Integration/Data/Hindi_Female/wav/hi_f_weather_03282.wav	Hindi_Female	येसूबाई ने छत्रपति पद पर अपने बेटे को न बिठाकर राजाराम महाराज को छत्रपति पद देने का निर्णय किया ।
/home/vijay/Desktop/All_Files/ALL_TTS/DIS_Vector_Embedding_Integration/Data/Hindi_Female/wav/hi_f_education_01868.wav	Hindi_Female	मित्रों, जिस प्रकार कुसंगति के प्रभाव से श्रेष्ठता या सद्गुण भी दुष्प्रभावित हो जाते हैं।
/home/vijay/Desktop/All_Files/ALL_TTS/DIS_Vector_Embedding_Integration/Data/Hindi_Female/wav/hi_f_education_00676.wav	Hindi_Female	वीडियो कान्फ्रेंन्सिंग के जरिये किस भाषा में परीक्षा होनी चाहिए इस बारे में राज्य सरकार से पूछा नहीं गया था।
/home/vijay/Desktop/All_Files/ALL_TTS/DIS_Vector_Embedding_Integration/Data/Hindi_Female/wav/hi_f_education_00711.wav	Hindi_Female	एस्ट्रो अंकल आज आपको बच्चों में पड़ने वाली बुरी आदतों के बारे में बताएँगे।
/home/vijay/Desktop/All_Files/ALL_TTS/DIS_Vector_Embedding_Integration/Data/Hindi_Female/wav/hi_f_weather_02486.wav	Hindi_Female	अंग्रेज इतिहासकार द्वारा भारतीय इतिहास पर लिखा गया यह प्रथम ग्रंथ है ।
/home/vijay/Desktop/All_Files/ALL_TTS/DIS_Vector_Embedding_Integration/Data/Hindi_Female/wav/hi_f_books_00948.wav	Hindi_Female	दक्षिण-पूर्वी और उत्तर-पूर्वी दिशा से आने वाली पूर्वी हवाओं से इस देश में वर्षा होती है|
/home/vijay/Desktop/All_Files/ALL_TTS/DIS_Vector_Embedding_Integration/Data/Hindi_Female/wav/hi_f_education_01064.wav	Hindi_Female	उमर ये भी जानते ही होंगे कि उनकी दादी लोक सभा के लिए किस प्रकार की धाँधली से जीतीं थीं।
/home/vijay/Desktop/All_Files/ALL_TTS/DIS_Vector_Embedding_Integration/Data/Hindi_Female/wav/hi_f_weather_00820.wav	Hindi_Female	अब सर्विंग प्लेट में हलवे पर ऊपर से कटे सूखे मेवे डालकर सर्व करें।
/home/vijay/Desktop/All_Files/ALL_TTS/DIS_Vector_Embedding_Integration/Data/Hindi_Female/wav/hi_f_agri_01315.wav	Hindi_Female	जैसे की पालक बच्चों को आयरन देती है, गाजर के सेवन से उनकी आंखें व दॄष्टि मज़बूत होती है।
/home/vijay/Desktop/All_Files/ALL_TTS/DIS_Vector_Embedding_Integration/Data/Hindi_Female/wav/hi_f_education_02142.wav	Hindi_Female	इसी प्रकार व्लादिमीर पुतीन ने बल देकर कहा कि परमाणु समझौते को निरस्त करने का कोई कारण मौजूद नहीं है।
/home/vijay/Desktop/All_Files/ALL_TTS/DIS_Vector_Embedding_Integration/Data/Hindi_Female/wav/hi_f_books_00776.wav	Hindi_Female	इन खंडों  द्वारा केतकर ने व्यापक इतिहास की प्रस्तुति की| इसके बाद का महत्त्वपूर्ण कोश अर्थात भारतवर्षीय चरित्रकोश है|
/home/vijay/Desktop/All_Files/ALL_TTS/DIS_Vector_Embedding_Integration/Data/Hindi_Female/wav/hi_f_books_02282.wav	Hindi_Female	एक-दूसरे की राह का रोड़ा नहीं, प्रेरणा और ताकत बनकर परस्पर विकास में सहभागी बनें|
/home/vijay/Desktop/All_Files/ALL_TTS/DIS_Vector_Embedding_Integration/Data/Hindi_Female/wav/hi_f_agri_00591.wav	Hindi_Female	गेहूं, चने, सरसों की लहलहाती फस्लें और खेत तो आप सबने देखे होंगे।
/home/vijay/Desktop/All_Files/ALL_TTS/DIS_Vector_Embedding_Integration/Data/Hindi_Female/wav/hi_f_books_04646.wav	Hindi_Female	इनसे लोगों को अपनी दिनचर्या बनाने में सहायता मिली|
/home/vijay/Desktop/All_Files/ALL_TTS/DIS_Vector_Embedding_Integration/Data/Hindi_Female/wav/hi_f_finance_00917.wav	Hindi_Female	जिन उत्पादों पर कर की दर में कटौती की गई थी, उनमें वॉशिंग पाउडर, शैंपू, कॉस्मेटिक्स और डेंटर हाइजीन प्रोडक्ट शामिल थे।
/home/vijay/Desktop/All_Files/ALL_TTS/DIS_Vector_Embedding_Integration/Data/Hindi_Female/wav/hi_f_other_05320.wav	Hindi_Female	इस पर धनोआ का कहना है कि वायु सेना मिलिटरी कन्फ्रंटेशन के लिए तैयार है।
/home/vijay/Desktop/All_Files/ALL_TTS/DIS_Vector_Embedding_Integration/Data/Hindi_Female/wav/hi_f_agri_02322.wav	Hindi_Female	तो चलिए जानते हैं शकरकंद खाने के कुछ अद्भूत फायदों के बारे में।
/home/vijay/Desktop/All_Files/ALL_TTS/DIS_Vector_Embedding_Integration/Data/Hindi_Female/wav/hi_f_books_00300.wav	Hindi_Female	उसमें फ्रांस की राज्यक्रांति का इतिहास , लोकहितवादी के सामाजिक पुनर्जागरण पर लिखे हुए ‘शतपत्रे’  प्रकाशित हुए|
/home/vijay/Desktop/All_Files/ALL_TTS/DIS_Vector_Embedding_Integration/Data/Hindi_Female/wav/hi_f_books_04855.wav	Hindi_Female	वसा आैर ग्लिसरीन में कौन-से क्रियात्मक समूह होंगे ऐसा आपको लगता है ? स्पष्टीकरण सहित लिखिए|
/home/vijay/Desktop/All_Files/ALL_TTS/DIS_Vector_Embedding_Integration/Data/Hindi_Female/wav/hi_f_books_06915.wav	Hindi_Female	विषाणु, विरायड तथा प्रायोन भी प्रोटीनीय संक्रमित कारक हैं|
/home/vijay/Desktop/All_Files/ALL_TTS/DIS_Vector_Embedding_Integration/Data/Hindi_Female/wav/hi_f_books_05228.wav	Hindi_Female	इस अभियान ने दिवाली के दिनों में वायु प्रदूषण के स्तर में काफी अन्तर ला दिया है|
/home/vijay/Desktop/All_Files/ALL_TTS/DIS_Vector_Embedding_Integration/Data/Hindi_Female/wav/hi_f_books_02042.wav	Hindi_Female	’’ यह नारा ऊँचा उठता रहता है, अधिक-से-अधिक दूर तक उसकी गूँज फैलती रहती है, लोग उसमें शामिल होते रहते हैं|
/home/vijay/Desktop/All_Files/ALL_TTS/DIS_Vector_Embedding_Integration/Data/Hindi_Female/wav/hi_f_books_01800.wav	Hindi_Female	जब तक वस्तु आँखों के सामने है तब तक उसका प्रतिबिंब नेत्रपटल होता है| वस्तू दूर करने पर प्रतिबिंब भी नष्ट होता है|
/home/vijay/Desktop/All_Files/ALL_TTS/DIS_Vector_Embedding_Integration/Data/Hindi_Female/wav/hi_f_education_00526.wav	Hindi_Female	सिख परीक्षार्थी अब परीक्षा में कड़ा, कृपाण और पगड़ी पहन सकेंगे, गहलोत बोले घूंघट हो या बुर्का इसका क्या तुक?
/home/vijay/Desktop/All_Files/ALL_TTS/DIS_Vector_Embedding_Integration/Data/Hindi_Female/wav/hi_f_books_04526.wav	Hindi_Female	यदि दीवार सफेद न हो तो इस पर सफेद कागज़ की शीट चिपकाइए| परावर्तित प्रकाश में आपको अनेक रंग दिखाई देंगे|
/home/vijay/Desktop/All_Files/ALL_TTS/DIS_Vector_Embedding_Integration/Data/Hindi_Female/wav/hi_f_education_02731.wav	Hindi_Female	इसी प्रकार वे पैग़म्बरे इस्लाम के अनुयाइयों का अनुसरण करने वालों की बातों को अपने फ़त्वे का आधार बनाते थे।
/home/vijay/Desktop/All_Files/ALL_TTS/DIS_Vector_Embedding_Integration/Data/Hindi_Female/wav/hi_f_books_02439.wav	Hindi_Female	वे कच्चे फल और सब्जियाँ खाते थे और उन्होंने भोजन के लिए जंतुओं का शिकार करना प्रारम्भ किया|
/home/vijay/Desktop/All_Files/ALL_TTS/DIS_Vector_Embedding_Integration/Data/Hindi_Female/wav/hi_f_books_00528.wav	Hindi_Female	इन खेलों की प्रतियोगिताओं का आयोजन  स्थानीय, नगरीय, तहसील, जिला, राज्य, राष्ट्रीय और अंतर्राष्ट्रीय स्तर पर किया जाता है|
/home/vijay/Desktop/All_Files/ALL_TTS/DIS_Vector_Embedding_Integration/Data/Hindi_Female/wav/hi_f_books_06321.wav	Hindi_Female	इस प्रकार मन और मानसिक अवस्था हमारे स्वास्थ्य पर असर डालती हैं|
/home/vijay/Desktop/All_Files/ALL_TTS/DIS_Vector_Embedding_Integration/Data/Hindi_Female/wav/hi_f_books_04690.wav	Hindi_Female	अध्याय में हमने यह सीखा था कि जब कोई माध्यम नहीं होता तो ध्वनि गमन नहीं कर सकती|
/home/vijay/Desktop/All_Files/ALL_TTS/DIS_Vector_Embedding_Integration/Data/Hindi_Female/wav/hi_f_education_00115.wav	Hindi_Female	कलेक्टर ने केन्द्राध्यक्षों को परीक्षा केन्द्रों में सभी जरूरी तैयारियां सुनिश्चित करने के निर्देश दिए ।
/home/vijay/Desktop/All_Files/ALL_TTS/DIS_Vector_Embedding_Integration/Data/Hindi_Female/wav/hi_f_education_00372.wav	Hindi_Female	इस प्रकार सम्मिलित रूप से उक्त ज्योतिर्लिंग का  मल्लिकार्जुन नाम  जगत में प्रसिद्ध हुआ।
/home/vijay/Desktop/All_Files/ALL_TTS/DIS_Vector_Embedding_Integration/Data/Hindi_Female/wav/hi_f_other_01777.wav	Hindi_Female	प्रदर्शनी का उद्घाटन मुख्य अतिथि  के रूप में आमन्त्रित होम सेक्रेटरी अरुण कुमार गुप्ता और गेस्ट ऑफ ऑनर टूरिज्म डायरेक्टर जितेंद्र यादव ने किया।
/home/vijay/Desktop/All_Files/ALL_TTS/DIS_Vector_Embedding_Integration/Data/Hindi_Female/wav/hi_f_finance_00802.wav	Hindi_Female	उसकी मुद्रा भारतीय मुद्रा के मुकाबले औंधे मुंह गिर गयी है।
/home/vijay/Desktop/All_Files/ALL_TTS/DIS_Vector_Embedding_Integration/Data/Hindi_Female/wav/hi_f_books_05708.wav	Hindi_Female	इस अध्याय के अंतिम खंड में मानव जीनोम अनुक्रम की आवश्यक पहलुओं एवं इसके परिणामों के बारे में वर्णन किया जाएगा|
/home/vijay/Desktop/All_Files/ALL_TTS/DIS_Vector_Embedding_Integration/Data/Hindi_Female/wav/hi_f_finance_01440.wav	Hindi_Female	बिल्डर भावी खरीदारों को उनकी कमर्शियल प्रॉपर्टी के लिए किराएदार ढूंढ़ने में मदद कर रहे हैं।
/home/vijay/Desktop/All_Files/ALL_TTS/DIS_Vector_Embedding_Integration/Data/Hindi_Female/wav/hi_f_books_04859.wav	Hindi_Female	प्राकृतिक महाअणु : पालीसैकराइड, प्रोटीन और न्युक्‍लिक अम्ल ये प्राकृतिक महाअणु, सजीवसृष्टी के आधारस्तंभ है|
/home/vijay/Desktop/All_Files/ALL_TTS/DIS_Vector_Embedding_Integration/Data/Hindi_Female/wav/hi_f_books_01759.wav	Hindi_Female	उत्तल लेंस की सहायता से प्रकाश किरणें अभिसृत होकर वे नेत्र के लेंस तक पहुँचती है तथा इसके बाद नेत्रद्‌वारा अभिसरण होकर प्रतिबिंब नेत्रपटल पर बनता है|
/home/vijay/Desktop/All_Files/ALL_TTS/DIS_Vector_Embedding_Integration/Data/Hindi_Female/wav/hi_f_books_06712.wav	Hindi_Female	पशु-चिकित्सक का नियमित जाँच हेतु आना अनिवार्य है|
/home/vijay/Desktop/All_Files/ALL_TTS/DIS_Vector_Embedding_Integration/Data/Hindi_Female/wav/hi_f_books_02195.wav	Hindi_Female	इस तरह ये आदर्श प्रशीतक सिद्ध हुए| इसके बाद तो प्रशीतन में सी.एफ.सी. का इस्तेमाल चल निकला|
/home/vijay/Desktop/All_Files/ALL_TTS/DIS_Vector_Embedding_Integration/Data/Hindi_Female/wav/hi_f_books_00435.wav	Hindi_Female	संगीत बारी में नाट्‌य की अपेक्षा नृत्य और संगीत पर अधिक बल दिया जाता है|
/home/vijay/Desktop/All_Files/ALL_TTS/DIS_Vector_Embedding_Integration/Data/Hindi_Female/wav/hi_f_weather_02337.wav	Hindi_Female	यह हमने देखा । इतिहास की इस प्रकार प्रस्तुति अथवा संरचना करने की लेखन पद्‍धति को इतिहास लेखन कहते हैं।
/home/vijay/Desktop/All_Files/ALL_TTS/DIS_Vector_Embedding_Integration/Data/Hindi_Female/wav/hi_f_books_05055.wav	Hindi_Female	अगला ग्रह जो पृथ्वी की कक्षा के बाहर का पहला ग्रह है, वह मंगल है|
/home/vijay/Desktop/All_Files/ALL_TTS/DIS_Vector_Embedding_Integration/Data/Hindi_Female/wav/hi_f_finance_00901.wav	Hindi_Female	दो लोग अपनीखुशी से शादी करते हैं तो उसपर फ्रस्टेटेड पत्रकार इस तरह की रेसिस्ट टिप्पणी कैसे कर सकती है।
/home/vijay/Desktop/All_Files/ALL_TTS/DIS_Vector_Embedding_Integration/Data/Hindi_Female/wav/hi_f_books_02171.wav	Hindi_Female	प्रश्न उठता है कि यह ओजोन है क्या? यह कहाँस्थित है और उसकी उपयोगिता क्या है? इसका विघटन क्यों और कैसे हो रहा है? ओजोन विघटन के खतरे क्या-क्या हैं?
/home/vijay/Desktop/All_Files/ALL_TTS/DIS_Vector_Embedding_Integration/Data/Hindi_Female/wav/hi_f_finance_00906.wav	Hindi_Female	इसी तरह अमेरिका अमेज़ॉन जैसी ईकॉमर्स कंपनियों और वॉल मार्ट जैसी शॉपिग मॉल कंपनियों के लिए भी विशेष छूट चाहता है।
/home/vijay/Desktop/All_Files/ALL_TTS/DIS_Vector_Embedding_Integration/Data/Hindi_Female/wav/hi_f_books_03423.wav	Hindi_Female	परंतु जनक प्राप्त विभिन्न जीन के संयुक्त होने के परिणामस्वरूप लक्षण भिन्न भी हो सकते हैं|
/home/vijay/Desktop/All_Files/ALL_TTS/DIS_Vector_Embedding_Integration/Data/Hindi_Female/wav/hi_f_other_00685.wav	Hindi_Female	सलमान अहमद बताने लगे, "ये बोल रहे हैं कि स्थिति हमने सँभाल ली है, लेकिन कुछ नहीं सँभला है।
/home/vijay/Desktop/All_Files/ALL_TTS/DIS_Vector_Embedding_Integration/Data/Hindi_Female/wav/hi_f_education_00527.wav	Hindi_Female	ज्ञानी ज्ञान भाव का कर्त्ता है और अज्ञानी अज्ञानमय भावों का कर्त्ता है।
/home/vijay/Desktop/All_Files/ALL_TTS/DIS_Vector_Embedding_Integration/Data/Hindi_Female/wav/hi_f_books_01934.wav	Hindi_Female	अतिथि की सुविधा का विचार कर वे नया घड़ा खरीदकर गंगाजल ले आए और धोती-चादर जो कुछ घर में मिल सका; सब तख्त पर बिछाकर उन्हें प्रतिष्ठित किया|
/home/vijay/Desktop/All_Files/ALL_TTS/DIS_Vector_Embedding_Integration/Data/Hindi_Female/wav/hi_f_books_05127.wav	Hindi_Female	उन्होंने यह प्रमाणित किया कि सभी ग्रह सूर्य की परिक्रमा करते हैं पृथ्वी की नहीं|
/home/vijay/Desktop/All_Files/ALL_TTS/DIS_Vector_Embedding_Integration/Data/Hindi_Female/wav/hi_f_education_01033.wav	Hindi_Female	मेडिकल की छात्रा अंजलि घुंघराले बालों वाले सचिन तेंदुलकर को देखते ही लट्टू हो गईं थी।
/home/vijay/Desktop/All_Files/ALL_TTS/DIS_Vector_Embedding_Integration/Data/Hindi_Female/wav/hi_f_agri_00168.wav	Hindi_Female	नारियल तेल हल्का होता है, जिससे यह स्किन में जल्दी से अब्सॉर्ब हो जाता हैं तो स्किन को नारियल के तेल से हाइड्रेट रखे।
/home/vijay/Desktop/All_Files/ALL_TTS/DIS_Vector_Embedding_Integration/Data/Hindi_Female/wav/hi_f_books_04443.wav	Hindi_Female	रात्रि में हम चन्द्रमा तथा तारों को देखते हैं| दृष्टि द्वारा ही आप इस पृष्ठ पर छपे शब्दों तथा वाक्यों को देख पाते हैं|
/home/vijay/Desktop/All_Files/ALL_TTS/DIS_Vector_Embedding_Integration/Data/Hindi_Female/wav/hi_f_books_06747.wav	Hindi_Female	इनका प्रयोग अंतः प्रजनन के किसी रूप एवं चयन के विकल्पी रूप में विकसित हो सके, जिससे नयी स्थायी नस्लें जो वर्तमान नस्लों से हर प्रकार से श्रेष्ठ हैं|
/home/vijay/Desktop/All_Files/ALL_TTS/DIS_Vector_Embedding_Integration/Data/Hindi_Female/wav/hi_f_agri_00606.wav	Hindi_Female	इसलिए आप इसके स्वाद में अलग ट्वीस्ट देने के लिए इसमें चने की दाल को मिक्स करके भी बना सकते हैं।
/home/vijay/Desktop/All_Files/ALL_TTS/DIS_Vector_Embedding_Integration/Data/Hindi_Female/wav/hi_f_books_04448.wav	Hindi_Female	किसी वस्तु को हम तब ही देख पाते हैं जब उस वस्तु से आने वाला प्रकाश हमारे नेत्रों में प्रवेश करे|
/home/vijay/Desktop/All_Files/ALL_TTS/DIS_Vector_Embedding_Integration/Data/Hindi_Female/wav/hi_f_other_04571.wav	Hindi_Female	ईच वन टीच वन कायर्क्रम से पढ़कर अंजुम सत्यवती कॉलेज और रोहित हंसराज कॉलेज में दाखिला लेने में कामयाब रहे हैं।
/home/vijay/Desktop/All_Files/ALL_TTS/DIS_Vector_Embedding_Integration/Data/Hindi_Female/wav/hi_f_other_05177.wav	Hindi_Female	साउदी पहले से सबसे ज्यादा टेस्ट छक्के मारने के सिलसिले में एबी डिविलियर्स, सनथ जयसूर्या और इयान बॉथम को पीछे छोड़ चुके हैं।
/home/vijay/Desktop/All_Files/ALL_TTS/DIS_Vector_Embedding_Integration/Data/Hindi_Female/wav/hi_f_other_00914.wav	Hindi_Female	बुजुर्ग महिला ने कहा कि रविवार को दोनों ने उसको पकड़ लिया और पलंग पर सिर दे मारा।
/home/vijay/Desktop/All_Files/ALL_TTS/DIS_Vector_Embedding_Integration/Data/Hindi_Female/wav/hi_f_finance_00636.wav	Hindi_Female	क्या कोई निवेशक जो शेयरों में प्रत्यक्ष तरीके से निवेश करना चाहते हैं उन्हें इस सिद्घांत को अपनाना चाहिए?
/home/vijay/Desktop/All_Files/ALL_TTS/DIS_Vector_Embedding_Integration/Data/Hindi_Female/wav/hi_f_education_00745.wav	Hindi_Female	वैसे भी मार्च में बारहवीं के स्टूडेण्टस की वार्षिक परीक्षा होगी।
/home/vijay/Desktop/All_Files/ALL_TTS/DIS_Vector_Embedding_Integration/Data/Hindi_Female/wav/hi_f_other_01040.wav	Hindi_Female	उन्होंने यहां अर्धसैनिक बल के जवानों को संबोधित करते हुए कहा, आप देश के लिए लड़ रहे हैं और आप जीतेंगे।
/home/vijay/Desktop/All_Files/ALL_TTS/DIS_Vector_Embedding_Integration/Data/Hindi_Female/wav/hi_f_weather_00577.wav	Hindi_Female	पार्टी के कार्यकर्ताओं से मैं हमेशा ही अच्छे वातावरण में बातचीत करता हूं और सभी कार्यकर्ताओं को एक बराबर तवज्जो देता हूं।
/home/vijay/Desktop/All_Files/ALL_TTS/DIS_Vector_Embedding_Integration/Data/Hindi_Female/wav/hi_f_education_02463.wav	Hindi_Female	उस प्राप्त ज्ञान का अष्टांग विभाग करके उसे शिष्यों को दिया।
/home/vijay/Desktop/All_Files/ALL_TTS/DIS_Vector_Embedding_Integration/Data/Hindi_Female/wav/hi_f_other_00338.wav	Hindi_Female	इम्फाल मणिपुर की राजधानी इम्फाल के सिंगजामेई वाइखोम इलाके में इम्फाल नदी के किनारे रविवार को एक आईईडी बरामद किया गया।
/home/vijay/Desktop/All_Files/ALL_TTS/DIS_Vector_Embedding_Integration/Data/Hindi_Female/wav/hi_f_education_02620.wav	Hindi_Female	ट्रंप ने एक साक्षात्कार में घोषणा की है कि वह कुछ मेडिकल इन्शुरेन्स बाक़ी रखेंगे।
/home/vijay/Desktop/All_Files/ALL_TTS/DIS_Vector_Embedding_Integration/Data/Hindi_Female/wav/hi_f_other_03499.wav	Hindi_Female	स्टेट डिजास्टर रिस्पोंस फोर्स ने ये रेसक्यू ऑपरेशन उत्तरकाशी की  सयाना ​पट्टी​ पर  किया ।
/home/vijay/Desktop/All_Files/ALL_TTS/DIS_Vector_Embedding_Integration/Data/Hindi_Female/wav/hi_f_weather_00661.wav	Hindi_Female	मंत्री राजभवन में लैंड करने वाले थे लेकिन खराब मौसम के कारण लैंडिंग एक पॉलीटेक्निक में हुई।
/home/vijay/Desktop/All_Files/ALL_TTS/DIS_Vector_Embedding_Integration/Data/Hindi_Female/wav/hi_f_agri_02223.wav	Hindi_Female	दस से बारह इंच मिट्टी लगनी चाहिए और फलदार गुच्छों को सहारा भी देना चाहिए इस से फल की गुणवत्ता बानी रहती है।
/home/vijay/Desktop/All_Files/ALL_TTS/DIS_Vector_Embedding_Integration/Data/Hindi_Female/wav/hi_f_books_06865.wav	Hindi_Female	शस्य पादप तथा शस्य उत्पादों के बड़े पैमाने पर विनाश का अन्य प्रमुख कारण कीट तथा पीड़कों का ग्रसन है|
/home/vijay/Desktop/All_Files/ALL_TTS/DIS_Vector_Embedding_Integration/Data/Hindi_Female/wav/hi_f_books_05353.wav	Hindi_Female	अयस्कों में धातु के यौगिक के साथ-साथ मिट्टी, रेत, चट्टानीय पदार्थ ऐसी अनेक प्रकार की अशुदि्धयाँ होती हैं| इन अशुद्धियों को मृदा अशुद्धी कहते हैं|
/home/vijay/Desktop/All_Files/ALL_TTS/DIS_Vector_Embedding_Integration/Data/Hindi_Female/wav/hi_f_weather_03334.wav	Hindi_Female	मराठों का यह स्वतंत्रता युद्ध मुगल सत्ताधीशों की साम्राज्य लालसा और मराठों के मन में स्थित स्वतंत्रता की आकांक्षा के बीच का युद्ध था ।
/home/vijay/Desktop/All_Files/ALL_TTS/DIS_Vector_Embedding_Integration/Data/Hindi_Female/wav/hi_f_other_02589.wav	Hindi_Female	पंजाब के चीफ सेक्रेटरी करन अवतार सिंह ने कहा कि फ्लाईओवर चंडीगढ़ की ज्यूरीस्डिक्शन में आता है।
/home/vijay/Desktop/All_Files/ALL_TTS/DIS_Vector_Embedding_Integration/Data/Hindi_Female/wav/hi_f_books_05026.wav	Hindi_Female	चन्द्रमा तथा ग्रह, सूर्य के प्रकाश के परावर्तन द्वारा चमकते प्रतीत होते हैं - ऐसा भी उन्होंने प्रतिपादित किया था|
/home/vijay/Desktop/All_Files/ALL_TTS/DIS_Vector_Embedding_Integration/Data/Hindi_Female/wav/hi_f_books_04036.wav	Hindi_Female	इसे आप किसी मिट्टी के बर्तन से भी बना सकते हैं | इस वाद्ययंत्र को बजाइए और इसके कंपायमान भाग को पहचानिए|
/home/vijay/Desktop/All_Files/ALL_TTS/DIS_Vector_Embedding_Integration/Data/Hindi_Female/wav/hi_f_books_07037.wav	Hindi_Female	ये रसायन मनुष्यों तथा जीव जंतुओं के लिए अत्यंत ही विषैले तथा हानिकारक हैं|
/home/vijay/Desktop/All_Files/ALL_TTS/DIS_Vector_Embedding_Integration/Data/Hindi_Female/wav/hi_f_books_02965.wav	Hindi_Female	वायु में खुला रखने पर यह आग पकड़ लेता है| फ़ॉस्फ़ोरस से वायुमण्डलीय ऑक्सीजन का सम्पर्क न हो, इसलिए उसे जल में रखा जाता है|
/home/vijay/Desktop/All_Files/ALL_TTS/DIS_Vector_Embedding_Integration/Data/Hindi_Female/wav/hi_f_weather_00036.wav	Hindi_Female	इफको ने ग्रामीण क्षेत्रों में अपने उत्पादों को उपलब्ध कराने के लिए ई गवर्नेंस प्लेटफार्म सीएससी के साथ समझौता किया है।
/home/vijay/Desktop/All_Files/ALL_TTS/DIS_Vector_Embedding_Integration/Data/Hindi_Female/wav/hi_f_books_05028.wav	Hindi_Female	जब पृथ्वी की छाया चन्द्रमा पर पड़ती है तो चन्द्र ग्रहण की परिघटना होती है और जब चन्द्रमा की छाया पृथ्वी पर पड़ती है तो सूर्य ग्रहण की परिघटना होती है|
/home/vijay/Desktop/All_Files/ALL_TTS/DIS_Vector_Embedding_Integration/Data/Hindi_Female/wav/hi_f_books_00250.wav	Hindi_Female	इस प्रकार की नई शैली विकसित करने वालों में उदय शंकर का नाम विशेष रूप से लेना चाहिए|
/home/vijay/Desktop/All_Files/ALL_TTS/DIS_Vector_Embedding_Integration/Data/Hindi_Female/wav/hi_f_weather_00322.wav	Hindi_Female	ये फिल्म एक ईको थ्रिलर है यानी वातावरण को मद्दे नजर रखते हुए कहानी को थ्रिलर का जामा पहनाया गया है।
/home/vijay/Desktop/All_Files/ALL_TTS/DIS_Vector_Embedding_Integration/Data/Hindi_Female/wav/hi_f_books_05563.wav	Hindi_Female	मात्र यह ही केवल एक प्रकार का परागण है, जिसमें परागण के समय आनुवंशिकतः भिन्न प्रकार के परागकणों का आगमन होता है।
/home/vijay/Desktop/All_Files/ALL_TTS/DIS_Vector_Embedding_Integration/Data/Hindi_Female/wav/hi_f_other_02418.wav	Hindi_Female	उन्होंने कहा कि प्रदेश में मानवीय सम्वेदनाओं के साथ विकास किया जा रहा है।
/home/vijay/Desktop/All_Files/ALL_TTS/DIS_Vector_Embedding_Integration/Data/Hindi_Female/wav/hi_f_education_00737.wav	Hindi_Female	आईआईटी स्पेस एकेडमी से वृंदा ने जेईई की पढ़ाई की और वह आईआईटी रिसर्च क्षेत्र में करियर बनाने की इच्छा रखती है।
/home/vijay/Desktop/All_Files/ALL_TTS/DIS_Vector_Embedding_Integration/Data/Hindi_Female/wav/hi_f_books_04078.wav	Hindi_Female	हमने देखा कि ध्वनि लकड़ी या धातु में चल सकती है| वास्तव में, ध्वनि किसी भी ठोस में संचरण कर सकती है|
/home/vijay/Desktop/All_Files/ALL_TTS/DIS_Vector_Embedding_Integration/Data/Hindi_Female/wav/hi_f_education_00638.wav	Hindi_Female	गौरतलब है कि इस वर्ष बोर्ड परीक्षा भी मार्च से शुरू हो रही हैं।
/home/vijay/Desktop/All_Files/ALL_TTS/DIS_Vector_Embedding_Integration/Data/Hindi_Female/wav/hi_f_other_05041.wav	Hindi_Female	लैप ऑफ़ हॉनर का तो सवाल ही नहीं था क्योंकि मैदान पर लोगों का सैलाब उमड़ पड़ा था और खिलाड़ियों को पवेलियन की ओर भागना पड़ा।
/home/vijay/Desktop/All_Files/ALL_TTS/DIS_Vector_Embedding_Integration/Data/Hindi_Female/wav/hi_f_agri_02032.wav	Hindi_Female	अदरक, नींबू, नमक, जीरा, सौंफ, अनारदाना, लहसुन की चटनी पीसकर खाँसी, दमा, कफजन्य रोगों से ग्रस्त को चटाना चाहिए।
/home/vijay/Desktop/All_Files/ALL_TTS/DIS_Vector_Embedding_Integration/Data/Hindi_Female/wav/hi_f_books_03243.wav	Hindi_Female	जैसाकि आप जानते ही हैं, जैव विविधता का अर्थ है किसी क्षेत्र विशेष में पाए जाने वाले सभी पौधों, जंतुओं और सूक्ष्मजीवों की विभिन्न प्रजातियाँ|
/home/vijay/Desktop/All_Files/ALL_TTS/DIS_Vector_Embedding_Integration/Data/Hindi_Female/wav/hi_f_education_01052.wav	Hindi_Female	कुछ मुठ्ठी भर लोग हम सवा करोड़ भारतीयों की बुद्धि को ललकार रहे हैं। आइए उन्हें बुद्धि से ही जवाब दें।
/home/vijay/Desktop/All_Files/ALL_TTS/DIS_Vector_Embedding_Integration/Data/Hindi_Female/wav/hi_f_agri_01795.wav	Hindi_Female	अदरक में जिंजरॉल नाम का बायोऐक्टिव कम्पाउंड पाया जाता है जो ब्लोटिंग यानी पेट फूलने की दिक्कत को कम करने में मदद करता है।
/home/vijay/Desktop/All_Files/ALL_TTS/DIS_Vector_Embedding_Integration/Data/Hindi_Female/wav/hi_f_other_00187.wav	Hindi_Female	अंतर-राष्ट्रीय निवेशक शिखर - सम्मेलन के उद्घाटन समारोह में उद्घोग मंत्री श्रीमती यशोधरा राजे सिंधिया ने स्वागत भाषण दिया।
/home/vijay/Desktop/All_Files/ALL_TTS/DIS_Vector_Embedding_Integration/Data/Hindi_Female/wav/hi_f_education_00882.wav	Hindi_Female	इसी प्रकार अत्यधिक ऊष्मा तथा आर्द्रता मनुष्य के शारीरिक तथा मानसिक विकास में बाधक होते हैं।
/home/vijay/Desktop/All_Files/ALL_TTS/DIS_Vector_Embedding_Integration/Data/Hindi_Female/wav/hi_f_books_02798.wav	Hindi_Female	रेयॉन को कपास के साथ मिलाकर बिस्तर की चादरें बनाते हैं अथवा ऊन के साथ मिलाकर कालीन या गलीचा बनाते हैं|
/home/vijay/Desktop/All_Files/ALL_TTS/DIS_Vector_Embedding_Integration/Data/Hindi_Female/wav/hi_f_books_03194.wav	Hindi_Female	इसका ऊष्मीय मान उच्च होता है| यह ऐसी गैसें या अवशेष नहीं छोड़ता जो पर्यावरण को प्रदूषित करते हों|
/home/vijay/Desktop/All_Files/ALL_TTS/DIS_Vector_Embedding_Integration/Data/Hindi_Female/wav/hi_f_books_01862.wav	Hindi_Female	इस प्रकार बाह्य स्थितियों की अनुभूति और चरम तन्मयता के क्षण को एक ही स्तर पर देखना किसी महापुरुष की सामर्थ्य की बात होती है|
/home/vijay/Desktop/All_Files/ALL_TTS/DIS_Vector_Embedding_Integration/Data/Hindi_Female/wav/hi_f_agri_01053.wav	Hindi_Female	कपास का पौधा, रेशमी कपास का पौधा और पाल्मीरा वृक्ष को भी शुभ नहीं माना जाता।
/home/vijay/Desktop/All_Files/ALL_TTS/DIS_Vector_Embedding_Integration/Data/Hindi_Female/wav/hi_f_weather_02397.wav	Hindi_Female	हेगेल के व्याख्यानों और लेखों का संकलन ‘इनसाइक्लोपीडिया ऑफ फिलॉसोफिकल साइंसेस’ नामक ग्रंथ में प्राप्त है ।
/home/vijay/Desktop/All_Files/ALL_TTS/DIS_Vector_Embedding_Integration/Data/Hindi_Female/wav/hi_f_weather_00783.wav	Hindi_Female	आपको जोड़ों में दर्द, अपच और बदलते मौसम के कारण दिक्क़त होने की संभावना नज़र आ रही है।
/home/vijay/Desktop/All_Files/ALL_TTS/DIS_Vector_Embedding_Integration/Data/Hindi_Female/wav/hi_f_books_04134.wav	Hindi_Female	श्रवण क्षतिग्रस्तों के रहन-सहन के वातावरण में सुधार लाने के लिए समाज बहुत कुछ कर सकता है|
/home/vijay/Desktop/All_Files/ALL_TTS/DIS_Vector_Embedding_Integration/Data/Hindi_Female/wav/hi_f_books_03943.wav	Hindi_Female	आपने रेलवे स्टेशनों पर पैदल-उपरिपुलों की घिसीपिटी सीढ़ियाँ देखी होंगी| घर्षण से ऊष्मा भी उत्पन्न हो सकती है|
/home/vijay/Desktop/All_Files/ALL_TTS/DIS_Vector_Embedding_Integration/Data/Hindi_Female/wav/hi_f_agri_02381.wav	Hindi_Female	घी, मख्खन, हरी सब्जियां, फल और बादाम का रोजाना सेवन करें।
/home/vijay/Desktop/All_Files/ALL_TTS/DIS_Vector_Embedding_Integration/Data/Hindi_Female/wav/hi_f_other_00256.wav	Hindi_Female	बॉलीवुड अभिनेता जैकी श्रॉफ के पुत्र टाइगर श्रॉफ की फिल्म 'हीरोपंती' के लिए निर्देशक सब्बीर खान को आखिर हीरोइन मिल ही गई।
/home/vijay/Desktop/All_Files/ALL_TTS/DIS_Vector_Embedding_Integration/Data/Hindi_Female/wav/hi_f_other_04510.wav	Hindi_Female	इतना ही नहीं गंगा की परित्यक्त रेतीली जमीन को भी इन दबंग बिल्डरों ने नहीं बख़्शा।
/home/vijay/Desktop/All_Files/ALL_TTS/DIS_Vector_Embedding_Integration/Data/Hindi_Female/wav/hi_f_other_02289.wav	Hindi_Female	दो विकेट जल्दी गिरने से दबाव में आई भारतीय टीम को कप्तान अन्जिंक्य रहाणे ने मुसीबत से बाहर निकला।
/home/vijay/Desktop/All_Files/ALL_TTS/DIS_Vector_Embedding_Integration/Data/Hindi_Female/wav/hi_f_agri_01344.wav	Hindi_Female	मज़लूम पशु व्यापारी थे और इम्तियाज़ इस काम में उनकी मदद करता था।
/home/vijay/Desktop/All_Files/ALL_TTS/DIS_Vector_Embedding_Integration/Data/Hindi_Female/wav/hi_f_finance_01304.wav	Hindi_Female	इसमें संगीत, संस्कृत, समाजशास्त्र, मराठी, राजनीतिक शास्त्र, अर्थशास्त्र विषय शामिल हैं।
/home/vijay/Desktop/All_Files/ALL_TTS/DIS_Vector_Embedding_Integration/Data/Hindi_Female/wav/hi_f_books_00622.wav	Hindi_Female	जैसे-विश्व के अनेक देशों में फिल्म फेस्टिवल्स, सम्मेलन, अंतर्राष्ट्रीय पुस्तक प्रदर्शनियाँ आदि| इन उद्‌देश्यों को लेकर लोग विभिन्न स्थानों पर जाते रहते हैं|
/home/vijay/Desktop/All_Files/ALL_TTS/DIS_Vector_Embedding_Integration/Data/Hindi_Female/wav/hi_f_finance_01818.wav	Hindi_Female	बिहार में जाली नोट और मादक पदार्थो के धंधे का नेटवर्क तेजी से पांव पसार रहा है।
/home/vijay/Desktop/All_Files/ALL_TTS/DIS_Vector_Embedding_Integration/Data/Hindi_Female/wav/hi_f_agri_01016.wav	Hindi_Female	राजमा में फाइबर की मात्रा अधिक होती है जो डाइडेशन इम्प्रूव करने में मददगार है।
/home/vijay/Desktop/All_Files/ALL_TTS/DIS_Vector_Embedding_Integration/Data/Hindi_Female/wav/hi_f_books_02573.wav	Hindi_Female	इसीलिए भारत के सभी भागों में कटाई का समय हर्षोल्लास एवं खुशी का होता है|
/home/vijay/Desktop/All_Files/ALL_TTS/DIS_Vector_Embedding_Integration/Data/Hindi_Female/wav/hi_f_other_01860.wav	Hindi_Female	उन्होंने कहा कि वक्फ़ संपत्तियां एवं धार्मिक स्थल ख़तरे में हैं।
/home/vijay/Desktop/All_Files/ALL_TTS/DIS_Vector_Embedding_Integration/Data/Hindi_Female/wav/hi_f_books_01115.wav	Hindi_Female	अत्याधुनिक प्रौद्योगिकी, शिक्षा, उद्योगों के मामले में ये देश प्रगति पथ पर है|
/home/vijay/Desktop/All_Files/ALL_TTS/DIS_Vector_Embedding_Integration/Data/Hindi_Female/wav/hi_f_other_05094.wav	Hindi_Female	उन्होंने रोशन सिल्वा, निरोशन डिकवेला, दिलरूवान परेरा, सुरंगा लकमल, दुश्मंता चामीरा और लाहिरू कुमारा को आउट किया था।
/home/vijay/Desktop/All_Files/ALL_TTS/DIS_Vector_Embedding_Integration/Data/Hindi_Female/wav/hi_f_books_05705.wav	Hindi_Female	यह अनुकूलक, सरंचनात्मक व कुछ स्थितियों में उत्प्रेरक अणु का कार्य करता है|
/home/vijay/Desktop/All_Files/ALL_TTS/DIS_Vector_Embedding_Integration/Data/Hindi_Female/wav/hi_f_books_03769.wav	Hindi_Female	जितनी स्थितियों में संभव हो बल का प्रभाव देखने का प्रयत्न कीजिए| आप अपने पर्यावरण में उपलब्ध सामग्री का उपयोग करके इसी प्रकार की कुछ अन्य स्थितियों को भी यहाँ पर जोड़ सकते हैं|
/home/vijay/Desktop/All_Files/ALL_TTS/DIS_Vector_Embedding_Integration/Data/Hindi_Female/wav/hi_f_other_03418.wav	Hindi_Female	अत्रि स्मृति का छठा अध्याय वेदमन्त्रों की महिमा से ओतप्रोत है।
/home/vijay/Desktop/All_Files/ALL_TTS/DIS_Vector_Embedding_Integration/Data/Hindi_Female/wav/hi_f_agri_01668.wav	Hindi_Female	ऐसे में आप मॉर्निंग वॉक से वापस आकर चने और सोयाबीन के अंकुरित दानें खा सकते हैं।
/home/vijay/Desktop/All_Files/ALL_TTS/DIS_Vector_Embedding_Integration/Data/Hindi_Female/wav/hi_f_books_00040.wav	Hindi_Female	द्वीप समूह के नाम से जाने जाते हैं। लक्षद्वीप के अधिकांश द्वीप एटॉल हैं। ये आकार में छोटे हैं और उनकी ऊँचाई कम है।
/home/vijay/Desktop/All_Files/ALL_TTS/DIS_Vector_Embedding_Integration/Data/Hindi_Female/wav/hi_f_finance_00550.wav	Hindi_Female	हवाई अड्डे पर पहुंचने से पहले ही विदशी मुद्रा का विनिमय कर लें, जो आपको सस्ता पड़ेगा।
/home/vijay/Desktop/All_Files/ALL_TTS/DIS_Vector_Embedding_Integration/Data/Hindi_Female/wav/hi_f_other_00421.wav	Hindi_Female	रजब तैयब अर्दोग़ान के बेटे बेलाल अर्दोग़ान पर मनी लांड्रिंग का आरोप है।
/home/vijay/Desktop/All_Files/ALL_TTS/DIS_Vector_Embedding_Integration/Data/Hindi_Female/wav/hi_f_finance_00916.wav	Hindi_Female	हार्ले डेविडसन और ट्रायंफ जैसी बाइक हो जाएंगी सस्ती, सरकार ने आयात शुल्क घटाया।
/home/vijay/Desktop/All_Files/ALL_TTS/DIS_Vector_Embedding_Integration/Data/Hindi_Female/wav/hi_f_agri_00106.wav	Hindi_Female	राजस्थान की ही तर्ज़ पर मध्यप्रदेश में भी फ़र्ज़ी किसान घोटाला हुआ है।
/home/vijay/Desktop/All_Files/ALL_TTS/DIS_Vector_Embedding_Integration/Data/Hindi_Female/wav/hi_f_books_03379.wav	Hindi_Female	किसी कोशिका के साइज़ का संबंध किसी पौधे अथवा जंतु के साइज़ से नहीं होता|
/home/vijay/Desktop/All_Files/ALL_TTS/DIS_Vector_Embedding_Integration/Data/Hindi_Female/wav/hi_f_weather_00042.wav	Hindi_Female	गर्मी ने सिर्फ जूनियर कलाकारों और क्रू मेंबर्स को ही नहीं बॉलीवुड स्टार संजय दत्त को भी खूब तपाया।
/home/vijay/Desktop/All_Files/ALL_TTS/DIS_Vector_Embedding_Integration/Data/Hindi_Female/wav/hi_f_books_01988.wav	Hindi_Female	अपनी प्रतिकूल परिस्थितियों से उन्होंने कभी ऐसी हार नहीं मानी जिसे सह्य बनाने के लिए हम समझौता करते हैं|
/home/vijay/Desktop/All_Files/ALL_TTS/DIS_Vector_Embedding_Integration/Data/Hindi_Female/wav/hi_f_books_03946.wav	Hindi_Female	आपने यह देखा होगा कि विद्युत मिक्सर को कुछ मिनट तक चलाने पर उसका जार गरम हो जाता है| आप ऐसे बहुत से उदाहरण दे सकते हैं जिनमें घर्षण द्वारा| ऊष्मा उत्पन्न होती है|
/home/vijay/Desktop/All_Files/ALL_TTS/DIS_Vector_Embedding_Integration/Data/Hindi_Female/wav/hi_f_education_01670.wav	Hindi_Female	मल ट्रांसप्लांट यानी एक व्यक्ति का मल पॉटी दूसरे व्यक्ति के शरीर में डालना शायद मेडिकल प्रक्रियाओं में सबसे बदबूदार और अजीब प्रक्रिया होगी।
/home/vijay/Desktop/All_Files/ALL_TTS/DIS_Vector_Embedding_Integration/Data/Hindi_Female/wav/hi_f_other_02817.wav	Hindi_Female	आत्मीय परिजनो राष्ट् में आज महा मानवो  की बड़ी आवश्यकता है।
/home/vijay/Desktop/All_Files/ALL_TTS/DIS_Vector_Embedding_Integration/Data/Hindi_Female/wav/hi_f_weather_01962.wav	Hindi_Female	यह मौसम तो कश्मीर मसले का है लेकिन पिछले कुछ हफ़्ते कुछ अलग ही तरह से बीते हैं।
/home/vijay/Desktop/All_Files/ALL_TTS/DIS_Vector_Embedding_Integration/Data/Hindi_Female/wav/hi_f_weather_02625.wav	Hindi_Female	इस पाठ में हम शिवाजी महाराज से पूर्वकाल में भारत में जो विभिन्न राजसत्ताएँ थीं; उनका अध्ययन करेंगे  ।
/home/vijay/Desktop/All_Files/ALL_TTS/DIS_Vector_Embedding_Integration/Data/Hindi_Female/wav/hi_f_books_05120.wav	Hindi_Female	उत्तर दिशा को परिभाषित करने वाला ध्रुव तारा दिशा निर्धारण हेतु अच्छा संकेतक है|
/home/vijay/Desktop/All_Files/ALL_TTS/DIS_Vector_Embedding_Integration/Data/Hindi_Female/wav/hi_f_education_01344.wav	Hindi_Female	किसी भी प्रकार की आपकी सेवा करके मैं स्वयं को अत्यंत भाग्यशाली समझूँगा ।
/home/vijay/Desktop/All_Files/ALL_TTS/DIS_Vector_Embedding_Integration/Data/Hindi_Female/wav/hi_f_weather_03243.wav	Hindi_Female	जंजीरा का सिद्‌दी मराठी प्रदेश में उत्पात मचाता था । मराठों के प्रदेशों पर धावा बोलकर वह आगजनी, लूटपाट और अत्याचार करता था ।
/home/vijay/Desktop/All_Files/ALL_TTS/DIS_Vector_Embedding_Integration/Data/Hindi_Female/wav/hi_f_books_01748.wav	Hindi_Female	नेत्र के नेत्रलेंस तथा परितारिका इनकी वक्रता बढ़ने से लेंस की अभिसारी क्षमता अधिक होती है|
/home/vijay/Desktop/All_Files/ALL_TTS/DIS_Vector_Embedding_Integration/Data/Hindi_Female/wav/hi_f_other_02327.wav	Hindi_Female	उन्होंने जुमे की नमाज़ के ख़ुत्बे में कहा कि अमरीका की ओर से सीरिया पर हमला, समस्त अन्तर्राष्ट्रीय नियमों के विरुद्ध है।
/home/vijay/Desktop/All_Files/ALL_TTS/DIS_Vector_Embedding_Integration/Data/Hindi_Female/wav/hi_f_other_01972.wav	Hindi_Female	मामला एसपी को सौंपते हुए उन पर कार्रवाई की मांग की है।
/home/vijay/Desktop/All_Files/ALL_TTS/DIS_Vector_Embedding_Integration/Data/Hindi_Female/wav/hi_f_books_00085.wav	Hindi_Female	इसीलिए नदी के मुहाने पर अवसादों का निक्षेपण बड़े पैमाने पर नहीं होता ।
/home/vijay/Desktop/All_Files/ALL_TTS/DIS_Vector_Embedding_Integration/Data/Hindi_Female/wav/hi_f_books_01038.wav	Hindi_Female	कृषि व उद्योगों के कारण कुछ भागों में जनसंख्या का केंद्रीकरण बड़े पैमाने पर पाया जाता है| उदाहरण. उत्तरी मैदान, दिल्ली, चेन्नई, कोलकाता, मुंबई, पुणे, बेंगलुरु आदि|
/home/vijay/Desktop/All_Files/ALL_TTS/DIS_Vector_Embedding_Integration/Data/Hindi_Female/wav/hi_f_books_05773.wav	Hindi_Female	एस प्रभेद  से संक्रमित चूहे नीमोनिया संक्रमण से मर जाते हैं, जबकि आर प्रभेद द्वारा नीमोनिया नहीं होता है| ग्रीफिथ ने जीवाणु को गर्म करने पर उन्हें मृत पाया|
/home/vijay/Desktop/All_Files/ALL_TTS/DIS_Vector_Embedding_Integration/Data/Hindi_Female/wav/hi_f_other_00693.wav	Hindi_Female	रायपुर थाना क्षेत्र् के थानों रोड पर जंगल किनारे एक युवक का  लहुलुहान शव मिलने से क्षेत्र् में सनसनी फैल गयी।
/home/vijay/Desktop/All_Files/ALL_TTS/DIS_Vector_Embedding_Integration/Data/Hindi_Female/wav/hi_f_weather_02356.wav	Hindi_Female	यह पद्‍धति वैज्ञानिक पद्‍धति है । इसका प्रारंभ उचित प्रश्नों की प्रस्तुति के साथ होता है ।
/home/vijay/Desktop/All_Files/ALL_TTS/DIS_Vector_Embedding_Integration/Data/Hindi_Female/wav/hi_f_finance_00315.wav	Hindi_Female	पोस्ट ऑफिस की फ्रेंचाइजी स्टांप्स और स्टेशनरी की बिक्री कर सकेगी।
