/home/vijay/Desktop/All_Files/ALL_TTS/DIS_Vector_Embedding_Integration/Data/Kannada_Male/wav/kn_m_books_02550.wav	Kannada_Male	ಕಡೆಗೆ ಅವರು ಬಹಳ ಮುಖ್ಯವಾದ ಒಳ್ಳೆಯ ಮಾತುಗಳನ್ನು ಹೇಳಿದರು! ‘ನೋಡು ಎಲ್ಲ ಮಟ್ಟದಲ್ಲಿಯೂ, ಎಲ್ಲರಲ್ಲಿಯೂ ಈ ತರದ ರಾಗದ್ವೇಷ ಅಸೂಯೆಗಳು ಇರುತ್ತವೆ.
/home/vijay/Desktop/All_Files/ALL_TTS/DIS_Vector_Embedding_Integration/Data/Kannada_Male/wav/kn_m_books_03233.wav	Kannada_Male	ಹರಿಹರನ ಇಪ್ಪತ್ತೈದು ಸ್ಥಲದ ರಗಳೆಯಲ್ಲಿ ಕೇವಲ ಅರ್ಧ ಸಿಕ್ಕು, ಇನ್ನರ್ಧ ಸಿಕ್ಕಿರಲಿಲ್ಲ ಎಂದಂತಾಯಿತು.
/home/vijay/Desktop/All_Files/ALL_TTS/DIS_Vector_Embedding_Integration/Data/Kannada_Male/wav/kn_m_books_00280.wav	Kannada_Male	ಆದ್ದರಿಂದ ಶಾಸ್ತ್ರೋಕ್ತವಾದ ಸ್ಥಿತಿ ಬಂದನಂತರ ಸಾಧಕನು ಪ್ರತಿ ಪ್ರಾಣಿಯಲ್ಲಿಯೂ ಆತ್ಮವನ್ನು ಕಾಣುತ್ತಾನೆ, ಮತ್ತು ಅಭೇದ ಜ್ಞಾನದಿಂದ ಸೇವೆಮಾಡುತ್ತ ಪ್ರಾರಬ್ಧ ಕರ್ಮವನ್ನು ಸವೆಸುತ್ತಾನೆ.
/home/vijay/Desktop/All_Files/ALL_TTS/DIS_Vector_Embedding_Integration/Data/Kannada_Male/wav/kn_m_books_05705.wav	Kannada_Male	ಮರಡೋನ ಚಾಂಪಿಯನ್ ಆದ ವರ್ಷವಂತೂ ಒಂದೂ ಬಿಡದೆ ಎಲ್ಲಾ ಮ್ಯಾಚನ್ನೂ ನೋಡಿದ್ದರು.
/home/vijay/Desktop/All_Files/ALL_TTS/DIS_Vector_Embedding_Integration/Data/Kannada_Male/wav/kn_m_books_05724.wav	Kannada_Male	ಇವರಿಬ್ಬರೂ ಎದ್ದು ನಿಂತು ಕೈ ಮುಗಿದು 'ನೀವು ದೆಹಲಿಗೆ ಕಳಿಸಲಿಕ್ಕೆ ಬರೆದ ಢ್ರಾಫ್ಟ್‌ಲೆಟರ್ ಕೊಡಿ' ಎಂದರು.
/home/vijay/Desktop/All_Files/ALL_TTS/DIS_Vector_Embedding_Integration/Data/Kannada_Male/wav/kn_m_books_08373.wav	Kannada_Male	ಈ ನಾಟಕದ ವಿಷಯವನ್ನು ಕೇಳಿದ ಕೆಲವು ಯೂರೋಪಿಯನ್‌ ಮಿತ್ರರು ರೆವರೆಂಡ್‌ ಲಾಂಗ್‌ನನ್ನು ಅದರ ಅನುವಾದ ಮಾಡಿಸಲು ಕೇಳಿ ಕೊಂಡರು.
/home/vijay/Desktop/All_Files/ALL_TTS/DIS_Vector_Embedding_Integration/Data/Kannada_Male/wav/kn_m_other_00735.wav	Kannada_Male	ಈಶ್ವರಪ್ಪ ಅವರ ಪಿ.ಎ. ವಿನಯ್ ಕಿಡ್ನ್ಯಾಪ್ ಯತ್ನ ಪ್ರಕರಣ ಸಂಬಂಧ ಬಿಜೆಪಿ ರಾಜ್ಯ ಘಟಕದ ಅಧ್ಯಕ್ಷ ಬಿ.ಎಸ್. ಯಡಿಯೂರಪ್ಪ ಅವರ ಪಿ.ಎ. ಸಂತೋಷ್‌ಗೆ ಪೊಲೀಸರು ನೋಟಿಸ್ ನೀಡಿದ್ದಾರೆ.
/home/vijay/Desktop/All_Files/ALL_TTS/DIS_Vector_Embedding_Integration/Data/Kannada_Male/wav/kn_m_books_03875.wav	Kannada_Male	ಯಾಕಂತೀರೋ : ಜೇಲಿನಿಂದ ಚಂಬಸ ಹೊರಬಂದು, ಆತನಿಗೆ ವಿಷಯ ಗೊತ್ತಾಗಿ ಇಲ್ಲಿಗೆ ಬಂದು ತನ್ನನ್ನು ಕರೆದುಕೊಂಡು ಹೋದಾನೆಂಬ ಆಸೆಗೆ ತಣ್ಣೀರು ಬಿದ್ದಿದ್ದವು.
/home/vijay/Desktop/All_Files/ALL_TTS/DIS_Vector_Embedding_Integration/Data/Kannada_Male/wav/kn_m_books_02046.wav	Kannada_Male	ಪ್ಲಾಂಟರರ ಆಳುಗಳು ನವೀನ ಮಾಧವನನ್ನು ಬಡಿದು ಹಾಕುತ್ತಾರೆ. ಅವನನ್ನು ಮನೆಗೆ ತಂದಾಗ ಹುಚ್ಚಿ ತಾಯಿ ಸಾವಿತ್ರಿ ಅವನನ್ನು ಯಾರೋ ಎಂದು ತಿಳಿದು ಕುತ್ತಿಗೆ ಹಿಸುಕಿ ಕೊಲ್ಲುತ್ತಾಳೆ.
/home/vijay/Desktop/All_Files/ALL_TTS/DIS_Vector_Embedding_Integration/Data/Kannada_Male/wav/kn_m_books_04806.wav	Kannada_Male	ಪುಟ್ಟಣ್ಣ ''ಏನೋ?'' ಎಂದನು. ''ನಾಯಿ ಕಣ್ಹಂದಿ ಅಟ್ಟಿಕೊಂಡು ಬಂದ್ವು. ಯಲ್ಡ್ ಈಡು ಹೊಡದೆ ನೋಡಿ. ಒಂದೂ ಬಡೀಲೇ ಇಲ್ಲ.
/home/vijay/Desktop/All_Files/ALL_TTS/DIS_Vector_Embedding_Integration/Data/Kannada_Male/wav/kn_m_books_04490.wav	Kannada_Male	ಶಂಕರದೇವ (ಅಸ್ಸಾಂ) ರಾಮಾನಂದ (ಉತ್ತರ ಪ್ರದೇಶ) ಕಬೀರ (ಉತ್ತರ ಪ್ರದೇಶ) ತುಲಸೀದಾಸ (ಉತ್ತರ ಪ್ರದೇಶ)
/home/vijay/Desktop/All_Files/ALL_TTS/DIS_Vector_Embedding_Integration/Data/Kannada_Male/wav/kn_m_health_02039.wav	Kannada_Male	ಆಯಾಸವಾದ ಕಣ್ಣುಗಳಿಗೆ ಆರಾಮ ಒದಗಿಸಲು, ಬಳಲಿದ ಕಣ್ಣುಗಳನ್ನು ರಿಫ್ರೆಶ್ ಮಾಡಲು ಮತ್ತು ಕಣ್ಣಿನ ಸುತ್ತಲಿನ ಚರ್ಮದ ಆರೈಕೆಗೆ ಜೋಜೋಬಾ ಎಣ್ಣೆ ನೆರವು ನೀಡುತ್ತೆ.
/home/vijay/Desktop/All_Files/ALL_TTS/DIS_Vector_Embedding_Integration/Data/Kannada_Male/wav/kn_m_books_09870.wav	Kannada_Male	ರೈತರಿಗೆ ಮನ್ನಾ ಮಾಡಿದ ಸಾಲಕ್ಕೆ ಸಹ ಇದಕ್ಕಿಂತ ಹೆಚ್ಚಿನ ಬಡ್ಡಿ ವಸೂಲಾಗಿತ್ತು.
/home/vijay/Desktop/All_Files/ALL_TTS/DIS_Vector_Embedding_Integration/Data/Kannada_Male/wav/kn_m_books_03685.wav	Kannada_Male	ಯು. ಸೋ. ನಾಟಕದಲ್ಲಿ ಇದರ ಇನ್ನೊಂದು ಚಿತ್ರವನ್ನು ಕಾಣಬಹುದು. ಅಲ್ಲಿ ಸಾವಿತ್ರಿ ಸತ್ಯವಾನರ ದಾಂಪತ್ಯ ಜೀವನದ ಒಂದು ದೃಶ್ಯ.
/home/vijay/Desktop/All_Files/ALL_TTS/DIS_Vector_Embedding_Integration/Data/Kannada_Male/wav/kn_m_books_05049.wav	Kannada_Male	ಸೇರೆಗಾರ್ರು, ಪುಟ್ಟಣ್ಣ, ಅಪ್ಪಯ್ಯ, ನಾನು ಎಲ್ಲಾ ಸೇರಿ ಹುಡುಕೀ ಹುಡುಕೀ, ಕಡೇಗೆ ಸಿಕ್ಕ!
/home/vijay/Desktop/All_Files/ALL_TTS/DIS_Vector_Embedding_Integration/Data/Kannada_Male/wav/kn_m_other_02074.wav	Kannada_Male	ಬ್ರಾರ್ ಸ್ಕ್ವಯರ್ ನಲ್ಲಿ ಮಾರ್ಷಲ್ ಸಿಂಗ್ ಅವರಿಗೆ ಮಾಜಿ ಪ್ರಧಾನಿ ಮನಮೋಹನ್ ಸಿಂಗ್ ಅಂತಿಮ ನಮನ.
/home/vijay/Desktop/All_Files/ALL_TTS/DIS_Vector_Embedding_Integration/Data/Kannada_Male/wav/kn_m_books_08800.wav	Kannada_Male	ಇಂತಹ ಚಿಟ್ಟೆಗಳು ಕೂಡುವಾಗ ಇಂಗ್ಲಿಷ್ ಅಕ್ಷರ ‘V’ - ಆಕಾರದಲ್ಲಿ ಕೂಡುತ್ತವೆ.
/home/vijay/Desktop/All_Files/ALL_TTS/DIS_Vector_Embedding_Integration/Data/Kannada_Male/wav/kn_m_books_04387.wav	Kannada_Male	ಅಲ್ಲಿಂದ ಆ ನಾಣ್ಯವು ಮತ್ತೊಂದು ಯಂತ್ರದೊಳಗೆ ಹೋಗುತ್ತದೆ. ಆ ಯಂತ್ರವು ಪ್ರಾಚೀನ ಕಾಲದ ಕ್ರೌರ್ಯದಂತೆ ನಾಣ್ಯವನ್ನು ಸಮನಾದ ರೀತಿಯಲ್ಲಿ ತುಂಡು ತುಂಡಾಗಿ ಕತ್ತರಿಸಿ ಹಾಕುತ್ತದೆ.
/home/vijay/Desktop/All_Files/ALL_TTS/DIS_Vector_Embedding_Integration/Data/Kannada_Male/wav/kn_m_general_02244.wav	Kannada_Male	ಅಮೆರಿಕಾ ಮೂಲದ ಜಿಪಿಎಸ್ (ಗ್ಲೋಬಲ್ ಪೊಸಿಷನಿಂಗ್ ಸಿಸ್ಟಂ) ರೀತಿಯಲ್ಲಿಯೇ ಭಾರತೀಯ ಪ್ರಾದೇಶಿಕ ಮಾರ್ಗದರ್ಶಿ ಉಪಗ್ರಹ ವ್ಯವಸ್ಥೆ 'ನಾವಿಕ್'ನ್ನು ಜಾರಿಗೆ ತರುವ ಪ್ರಯತ್ನವನ್ನು ಬಹಳ ಹಿಂದೆಯೇ ಇಸ್ರೋ ಆರಂಭಿಸಿತ್ತು.
/home/vijay/Desktop/All_Files/ALL_TTS/DIS_Vector_Embedding_Integration/Data/Kannada_Male/wav/kn_m_books_05329.wav	Kannada_Male	ಅಮ್ಮನಿಗೆ ಇಂಗ್ಲಿಷು ಗೊತ್ತಿರಲಿಲ್ಲ. ಮಾರ್ಲಿನ್‌ಗೆ ಕನ್ನಡ ಗೊತ್ತಿಲ್ಲ. ಆದರೆ ಇವರಿಬ್ಬರ ಸಂಭಾಷಣೆ ನಡೆಯುತ್ತಿತ್ತು. ಮೌನವಾಗೋ ಅದು ಹೇಗೋ ನಂಗೊತ್ತಿಲ್ಲ.
/home/vijay/Desktop/All_Files/ALL_TTS/DIS_Vector_Embedding_Integration/Data/Kannada_Male/wav/kn_m_books_00488.wav	Kannada_Male	ಏನಂದ್ರೆ, ಒಂದು ಮಾತಿಗೂ ಅರ್ಥಕ್ಕೂ ಇರುವ ಸಂಬಂಧ. ಈವಾಗ ನಾನು ನಿಮ್ಮ ಎದುರು ಒಂದು ಪದ ಆಡ್ದೆ ಅಂತ ಇಟ್ಟುಕೊಳ್ಳಿ ‘ಬಾ’ ಅಂತನೋ, ‘ಹೋಗು’ ಅಂತಾನೋ.
/home/vijay/Desktop/All_Files/ALL_TTS/DIS_Vector_Embedding_Integration/Data/Kannada_Male/wav/kn_m_books_07028.wav	Kannada_Male	ಶಿಷ್ಯ: ಈ ವೈದ್ಯರು ಪ್ರಯೋಗಿಸುವ ಔಷಧಿಗಳು ನಮ್ಮ ದೇಹ ಪ್ರಕೃತಿಗೆ ಚೆನ್ನಾಗಿ ಒಗ್ಗುವುವೆಂದು ನಾನು ಕೇಳಿದ್ದೇನೆ.
/home/vijay/Desktop/All_Files/ALL_TTS/DIS_Vector_Embedding_Integration/Data/Kannada_Male/wav/kn_m_books_04520.wav	Kannada_Male	ಅದಕ್ಕೆ ‘ಕಿವಿ’ ಎಂದು ಹೆಸರಿಡೋಣ ಎಂದರು ತೇಜಸ್ವಿ. ಆಗೊಮ್ಮೆ ಉಲ್ಟ ಮಾಡಿ ಅಂದರೆ ವಿಕಿ ಎಂದು ಒಂದು ಸಲ ಕರೆದೆ.
/home/vijay/Desktop/All_Files/ALL_TTS/DIS_Vector_Embedding_Integration/Data/Kannada_Male/wav/kn_m_books_03088.wav	Kannada_Male	ಪಂಡಿತ, ಬಿ. ಬಿ. ಗೋಖಲೆ, ಕೃಷ್ಣಾಜಿ ಗೋಖಲೆ, ಹರಿಪಂತ್‌ ಗೋಖಲೆ, ಬಿ. ಎನ್‌.
/home/vijay/Desktop/All_Files/ALL_TTS/DIS_Vector_Embedding_Integration/Data/Kannada_Male/wav/kn_m_books_05904.wav	Kannada_Male	೮. ೧೭೨೩ರ ಮೇರಿಲ್ಯಾಂಡ್ ಶಾಸನವು ತಂಬಾಕನ್ನು ಶಾಸನಬದ್ಧ ಹಣವನ್ನಾಗಿ ಮಾಡಿತು.
/home/vijay/Desktop/All_Files/ALL_TTS/DIS_Vector_Embedding_Integration/Data/Kannada_Male/wav/kn_m_health_00500.wav	Kannada_Male	ಅದರಲ್ಲಿ ಪಾಸ್ತಾದಂತಹ ಸಂಸ್ಕರಿಸಿರುವಂತಹ ಕಾರ್ಬ್ರೋಹೈಡ್ರೇಟ್ಸ್ ಸೇವನೆ ಮಾಡಿದರೆ ಅದರಿಂದ ಸಕ್ಕರೆ ಮಟ್ಟವು ಹೆಚ್ಚಾಗುವುದು, ಇಷ್ಟು ಮಾತ್ರವಲ್ಲದೆ ಇನ್ಸುಲಿನ್ ಮಟ್ಟವು ಏರುವುದು.
/home/vijay/Desktop/All_Files/ALL_TTS/DIS_Vector_Embedding_Integration/Data/Kannada_Male/wav/kn_m_weather_00429.wav	Kannada_Male	ಪಾವಗಡ ತಾಲೂಕಿನ ‘ಕೆರೆಗಳಿಗೆ ನೀರು ತುಂಬಿಸಿ’ ಅಭಿಯಾನದ ಪ್ರಯುಕ್ತ ತಾಲೂಕಿನ ಓಬಲಾಪುರ, ಸಾಸುಲಕುಂಟೆ, ವದನ್ಕಲ್, ಲಿಂಗದಹಳ್ಳಿ ಗ್ರಾಮಗಳಲ್ಲಿ ಮಂಗಳವಾರ ಬೈಕ್‌ರ್ಯಾ‌ಲಿ ನಡೆಸಿತು.
/home/vijay/Desktop/All_Files/ALL_TTS/DIS_Vector_Embedding_Integration/Data/Kannada_Male/wav/kn_m_books_03220.wav	Kannada_Male	ಹೀಗೇ ಮತ್ತೆ ಬಣ್ಣದ ಟಿವಿ, ವೀಡಿಯೋ ಒಂದಾದ ಮೇಲೊಂದರಂತೆ ಧಾಳಿ ಮಾಡುತ್ತವೆ.
/home/vijay/Desktop/All_Files/ALL_TTS/DIS_Vector_Embedding_Integration/Data/Kannada_Male/wav/kn_m_books_05387.wav	Kannada_Male	ಈ ಗುಣದಿಂದಲೇ ಜೇಡ ಸ್ರವಿಸುವ ರೇಷ್ಮೆ ಅತ್ಯಂತ ಹಗುರ ಎನಿಸಿದೆ.
/home/vijay/Desktop/All_Files/ALL_TTS/DIS_Vector_Embedding_Integration/Data/Kannada_Male/wav/kn_m_books_04258.wav	Kannada_Male	ಗೌತಮರು ಅವಳನ್ನು ಓಡಿಸುವ ಸಲುವಾಗಿ ಕೈಯಲ್ಲಿದ್ದ ದರ್ಬೆಯನ್ನು ಅವಳ ಮೇಲೆ ಎಸೆದರು.
/home/vijay/Desktop/All_Files/ALL_TTS/DIS_Vector_Embedding_Integration/Data/Kannada_Male/wav/kn_m_agri_00209.wav	Kannada_Male	ಅವರು ಉದ್ಯಾನದ ಮೂಲಕ ಸ್ಫೋಟಿಸುತ್ತಾರೆ ಮತ್ತು ನಿಮ್ಮ ಕಿವಿಗಳನ್ನು ಹಾದುಹೋಗು, ನಿಧಾನವಾಗಿ ಮ್ಯಾಲ್ಡ್ ಮಲ್ಚ್ ಅನ್ನು ಎತ್ತುವ ಮತ್ತು ಮೊಂಡುತನದ ಅಂಟಿಕೊಳ್ಳುವ ಎಲೆಗಳನ್ನು ಹೊಡೆಯುತ್ತಾರೆ.
/home/vijay/Desktop/All_Files/ALL_TTS/DIS_Vector_Embedding_Integration/Data/Kannada_Male/wav/kn_m_health_02283.wav	Kannada_Male	ನಾಳಗಳ ಗೋಡೆಗಳನ್ನು ಬಹಳ ಪ್ರವೇಶಸಾಧ್ಯ ಮತ್ತು ಸುತ್ತಮುತ್ತಲ ಅಂಗಾಂಶ ಮತ್ತು ರಕ್ತದ ಪ್ರೋಟೀನ್ ಕಿಣ್ವಗಳಲ್ಲಿ ಇರಿಸಿ.
/home/vijay/Desktop/All_Files/ALL_TTS/DIS_Vector_Embedding_Integration/Data/Kannada_Male/wav/kn_m_other_02032.wav	Kannada_Male	ಕೊಚ್ಚಿ ಹಿರಿಯ ಕ್ಯಾಥೊಲಿಕ್ ಪಾದ್ರಿ ಮತ್ತು ಇಲ್ಲಿನ ಪ್ರಮುಖ ಕ್ರಿಶ್ಚಿಯನ್ ಯಾತ್ರಾಸ್ಥಳ ಮಲಯತ್ತೂರ್ನ ಮೇಲ್ವಿಚಾರಕ ಗ್ಸೇವಿಯರ್ ಥೇಲಕ್ಕಾಟ್ ಅವರನ್ನು ಹತ್ಯೆ ಮಾಡಲಾಗಿದೆ.
/home/vijay/Desktop/All_Files/ALL_TTS/DIS_Vector_Embedding_Integration/Data/Kannada_Male/wav/kn_m_health_02055.wav	Kannada_Male	ಸಕ್ರಿಯ ಕಾಸ್ಮೆಟಿಕ್ ಪ್ರೋಗ್ರಾಂ ಪ್ರಾರಂಭಿಸುವ ಮೊದಲು, ಮಣಿಕಟ್ಟಿನ ಮೇಲೆ ಚರ್ಮದ ಪ್ರತಿಕ್ರಿಯೆ ಪರಿಶೀಲಿಸಿ.
/home/vijay/Desktop/All_Files/ALL_TTS/DIS_Vector_Embedding_Integration/Data/Kannada_Male/wav/kn_m_books_02505.wav	Kannada_Male	ನಾವು ಇಷ್ಟೊಂದು ನಂಬಿದವರು, ಮುಗ್ಧ ಜನರು ಎನ್ನುವವರು, ಹೀಗೂ ಇರುತ್ತಾರಲ್ಲ ಎಂದು!
/home/vijay/Desktop/All_Files/ALL_TTS/DIS_Vector_Embedding_Integration/Data/Kannada_Male/wav/kn_m_books_04220.wav	Kannada_Male	ಈಗ ಆಲ್ಜೀಮರ್ ರೋಗಕ್ಕೂ ಒಂದು ಪ್ರೋಟೀನ್ ಸ್ವರೂಪ ವೈಪರೀತ್ಯವೇ ಕಾರಣ ಎನ್ನುವ ಅನುಮಾನಕ್ಕೆ ಆಧಾರಗಳು ದೊರೆತಿವೆ.
/home/vijay/Desktop/All_Files/ALL_TTS/DIS_Vector_Embedding_Integration/Data/Kannada_Male/wav/kn_m_general_00243.wav	Kannada_Male	ಲಕ್ಷ್ಮೀಶನ ಜೈಮಿನಿ ಭಾರತ ಒಂದು ಅಧ್ಯಯನ (ಸಂಶೋಧನಾ ಮಹಾಪ್ರಬಂಧ)
/home/vijay/Desktop/All_Files/ALL_TTS/DIS_Vector_Embedding_Integration/Data/Kannada_Male/wav/kn_m_agri_00544.wav	Kannada_Male	ಹನಿ ನೀರಾವರಿ ಮತ್ತು ಮಲ್ಚಿಂಗ್ ಪೇಪರ್ ಬಳಸಿ ಬೆಳೆಗಳನ್ನು ಬೆಳೆಯುವ ಇವರು, ಸೋರೆಕಾಯಿ ಬೆಳೆ ಮುಗಿದ ನಂತರ ಅದೇ ಸಾಲುಗಳಲ್ಲಿ ಶ್ರೇಷ್ಠ ತಳಿಯ ಸಾವಿರ ಟೊಮೆಟೊ ನಾರನ್ನು ನಾಟಿ ಮಾಡಿದ್ದಾರೆ.
/home/vijay/Desktop/All_Files/ALL_TTS/DIS_Vector_Embedding_Integration/Data/Kannada_Male/wav/kn_m_finance_00252.wav	Kannada_Male	ಮಧ್ಯಂತರ ಬಜೆಟ್ ಮಂಡಿಸಿದ್ದ ಪಿಯೂಷ್ ಗೋಯೆಲ್ ಆದಾಯ ತೆರಿಗೆ ಸ್ಲ್ಯಾ‌ಬ್‌ನಲ್ಲಿ ಯಾವುದೇ ಬದಲಾವಣೆ ಮಾಡಿರಲಿಲ್ಲ.
/home/vijay/Desktop/All_Files/ALL_TTS/DIS_Vector_Embedding_Integration/Data/Kannada_Male/wav/kn_m_books_04802.wav	Kannada_Male	''ನಾನು ಒಳ್ಳೇದು ಹೇಳಿದ್ರೆ, ನನ್ನ ಸೊಡ್ಡೀಗೆ ಯಾಕಮ್ಮಾ ಬೆಂಕಿ? ಹಾಂಗಾದ್ರೆ, ಗಂಡನ ಹೆಸರು ಹೇಳ್ತಾರೇನು ಹೇಳಿ ಯಾರಾದರೂ?''
/home/vijay/Desktop/All_Files/ALL_TTS/DIS_Vector_Embedding_Integration/Data/Kannada_Male/wav/kn_m_books_03948.wav	Kannada_Male	ಬಿದ್ದ ಸದ್ದಿಗೆ ಪಕ್ಕದ ರೂಂನಿಂದ ಅಪ್ಪಅಮ್ಮ ಏನಾಯಿತೆಂದು ಬಂದು ನೋಡಿದಾಗ ಅಳುತ್ತಾ ಕುಳಿತಿದ್ದೆ.
/home/vijay/Desktop/All_Files/ALL_TTS/DIS_Vector_Embedding_Integration/Data/Kannada_Male/wav/kn_m_books_02028.wav	Kannada_Male	ಇಲ್ಲದಿದ್ದರೆ ಯಾರು ನಂಬಿಕೆ ಮತ್ತು ಶ್ರದ್ಧೆಯನ್ನು ಹೊಂದಿಲ್ಲವೊ ಅವರು ಸುಳ್ಳನ್ನು ಹೇಳದೆ ಇರುತ್ತಾರೇನು?
/home/vijay/Desktop/All_Files/ALL_TTS/DIS_Vector_Embedding_Integration/Data/Kannada_Male/wav/kn_m_health_02338.wav	Kannada_Male	ತಜ್ಞರು ಈ ಖನಿಜ ಲವಣಗಳು, ಕಬ್ಬಿಣ, ರಂಜಕ, ಮೆಗ್ನೀಷಿಯಂ, ಕ್ಯಾಲ್ಸಿಯಂ ಮತ್ತು ಪೊಟ್ಯಾಶಿಯಂ ಉತ್ತಮ ಮೂಲಗಳು ಎಂದು ಹೇಳುತ್ತಾರೆ.
/home/vijay/Desktop/All_Files/ALL_TTS/DIS_Vector_Embedding_Integration/Data/Kannada_Male/wav/kn_m_education_00944.wav	Kannada_Male	ಅಲ್ಲದೆ ಕುಂತಲ್ಲಿ, ನಿಂತಲ್ಲಿ, ಹೋಟೆಲ್, ಮಾಲ್, ಕಟಿಂಗ್ ಶಾಪ್, ಗೂಡಂಗಡಿ ಹೀಗೆ ಎಲ್ಲೆಂದರಲ್ಲಿ ಕಲಾಪದ ಬಗ್ಗೆ ಚರ್ಚೆ ನಡೆದಿದೆ.
/home/vijay/Desktop/All_Files/ALL_TTS/DIS_Vector_Embedding_Integration/Data/Kannada_Male/wav/kn_m_books_00497.wav	Kannada_Male	ಮನೆಯಲ್ಲೆಲ್ಲಾ ಅಪ್ಪ ಅಮ್ಮಗೆ ಕ್ಷೋಭೆಯನ್ನುಂಟು ಮಾಡಿದ್ದ ಭಾನುವಾರದ ನಮ್ಮ ರಜದ ದಿನ ಮುಗಿಯುತ್ತಿತ್ತು.
/home/vijay/Desktop/All_Files/ALL_TTS/DIS_Vector_Embedding_Integration/Data/Kannada_Male/wav/kn_m_other_02378.wav	Kannada_Male	ನೀವು ಪಾದಯಾತ್ರೆ ಮಾಡಲು ಯೋಜಿಸುವ ಅದೇ ಬೂಟುಗಳಲ್ಲಿ (ಅಥವಾ ಬೂಟುಗಳು ) ಫ್ಲಾಟ್ಫೂಟ್ ಸ್ಟ್ಯಾಂಡ್ ಮಾಡಿ.
/home/vijay/Desktop/All_Files/ALL_TTS/DIS_Vector_Embedding_Integration/Data/Kannada_Male/wav/kn_m_books_08784.wav	Kannada_Male	ಅವರ ವಿಚಾರ, ಚಿಂತನೆ ಎಲ್ಲವೂ ಸಮಾಜದ ಜಾಗೃತಿ ಮತ್ತು ಸಮಾಜದ ವಾಸ್ತವಿಕತೆ ಇವುಗಳನ್ನು ಆಧರಿಸಿ ಇದ್ದಂತಹವು.
/home/vijay/Desktop/All_Files/ALL_TTS/DIS_Vector_Embedding_Integration/Data/Kannada_Male/wav/kn_m_books_05744.wav	Kannada_Male	“ವಿಧಿ ವಿಳಾಸದಿಂದ ಅಂತಾದುದು; ಇಲ್ಲದಿದ್ದರೆ ಭೀಮಗದುವೆ ಪಾಡಾಗುತ್ತಿತ್ತು. ನಾನಲ್ಲಿಯೇ ನಿಂತು ನೋಡಿದೆನು ಅವರ ಗದಾಯುದ್ಧಮಂ ಕೌರವನು ಸೋತು ಸೋತವನಲ್ಲ; ಭೀಮಗೆದ್ದು ಗೆದ್ದವನಲ್ಲ” ಎನ್ನುತ್ತದೆ.
/home/vijay/Desktop/All_Files/ALL_TTS/DIS_Vector_Embedding_Integration/Data/Kannada_Male/wav/kn_m_books_02645.wav	Kannada_Male	ಅದರಲ್ಲಿ ಬಾರ್‌ವೆಲ್‌, ಜನರಲ್‌ ಕ್ಲಾವರಿಂಗ್‌, ಮಾನ್ಸನ್‌ ಮತ್ತು ಫ್ರಾನ್ಸಿಸ್‌ ಸದಸ್ಯರು.
/home/vijay/Desktop/All_Files/ALL_TTS/DIS_Vector_Embedding_Integration/Data/Kannada_Male/wav/kn_m_books_02300.wav	Kannada_Male	ಇನ್ನೊಬ್ಬ ಹಿತ್ತಲಿಗೆ ಹೋದ. ಇನ್ಸ್‌ಪೆಕ್ಟರ್ ಶಾರವ್ವನನ್ನು ಎತ್ತಿದಾಗ ಅವಳು ಎಚ್ಚರಾಗಿ ಮತ್ತೆ ಕಿರಿಚಿದಾಗ ದನಿ ಅಷ್ಟಾಗಿ ಹೊರಡಲಿಲ್ಲ.
/home/vijay/Desktop/All_Files/ALL_TTS/DIS_Vector_Embedding_Integration/Data/Kannada_Male/wav/kn_m_books_02953.wav	Kannada_Male	ಈ ನೆನಕೆಯಲ್ಲಿ ಪಾಂಡವರ ಬದುಕಿನಲ್ಲಿ ಕೌರವನಿಂದ ಒದಗಿದ ಪರಾಭವದ, ಅನ್ಯಾಯದ ಪ್ರಸಂಗಗಳೇ ಎದ್ದು ಬರುತ್ತವೆ.
/home/vijay/Desktop/All_Files/ALL_TTS/DIS_Vector_Embedding_Integration/Data/Kannada_Male/wav/kn_m_books_05380.wav	Kannada_Male	ಆದರೆ ಪಾಪ ಅನ್ನಿಸಿತು. ಅಯ್ಯೊ ಅಂದುಕೊಂಡೆ. ಸಧ್ಯ ಮೈಕೈ ಉಳುಕಲಿಲ್ಲ. ಬೆಳಿಗ್ಗೆ ಮುಂಚೆ ಎದ್ದು ಅಕ್ಕಿ ನೆನೆಸಿಟ್ಟೆ.
/home/vijay/Desktop/All_Files/ALL_TTS/DIS_Vector_Embedding_Integration/Data/Kannada_Male/wav/kn_m_books_08099.wav	Kannada_Male	ಅವರು ಈಜುತ್ತಿದ್ದುದು ನೀರನ್ನೇ ಹಾಸಿಗೆ ಮಾಡಿಕೊಂಡು ಮಲಗಿ ತೇಲುತ್ತಿದ್ದಂತೆ ಕಾಣುತ್ತಿತ್ತು.
/home/vijay/Desktop/All_Files/ALL_TTS/DIS_Vector_Embedding_Integration/Data/Kannada_Male/wav/kn_m_books_08624.wav	Kannada_Male	ಅತ್ತು ಅತ್ತು ಮನಸ್ಸು ಹಗುರವಾದ ಮೇಲೆ “ಆಯ್ತು ಈಗಲೇ ಜಾಗ ಖಾಲಿ ಮಾಡ್ತೀನಿರು” ಎಂದು ತೀರ್ಮಾನಿಸಿ ಎದ್ದ.
/home/vijay/Desktop/All_Files/ALL_TTS/DIS_Vector_Embedding_Integration/Data/Kannada_Male/wav/kn_m_education_00988.wav	Kannada_Male	ವೈದ್ಯಕೀಯ ಪರೀಕ್ಷೆ ವೇಳೆ ಬಾಲಕಿಯ ಗುಪ್ತಾಂಗಕ್ಕೆ ಗ್ಲಾಸ್ ನ ಚೂರುಗಳು ಚುಚ್ಚಿದ್ದು ಬೆಳಕಿಗೆ ಬಂದಿದೆ.
/home/vijay/Desktop/All_Files/ALL_TTS/DIS_Vector_Embedding_Integration/Data/Kannada_Male/wav/kn_m_books_04580.wav	Kannada_Male	ಆಲೂರು, ಆದವಾನಿ ತಾಲ್ಲೂಕುಗಳ ಕನ್ನಡ ಪ್ರಧಾನ ಫಿರ್ಕಾಗಳನ್ನು ಕರ್ನಾಟಕಕ್ಕೆ ಸೇರಿಸುವುದು ಯುಕ್ತವೆಂದು ಆಂಧ್ರದ ಕಮ್ಯುನಿಸ್ಟ್ ಸಂಘದ ಸಂಸದರು ಒಪ್ಪಿದ್ದರು.
/home/vijay/Desktop/All_Files/ALL_TTS/DIS_Vector_Embedding_Integration/Data/Kannada_Male/wav/kn_m_finance_02068.wav	Kannada_Male	ಮರದಿಂದ ಜೋಪಾನವಾಗಿ ಕೊಯ್ದು ಇಳಿಸಿದ ಮಿಡಿಗಳಷ್ಟೇ ದೀರ್ಘಾವಧಿ ಸ್ಟಾಕ್ ಮಾಡುವ ಉಪ್ಪಿನಕಾಯಿ ಹಾಕಲು ಸೂಕ್ತ.
/home/vijay/Desktop/All_Files/ALL_TTS/DIS_Vector_Embedding_Integration/Data/Kannada_Male/wav/kn_m_general_02334.wav	Kannada_Male	ಇಸ್ರೊ ಕಳುಹಿಸಿದ್ದ ಚಂದ್ರಯಾನ ಉಪಗ್ರಹ ಚಂದ್ರನ ಅಂಗಳದಲ್ಲಿ ನೀರಿನ ಕುರುಹನ್ನು ಮೊದಲ ಸಲ ಪತ್ತೆಹಚ್ಚಿತ್ತು.
/home/vijay/Desktop/All_Files/ALL_TTS/DIS_Vector_Embedding_Integration/Data/Kannada_Male/wav/kn_m_books_05880.wav	Kannada_Male	ನಿಮ್ಮನೇಲಿ ಮುಂದೇನೇನಾಯ್ತು ಕೊಂಚ ವಿವರವಾಗಿ ಬರೆಯೋಕೇನು ನಿನಗೆ ಧಾಡಿ. ನನ್ನ ಕಥೆ ಕವನ ಎರಡೂ ಪಬ್ಲಿಷ್ ಮಾಡಲಿಕ್ಕೆ ಕರಾಕೃ ತೆಗೆದುಕೊಂಡು ಹೋದರು.
/home/vijay/Desktop/All_Files/ALL_TTS/DIS_Vector_Embedding_Integration/Data/Kannada_Male/wav/kn_m_health_00304.wav	Kannada_Male	ಮೂರು ತಿಂಗಳಲ್ಲೇ ಕೀಲು ನೋವು ಕಡಿಮೆ ಆಗ್ಬೇಕಾ ಹಾಗಾದ್ರೆ ಈ ಅದ್ಭುತವಾದ ಔಷಧಿಗಳು ಬಳಸಿಕೊಳ್ಳಿ.
/home/vijay/Desktop/All_Files/ALL_TTS/DIS_Vector_Embedding_Integration/Data/Kannada_Male/wav/kn_m_health_00498.wav	Kannada_Male	ಅಲ್ಲಿನ ವೈದ್ಯರು ಡೆಂಗೆ ಜ್ವರ ಎಂದು ಶಂಕಿಸಿ ಹೆಚ್ಚಿನ ಚಿಕಿತ್ಸೆಗೆ ಬಳ್ಳಾರಿಯ ವಿಮ್ಸ ಆಸ್ಪತ್ರೆಗೆ ದಾಖಲಿಸಲು ಸೂಚಿಸಿದ್ದರು.
/home/vijay/Desktop/All_Files/ALL_TTS/DIS_Vector_Embedding_Integration/Data/Kannada_Male/wav/kn_m_books_05434.wav	Kannada_Male	''ಥೂ, ನಿನ್ನ ಸೊಡ್ಡಿಗೆ ಬೆಂಕಿಹಾಕ! .... ನಿನಗೇನು ಹುಚ್ಚುಗಿಚ್ಚು ಹಿಡಿಯಿತೇನೋ?'' ಎಂದಳು ಸಲಿಗೆಯಿಂದ ಸೀತೆ.
/home/vijay/Desktop/All_Files/ALL_TTS/DIS_Vector_Embedding_Integration/Data/Kannada_Male/wav/kn_m_books_08678.wav	Kannada_Male	ಇವುಗಳಲ್ಲಿ ೧೫,೦೦೦ಕ್ಕಿಂತಲೂ ಹೆಚ್ಚಿನ ಜಾತಿಗಳಿವೆ. ಗಾತ್ರದ ದೃಷ್ಟಿಯಿಂದ ಎಂಟನೆ ಒಂದು ಅಂಗುಲದಷ್ಟು ಕಿರಿಯ ಇರುವೆಯಿಂದ ಹಿಡಿದು ಒಂದು ಅಂಗುಲದಷ್ಟು ಉದ್ದದ ಇರುವೆಯೂ ಇದೆ.
/home/vijay/Desktop/All_Files/ALL_TTS/DIS_Vector_Embedding_Integration/Data/Kannada_Male/wav/kn_m_books_08530.wav	Kannada_Male	ಇದೇ ಪೌರುಷದ ಕೆಲಸ. ಮನ್ನಣೆಯ ದಾಹ ಈ ರೀತಿಯ ಪೌರುಷದ ಕೆಲಸಕ್ಕೆ ಒಂದು ಅಡ್ಡಿ ಎಂಬ ಅರಿವು ಬರಬೇಕು.
/home/vijay/Desktop/All_Files/ALL_TTS/DIS_Vector_Embedding_Integration/Data/Kannada_Male/wav/kn_m_books_04024.wav	Kannada_Male	ಕ್ರಿ. ಶ. 1017ರಲ್ಲಿ ಘಜ್ನಿ ಮಹಮ್ಮದನು ಕಾಶಿಯನ್ನು ಲೂಟಿ ಮಾಡಿ ಪಕ್ಕದಲ್ಲಿದ್ದ ಸಾರನಾಥಕ್ಕೂ ನಷ್ಟವನ್ನುಂಟು ಮಾಡಿದ್ದನು.
/home/vijay/Desktop/All_Files/ALL_TTS/DIS_Vector_Embedding_Integration/Data/Kannada_Male/wav/kn_m_weather_00495.wav	Kannada_Male	ಕಾಶ್ಮೀರದಲ್ಲಿ ಹಿಂಸಾಚಾರಕ್ಕೆ ಕುಮ್ಮಕ್ಕು ನೀಡಿದರೆ ಹಿಜ್ಬುಲ್ ಮುಜಾಹಿದೀನ್ ಮುಖ್ಯಸ್ಥ ಸಯ್ಯದ್ ಸಲಾಹುದ್ದೀನ್ಗೆ , ಬುರ್ಹಾನ್ ವಾನಿಯದ್ದೇ ಗತಿ ಬರಲಿದೆ ಎಂದು ಭಾರತೀಯ ಜನತಾ ಪಕ್ಷ ಎಚ್ಚರಿಕೆ ನೀಡಿದೆ.
/home/vijay/Desktop/All_Files/ALL_TTS/DIS_Vector_Embedding_Integration/Data/Kannada_Male/wav/kn_m_books_08432.wav	Kannada_Male	ನಿನಗೆ ಕಳಿಸಿದರೆ ಕಾಪಿ ಮಾಡಿಕೊಡ್ತೀಯಾ. ನಿನ್ನ ಕಾಗದ ಈಗ ತಾನೆ ದೊರೆತಿತು.
/home/vijay/Desktop/All_Files/ALL_TTS/DIS_Vector_Embedding_Integration/Data/Kannada_Male/wav/kn_m_books_04568.wav	Kannada_Male	ಅವನ ಕಾಲದಲ್ಲಿ ಕಾಶಿಯಲ್ಲಿದ್ದ ಎಲ್ಲ ಮಂದಿರಗಳು ಅವನ ದುಷ್ಕೃತ್ಯಕ್ಕೆ ಬಲಿಯಾಗಿ ಭಗ್ನಗೊಂಡವು.
/home/vijay/Desktop/All_Files/ALL_TTS/DIS_Vector_Embedding_Integration/Data/Kannada_Male/wav/kn_m_books_02567.wav	Kannada_Male	ಬೇರೆಯವರು ಆ ಕಲ್ಮಶದ ನೀರನ್ನು ಕುಡಿಯುವಂತೆ ಮಾಡುವ ಕಾರ್ಖಾನೆ ಸಿಬ್ಬಂದಿಗೆ ಅವರೂ ಕುಡಿಯುವಂತೆ ಮಾಡಲು ಜನಕ್ಕೂ ಹಕ್ಕಿದೆ ಎಂದು ನಾನು ನಂಬಿದ್ದೇನೆ.
/home/vijay/Desktop/All_Files/ALL_TTS/DIS_Vector_Embedding_Integration/Data/Kannada_Male/wav/kn_m_books_03654.wav	Kannada_Male	ಮುಂದೆ ಅಣ್ಣ ತೇಜಸ್ವಿ ಮೂಡಿಗೆರೆಯ ಹತ್ತಿರ ಕಾಫಿತೋಟ ಮಾಡಿದ ಮೇಲೆ ಕಾಫಿ ಹೂ ಅರಳುವ ಸಮಯದಲ್ಲಿ ಅವನ ಒತ್ತಾಯಕ್ಕೆ ಹೋಗಿ ನಾಲ್ಕೈದು ದಿನಗಳು ಇದ್ದು ಬರುತ್ತಿದ್ದರು.
/home/vijay/Desktop/All_Files/ALL_TTS/DIS_Vector_Embedding_Integration/Data/Kannada_Male/wav/kn_m_books_05842.wav	Kannada_Male	ಇದರೊಂದಿಗೆ ಜಿಹ್ವಾ ಚಾಪಲ್ಯದ ಬೇಡಿಕೆಯಲ್ಲಿ ಕಪ್ಪೆಗಳ ಸಂತತಿ ಅಳಿವಿನ ಅಂಚಿಗೆ ತಲುಪುವ ಭೀತಿ ಎದುರಿಸಿತ್ತು.
/home/vijay/Desktop/All_Files/ALL_TTS/DIS_Vector_Embedding_Integration/Data/Kannada_Male/wav/kn_m_books_00464.wav	Kannada_Male	ಹೋಗಿ ಫೋನ್ ಎತ್ತಿದೆ. “ಮೂಡಿಗೆರೆ ಒನ್ ಫೈವ್ ತ್ರಿ, ಲೈಟನಿಂಗ್ ಕಾಲ್ ಫ್ರಂಮ್ ಬ್ಯಾಂಗಲೂರ್’ ಎಂದು ಫೋನಿನಲ್ಲಿ ಒಂದು ದನಿ ಕಿರಲಿ ನನ್ನ ಫೋನನ್ನು ಬೆಂಗಳೂರಿಗೆ ಕನೆಕ್ಟ್ ಮಾಡಿತು.
/home/vijay/Desktop/All_Files/ALL_TTS/DIS_Vector_Embedding_Integration/Data/Kannada_Male/wav/kn_m_books_08857.wav	Kannada_Male	ಸಮಯ ಮತ್ತು ಶೂನ್ಯ ವಿಸ್ತಾರಕ್ಕೆ (ಟೈಂ ಆಂಡ್ ಸ್ಪೇಸ್) ಮಿತಿಯೇ ಇಲ್ಲವೆಂದು ನಾವು ನಂಬುತ್ತೇವೆ.
/home/vijay/Desktop/All_Files/ALL_TTS/DIS_Vector_Embedding_Integration/Data/Kannada_Male/wav/kn_m_other_00325.wav	Kannada_Male	ಆದರೆ ಎಲೆಕ್ಟ್ರಿಕ್ ಕಾರುಗಳ ಸೆಗ್ಮೆಂಟಿನಲ್ಲಿ ಹ್ಯುಂಡೈ ಕೋನಾ ಎಲೆಕ್ಟ್ರಿಕ್ ಹಾಗೂ ಬಿಡುಗಡೆಗೆ ಸಿದ್ಧವಿರುವ ಎಂ.ಝಡ್.ಎಸ್ ಕಾರುಗಳಿಗೆ ಪೈಪೋಟಿ ನೀಡಲಿದೆ.
/home/vijay/Desktop/All_Files/ALL_TTS/DIS_Vector_Embedding_Integration/Data/Kannada_Male/wav/kn_m_books_04869.wav	Kannada_Male	ನಾನು ತಾಳ ಹಾಕ್ತೀನಿ. ಉಮೇದು ಎಬ್ಬಿಸಿದ್ರು ಶಾಮಣ್ಣ. ಚೂರು ಕೈ ಹಾಗೆ ತಿರುಗಿಸೋದು, ಹೀಗೆ ತಿರುಗಿಸೋದು ಮಾಡಿದ್ರೆ ಆಯ್ತಪ್ಪ ಅಷ್ಟೆ.
/home/vijay/Desktop/All_Files/ALL_TTS/DIS_Vector_Embedding_Integration/Data/Kannada_Male/wav/kn_m_books_06048.wav	Kannada_Male	ಲಂಕೆಯ ಪುರಾತನ ರಾಜಧಾನಿ 'ಪೋಲನ್ನರುವಾ' ದಲ್ಲಿ ಚೋಳರ ಕಾಲದ ದೇಗುಲಗಳು ಇಂದಿಗೂ ಇವೆ.
/home/vijay/Desktop/All_Files/ALL_TTS/DIS_Vector_Embedding_Integration/Data/Kannada_Male/wav/kn_m_general_00420.wav	Kannada_Male	ಅವರ ಕರೆಗೆ ಓಗೊಟ್ಟು ಟ್ರಾಂಬೆಗೆ ಬಂದ ಅನೇಕ ತರುಣರು ಇಂದು ಭಾರತದ ಖ್ಯಾತ ವಿಜ್ಞಾನಿಗಳು.
/home/vijay/Desktop/All_Files/ALL_TTS/DIS_Vector_Embedding_Integration/Data/Kannada_Male/wav/kn_m_health_00284.wav	Kannada_Male	ಮೊಡವೆ, ಎಗ್ಜಿಮ , ಸೋರಿಯಾಸಿಸ್, ಅತಿ ಮೇದಸ್ರಾವ ಅಲರ್ಜಿ ವೈದ್ಯಕೀಯ ಸಲ್ಫರ್ ಚರ್ಮದ ರೋಗಗಳ ಚಿಕಿತ್ಸೆಗಾಗಿ ಮುಲಾಮು ಸಂಯೋಜಿಸಿತು.
/home/vijay/Desktop/All_Files/ALL_TTS/DIS_Vector_Embedding_Integration/Data/Kannada_Male/wav/kn_m_books_05505.wav	Kannada_Male	ಹರಿಜನರು, ಕೊರಚರು, ಕೊರಮರು ಹೀಗೇ ಕೋಟ್ಯಾಂತರ ಜನ ಹಿಂದುಗಳು ಇಂದು ಗೋಮಾಂಸ ತಿನ್ನುತ್ತಿದ್ದಾರೆ.
/home/vijay/Desktop/All_Files/ALL_TTS/DIS_Vector_Embedding_Integration/Data/Kannada_Male/wav/kn_m_health_00552.wav	Kannada_Male	ಹೀಗೆ ಮಾಡಿ ನೀವು ನಿಮ್ಮ ಡಯಟ್ ನಲ್ಲಿ ಉತ್ತಮ ಮಿನರಲ್ಸ್ ವಿಟಮಿನ್ ಯುಕ್ತ ಆಹಾರವನ್ನು ಸೇವಿಸಿ ಪರಿಷ್ಕೃತ ಆಹಾರವನ್ನು ಸಂಪೂರ್ಣ ತ್ಯಜಿಸಿ ನಿಮ್ಮ ದೈಹಿಕ ಆರೋಗ್ಯ ಕಾಪಾಡಿಕೊಳ್ಳಿ.
/home/vijay/Desktop/All_Files/ALL_TTS/DIS_Vector_Embedding_Integration/Data/Kannada_Male/wav/kn_m_agri_02034.wav	Kannada_Male	ಇನ್ನೋರ್ವ ಯುವ ರೈತ ರೋಶನ್ ಅಹಮದ್ ಅವರು ತಮ್ಮ ಹೊಲದಲ್ಲಿ ಬೆಳೆದ ಅಡಿಕೆ, ಮಾವು (ಶಕ್ಕರ್ ಗುಡ್ಲೆ)ಯನ್ನು ಮಾರಾಟಕ್ಕೆ ತಂದಿದ್ದಾರೆ.
/home/vijay/Desktop/All_Files/ALL_TTS/DIS_Vector_Embedding_Integration/Data/Kannada_Male/wav/kn_m_books_04684.wav	Kannada_Male	ತಾಳಿದವನು ಬಾಳಿಯಾನು ಗೊತ್ತೋ. ಎರಡನೆಯ ಲಹರಿ ಓದಿದೆಯಾ. ನನ್ನ ವಿಮರ್ಶೆ ಓದಿದೆಯಾ? ಈಗೆಲ್ಲ ಏನೋ ಒಂದು ಥರದ ವ್ಯಗ್ರತೆ(ಟೆನ್ಶನ್) ಇರುತ್ತದೆ ಕಣೆ.
/home/vijay/Desktop/All_Files/ALL_TTS/DIS_Vector_Embedding_Integration/Data/Kannada_Male/wav/kn_m_books_02002.wav	Kannada_Male	ಕಾಯುವ ಸಮಯ ಹೆಚ್ಚಾದಂತೆ ತಾಳ್ಮೆ ತಪ್ಪಿತು. ಇದ್ದಕ್ಕಿದ್ದಂತೆ ಕಾಂಪೌಂಡ್ ಮೇಲೆ ಕುಳಿತ ಹುಡುಗರೆಲ್ಲ ದಡದಡನೆ ಒಳಗೆ ಹಾರಿ ಕೈಗೆ ಸಿಕ್ಕಿದ ಹಣ್ಣುಗಳನ್ನು ಕಿತ್ತು ಕಾಂಪೌಂಡ್ ಹಾರಿ ಆಚೆ ಓಡಿದರು.
/home/vijay/Desktop/All_Files/ALL_TTS/DIS_Vector_Embedding_Integration/Data/Kannada_Male/wav/kn_m_agri_00735.wav	Kannada_Male	ಮನ್ಹೇಮ್ ಸ್ಟೀಮ್ ರೋಲರ್ ಈ ಕ್ರಿಸ್ಮಸ್ ಆಲ್ಬಂ ಅನ್ನು ಬಿಡುಗಡೆ ಮಾಡಿದರು, ಅದರ ಮೊದಲ ರಜೆ ಸಂಗ್ರಹ, ಮತ್ತು ಅದರ ನಿಜವಾದ ಗೂಡು ರೆಕಾರ್ಡಿಂಗ್ ಆಕ್ಟ್ ಎಂದು ಕಂಡುಕೊಂಡರು.
/home/vijay/Desktop/All_Files/ALL_TTS/DIS_Vector_Embedding_Integration/Data/Kannada_Male/wav/kn_m_books_08305.wav	Kannada_Male	ಅದನ್ನು ಹೊಡೆಯಲು ಎಲ್ಲರೂ ಅದರ ಹಿಂದೆ ಓಡುತ್ತಿದ್ದುದು ಓಟದ ಸ್ಪರ್ಧೆಯಂತೆ ಆಗಿತ್ತು.
/home/vijay/Desktop/All_Files/ALL_TTS/DIS_Vector_Embedding_Integration/Data/Kannada_Male/wav/kn_m_books_08578.wav	Kannada_Male	ಇದನ್ನೆಲ್ಲ ತಿದ್ದುವ ಬಗೆ ಹೇಗೆ? ಒಂದು ರೀತಿಯಿಂದ ನೋಡಿದರೆ ಪಾದ್ರಿಗಳ ಖಂಡನೆ ಎಷ್ಟು ಸತ್ಯವಾಗಿದೆ !
/home/vijay/Desktop/All_Files/ALL_TTS/DIS_Vector_Embedding_Integration/Data/Kannada_Male/wav/kn_m_books_04082.wav	Kannada_Male	ಜನರಲ್ ಬಡ್ಜೆಟ್‌ನಲ್ಲೇ ಈ ಬೋರ್ಡ್‌ನ ವೆಚ್ಚಾನೂ ಆಗ್ತಿದೆ. ಅದಕ್ಕೆ ಪ್ರತ್ಯೇಕ ಹಣ ಏನೂ ಇಟ್ಟಿಲ್ಲ.
/home/vijay/Desktop/All_Files/ALL_TTS/DIS_Vector_Embedding_Integration/Data/Kannada_Male/wav/kn_m_health_00053.wav	Kannada_Male	ಶ್ವಾಸಕೋಶದ ಕ್ಯಾ‌ನ್ಸರ್ಗೆ ಒಂದು ಉದಾಹರಣೆ ಪ್ಲಾಟಿನಾಲ್ (ಸಿಸ್‌ಪ್ಲಾಟಿನ್) ಮತ್ತು ನಾವೆಲ್ಬೈನ್ (ವಿನೋರೆಲ್ಬೈನ್) ಅನ್ನು ಸಣ್ಣಅಲ್ಲದ ಸೆಲ್ ಶ್ವಾಸಕೋಶದ ಕ್ಯಾನ್ಸರ್ಗೆ ಚಿಕಿತ್ಸೆ ನೀಡಲು ಬಳಸುತ್ತದೆ.
/home/vijay/Desktop/All_Files/ALL_TTS/DIS_Vector_Embedding_Integration/Data/Kannada_Male/wav/kn_m_books_03342.wav	Kannada_Male	ಪ್ರಾಸ್ಪೆರೊ ತನ್ನ ಮಗಳು ಮಿರಾಂಡಳನ್ನು ಫರ್ಡಿನೆಂಡ್‌ಗೆ ಕೊಟ್ಟು ಮದುವೆ ಮಾಡುವ ಸಂಗತಿಯನ್ನು ತಿಳಿಸುತ್ತಾನೆ.
/home/vijay/Desktop/All_Files/ALL_TTS/DIS_Vector_Embedding_Integration/Data/Kannada_Male/wav/kn_m_books_05099.wav	Kannada_Male	ಇದು ಐವತ್ತು ವರ್ಷಗಳ ಹಿಂದಿನ ಮಾತು. ದುರ್ಭಿಕ್ಷ ಕಾಲದಲ್ಲಿ ಅಧಿಕ ಮಾಸವೆಂಬಂತೆ ಎಂದರು ಅಪ್ಪ.
/home/vijay/Desktop/All_Files/ALL_TTS/DIS_Vector_Embedding_Integration/Data/Kannada_Male/wav/kn_m_books_04034.wav	Kannada_Male	ಏನಕ್ನೂ ಉತ್ಸಾಹವಿಲ್ಲ. ತೇಜಸ್ವಿ ಡಿ. ಸಿ. ಯವರ ಫೋನಿನ ವಿಚಾರ ಹೇಳಿದರು.
/home/vijay/Desktop/All_Files/ALL_TTS/DIS_Vector_Embedding_Integration/Data/Kannada_Male/wav/kn_m_books_05242.wav	Kannada_Male	ಕೊನೆಯದಾದ ಅಥರ್ವವೇದ ಪದ್ಯ -ಗದ್ಯ ಮಿಶ್ರಿತಕೃತಿ.
/home/vijay/Desktop/All_Files/ALL_TTS/DIS_Vector_Embedding_Integration/Data/Kannada_Male/wav/kn_m_books_05347.wav	Kannada_Male	ವಾಸ್ತವವಾಗಿ ಗಾಡಿಯೇನೊ ಹಿಂತಿರುಗಿ ಬೆಳಗ್ಗೆಯೆ ಬಂದಿತ್ತು. ''ಪುಟ್ಟನ್ನ ಕಳಿಸಿದರೆ ಸಾಕು ಜೊತೆಗೆ, ನಾನು ನಡಕೊಂಡೇ ಹೋಗ್ತೀನಿ'' ಎಂದಳು ಸೀತೆ.
/home/vijay/Desktop/All_Files/ALL_TTS/DIS_Vector_Embedding_Integration/Data/Kannada_Male/wav/kn_m_health_00094.wav	Kannada_Male	ಪ್ರಾವೀಣ್ಯ ಕಾರ್ಡಿಯೊ ವಾಸ್ಕ್ಯುಲರ್ ಥೊರಾಸಿಕ್ ಸರ್ಜರಿ ಮತ್ತು ನವಜಾತ ಶಿಶುಗಳಿಗೆ ತೆರೆದ ಹೃದಯ ಶಸ್ತ್ರಚಿಕಿತ್ಸೆ.
/home/vijay/Desktop/All_Files/ALL_TTS/DIS_Vector_Embedding_Integration/Data/Kannada_Male/wav/kn_m_books_05725.wav	Kannada_Male	ಶ್ರೀಮಾಟ್ರಸ್ಟ್, ಚಂಡೀಘರ, “ಶ್ರೀ ಶ್ರೀ ರಾಮಕೃಷ್ಣ ಕಥಾಮೃತ ಸೆಂಟಿನರಿ ಮೆಮೋರಿಯಲ್'' ಎಂಬ ಸ್ಮರಣ ಸಂಚಿಕೆಯನ್ನು ಆ ಸಂದರ್ಭದಲ್ಲಿ ಪ್ರಕಟಿಸಿತು.
/home/vijay/Desktop/All_Files/ALL_TTS/DIS_Vector_Embedding_Integration/Data/Kannada_Male/wav/kn_m_agri_00446.wav	Kannada_Male	ಎರೆ ಹುಳು ಹೇಗೆ ರೈತನ ಮಿತ್ರನಾಗಿ ಕೆಲಸ ಮಾಡುತ್ತವೆಯೋ ಹಾಗೆಯೇ ಜೇನು ಹುಳುಗಳು ಕೂಡ ರೈತನ ಆಪ್ತಮಿತ್ರ.
/home/vijay/Desktop/All_Files/ALL_TTS/DIS_Vector_Embedding_Integration/Data/Kannada_Male/wav/kn_m_health_00585.wav	Kannada_Male	ನಿಮ್ಮ ಮಧ್ಯಾಹ್ನದ ವ್ಯಾಯಾಮದ ಸಮಯದಲ್ಲಿ ಹಸಿವಿನ ನೋವು ಮತ್ತು ಆಯಾಸವನ್ನು ತಪ್ಪಿಸಲು, ಇದನ್ನು ಪ್ರಯತ್ನಿಸಿ.
/home/vijay/Desktop/All_Files/ALL_TTS/DIS_Vector_Embedding_Integration/Data/Kannada_Male/wav/kn_m_books_02454.wav	Kannada_Male	ಆತ ನೇಗಿಲಯೋಗಿ. ತಾನು ಮಾಡುವ ಕೆಲಸದಲ್ಲಿ ತನ್ಮಯತೆ, ಶ್ರದ್ಧೆ ಇದ್ದಾಗ ಸಾಮಾನ್ಯನೂ ಒಬ್ಬ ಯೋಗಿ ಆದಾನು.
/home/vijay/Desktop/All_Files/ALL_TTS/DIS_Vector_Embedding_Integration/Data/Kannada_Male/wav/kn_m_books_02754.wav	Kannada_Male	ಆದರೆ ಏನು ಬದಲಾವಣೆ ಅನ್ನೋದನ್ನು ತಾತ್ವಿಕವಾಗಿ ಪರ್ಯಾಲೋಚಿಸಿ, ವಿಶ್ಲೇಷಣೆ ಮಾಡೋದಿಕ್ಕೆ ಹೋದರೆ ತಗೊಳ್ತಾ ಇಲ್ಲ ಅವನು.
/home/vijay/Desktop/All_Files/ALL_TTS/DIS_Vector_Embedding_Integration/Data/Kannada_Male/wav/kn_m_general_02058.wav	Kannada_Male	ಇದಾದ ಕೆಲವೇ ಗಂಟೆಗಳಲ್ಲಿ ಆಗ್ರಾದ ಕಂಟೋನ್ಮೆಂಟ್ ರೈಲು ನಿಲ್ದಾಣದ ಬಳಿ ಅವಳಿ ಸ್ಫೋಟ ಸಂಭವಿಸಿದೆ.
/home/vijay/Desktop/All_Files/ALL_TTS/DIS_Vector_Embedding_Integration/Data/Kannada_Male/wav/kn_m_agri_02020.wav	Kannada_Male	ಹೂಕೋಸು ಫೋಲಿಕ್ ಆಮ್ಲವನ್ನು ಹೊಂದಿರುತ್ತದೆ, ಇದು ಮಹಿಳೆಯರ ಆರೋಗ್ಯಕ್ಕೆ ಮಾತ್ರವಲ್ಲ, ಹುಟ್ಟಲಿರುವ ಮಗುವಿಗೂ ಬಹಳ ಮುಖ್ಯವಾಗಿದೆ.
/home/vijay/Desktop/All_Files/ALL_TTS/DIS_Vector_Embedding_Integration/Data/Kannada_Male/wav/kn_m_books_02549.wav	Kannada_Male	ಬದ್ಧರಿಗೆ ಎಂದೋ ಬಂದ ನಿರ್ವೇಗ ಈ ಸಿದ್ಧನಿಗೆ ಈಗ ಬಂದಿತು ಎಂದರೆ ಇದುವರೆಗೂ ಅವನಿಗೆ ಇದ್ದ ಸಿದ್ಧಸ್ಥಿತಿಗೆ ಅರ್ಥವೇನು?
/home/vijay/Desktop/All_Files/ALL_TTS/DIS_Vector_Embedding_Integration/Data/Kannada_Male/wav/kn_m_books_09540.wav	Kannada_Male	ಭೂತಪ್ರೇತ ಪೂಜಕರು ಆ ಭೂತ ಪ್ರೇತಗಳ ಲೋಕವನ್ನೆ ಸೇರುತ್ತಾರೆ. ನನ್ನ ಪೂಜಕರು ನನ್ನಲ್ಲಿಗೆ ಬರುತ್ತಾರೆ.” ನಿಮಗೆ ಯಾರನ್ನು ಸೇರಲು ಇಷ್ಟವಿದೆ?
/home/vijay/Desktop/All_Files/ALL_TTS/DIS_Vector_Embedding_Integration/Data/Kannada_Male/wav/kn_m_weather_00372.wav	Kannada_Male	ಕ್ಯಾಕ್ಟಸ್ ಹಿಲ್ (ಸ್ಮಿತ್ಸೋನಿಯನ್ ಪದನಾಮ ) ವರ್ಜೀನಿಯಾದ ಸಸೆಕ್ಸ್ ಕೌಂಟಿಯ ನಾಟ್ವೇ ನದಿಯ ಕರಾವಳಿ ಪ್ರದೇಶದ ಸಮಾಧಿ ಬಹುಘಟಕ ಪುರಾತತ್ತ್ವ ಶಾಸ್ತ್ರದ ಸ್ಥಳವಾಗಿದೆ
/home/vijay/Desktop/All_Files/ALL_TTS/DIS_Vector_Embedding_Integration/Data/Kannada_Male/wav/kn_m_books_05035.wav	Kannada_Male	“ಇಗ್ನಿಶನ್ ಟೈಮಿಂಗ್ ತೊಂದರೆಯಿಂದ ಇದೆಲ್ಲ ಪಜೀತಿ" ಆಯ್ತೆಂದರು. ಇಲ್ಲಿಂದ ಮುಂದೆ ಇವರೇ ರಿಪೇರಿ ಮಾಡುತ್ತಿದ್ದರು.
/home/vijay/Desktop/All_Files/ALL_TTS/DIS_Vector_Embedding_Integration/Data/Kannada_Male/wav/kn_m_other_00548.wav	Kannada_Male	ಇಲ್ಲಿ ಸಣ್ಣೇರು, ಬಾಲ್ನೇರು, ಕಲ್ಡೇರು, ಸೋಮ್ನೇರು, ಕೆಂಗುರಿ, ಎಗಡಿನೋರು, ಮಾರನಾರ ಕುಲದ ಗೊಲ್ಲರು ನೆಲೆಸಿದ್ದಾರೆ.
/home/vijay/Desktop/All_Files/ALL_TTS/DIS_Vector_Embedding_Integration/Data/Kannada_Male/wav/kn_m_weather_00480.wav	Kannada_Male	ನಮ್ಮ ಪಂಪ್ಸೆಟ್‌ನ್ಯಾ‌ಗ ಇನ್ನೂ ಗದ್ದೆ ಹಚ್ಚಾವು. ನದಿ ನೀರು ಕಡಿಮೆ ಆದ ಮೇಲೆ ಪಂಪ್ಸೆಟ್ ಜೋಡಿಸಿ ಭತ್ತದ ಗದ್ದೆಗಳಿಗೆ ನೀರು ಹರಿಸಬೇಕು ಎಂದು ಗೌಡರು ಹೇಳಿದರು.
/home/vijay/Desktop/All_Files/ALL_TTS/DIS_Vector_Embedding_Integration/Data/Kannada_Male/wav/kn_m_agri_00358.wav	Kannada_Male	ತೋಟಗಾರಿಕೆ ಅಧಿಕಾರಿ ಕುಮಾರಿ ಶ್ವೇತ ಎಮ್ ಕರ್ಕಿ ಅವರು ಲಾಭದಾಯಕ ಕೃಷಿಯ ಬಗ್ಗೆ ಮಾಹಿತಿ ನೀಡಿದರು.
/home/vijay/Desktop/All_Files/ALL_TTS/DIS_Vector_Embedding_Integration/Data/Kannada_Male/wav/kn_m_weather_00557.wav	Kannada_Male	ಇದು ಈ ಬಾರಿ ಕ್ರೌನ್ ಪ್ಲಾಸಾ ರೆಸ್ಟೊರೆಂಟ್‌ನ ಕ್ರಿಸ್ಮಸ್ ವಿಶೇಷ ಖಾದ್ಯದ ಟೇಬಲ್ ವಿನ್ಯಾಸ.
/home/vijay/Desktop/All_Files/ALL_TTS/DIS_Vector_Embedding_Integration/Data/Kannada_Male/wav/kn_m_general_02089.wav	Kannada_Male	ಬ್ರಿಟನಿನಲ್ಲಿ ಇಂಡಿಪೆಂಡೆಂಟ್ ಪಕ್ಷ ಮೂರೂ ಪ್ರಮುಖ ಪಕ್ಷಗಳನ್ನು ಹಿಂದೆ ಹಾಕಿ ಮೊದಲ ಬಾರಿಗೆ ಅತಿದೊಡ್ಡ ಪಕ್ಷವಾಗಿದೆ.
/home/vijay/Desktop/All_Files/ALL_TTS/DIS_Vector_Embedding_Integration/Data/Kannada_Male/wav/kn_m_books_03445.wav	Kannada_Male	ಸ್ವಾಮೀಜಿ: ಸಹಜ ! ರೂಢಿಯ ಜಾಡಿನಲ್ಲೇ ಹೋಗುವವರು ಮತ್ತೇನು ತಿಳಿಯಬೇಕು?
/home/vijay/Desktop/All_Files/ALL_TTS/DIS_Vector_Embedding_Integration/Data/Kannada_Male/wav/kn_m_finance_00568.wav	Kannada_Male	ನೋಟು ರದ್ದತಿ ಸಂದರ್ಭದಲ್ಲಿ ಹಗಲಿರುಳು ಕಾರ್ಯ ನಿರ್ವಹಿಸಿದ ಬ್ಯಾಂಕ್ ಸಿಬ್ಬಂದಿ ಪಾಲಿಗೆ ಕರಾಳ ಎನಿಸುವ ಆದೇಶವನ್ನು ಭಾರತದ ಅತಿದೊಡ್ಡ ಬ್ಯಾಂಕ್ ಎನಿಸಿದ ಭಾರತೀಯ ಸ್ಟೇಟ್  ಬ್ಯಾಂಕ್ ಹೊರಡಿಸಿದೆ.
/home/vijay/Desktop/All_Files/ALL_TTS/DIS_Vector_Embedding_Integration/Data/Kannada_Male/wav/kn_m_books_08734.wav	Kannada_Male	ಯಾರೂ ನನ್ನ ತಂಟೆಗೆ ಬರಬಾರದು ಎಂದು. ಈಗ ಏನು ಮಾಡುವಳು ಇವಳು? ಹೆಡ್‌ಮೇಡಂ ಹತ್ತಿರ ಹೇಳಲು ಅವಳಿಗೆ ಇಟ್ಟಿರುವುದು ಯಾರು ಎಂದು ಹೇಗೆ ಗೊತ್ತು?
/home/vijay/Desktop/All_Files/ALL_TTS/DIS_Vector_Embedding_Integration/Data/Kannada_Male/wav/kn_m_finance_00455.wav	Kannada_Male	ವರ್ಷದ ಆರಂಭದಲ್ಲೇ ಹಾಲಿನ ಬೆಲೆ ಲೀಟರ್ಗೆ ಮೂರು ರೂಪಾಯಿಯಷ್ಟು ಏರಿ, ಕುಟುಂಬದ ಆದಾಯ ವೆಚ್ಚದ ತಕ್ಕಡಿ ಸಮತೋಲನ ತಪ್ಪಿತ್ತು.
/home/vijay/Desktop/All_Files/ALL_TTS/DIS_Vector_Embedding_Integration/Data/Kannada_Male/wav/kn_m_books_06485.wav	Kannada_Male	ಈ ದೃಷ್ಟಿಯಲ್ಲಿ ದೇಶಗಳ ಮೌಲ್ಯಮಾಪನ ಮಾಡಿದಾಗ ಮುಂಚೂಣಿಯಲ್ಲಿ ಕಂಡುಬಂದ ದೇಶಗಳು ಅಯರ್ಲೇಂಡ್, ಫಿನ್‌ಲ್ಯಾಂಡ್, ಸ್ವಿಜರ್ಲೇಂಡ್, ನೆದರ್ಲೇಂಡ್, ನ್ಯೂಜಿಲ್ಯಾಂಡ್, ಸ್ವೀಡನ್ ಮತ್ತು ಬ್ರಿಟನ್.
/home/vijay/Desktop/All_Files/ALL_TTS/DIS_Vector_Embedding_Integration/Data/Kannada_Male/wav/kn_m_finance_00059.wav	Kannada_Male	ಅಧಿಕ ಬೋನಸ್ "ಸವಕಳಿ ಮರುಪಾವತಿ ಇಲ್ಲ ಏಕೆಂದರೆ ಮಾರಾಟ ಅಥವಾ ವಿನಿಮಯ ಇಲ್ಲ" ಎಂದು ಸಿ.ಬಿ.ಜೆಡ್ ರಾಷ್ಟ್ರೀಯ ತೆರಿಗೆ ಕಚೇರಿಯ ನಿರ್ದೇಶಕ ಫಿಲ್ ಝಮಾನ್ ಹೇಳುತ್ತಾರೆ.
/home/vijay/Desktop/All_Files/ALL_TTS/DIS_Vector_Embedding_Integration/Data/Kannada_Male/wav/kn_m_general_00527.wav	Kannada_Male	ಮಾರ್ಗ ಮಧ್ಯೆ ಅಸ್ನೋಟಿ ಎಂಬಲ್ಲಿ ಎಂಜಿನ್ ನಲ್ಲಿ ತಾಂತ್ರಿಕ ದೋಷದಿಂದಾಗಿ ರೈಲು ತನ್ನ ಪ್ರಯಾಣವನ್ನು ನಿಲ್ಲಿಸಿತು
/home/vijay/Desktop/All_Files/ALL_TTS/DIS_Vector_Embedding_Integration/Data/Kannada_Male/wav/kn_m_books_08388.wav	Kannada_Male	ಈಗೆಲ್ಲಾರೂ ಹೋಗ್ಯಾರೋ ಏನೋ'' ಎಂದನು. ''ನೀನೆಲ್ಲಿಗೆ ಹೊರಟೆ?'' ''ಹೊಂಡಾ ತೊಣಕಕ್ಕೆ'' ಎಂದು ಬೈರ ರಾಗವಾಗಿ ಹೇಳಿ, ತನ್ನ ಕೈಲಿದ್ದ ಹಾಳೆಕೊಟ್ಟೆಯ ಕಡೆಗೆ ನೋಡಿದನು.
/home/vijay/Desktop/All_Files/ALL_TTS/DIS_Vector_Embedding_Integration/Data/Kannada_Male/wav/kn_m_books_05807.wav	Kannada_Male	ಗೆಳೆಯ ರಘು ಇವರೂ ಒಮ್ಮೆ ದೊಡ್ಡ ಚಿರತೆಯನ್ನೂ ನೋಡಿದ್ದರಂತೆ ಇಲ್ಲಿ.
/home/vijay/Desktop/All_Files/ALL_TTS/DIS_Vector_Embedding_Integration/Data/Kannada_Male/wav/kn_m_other_00247.wav	Kannada_Male	'ಪಬ್ಜಿ ಮೊಬೈಲ್ ' ಆವೃತ್ತಿ ಅಪ್ಡೇಟ್ ಬಿಡುಗಡೆ ಕುರಿತು ಪಬ್ಜಿ ಸೂಚನೆ ನೀಡಿದಂತೆಯೇ, ಸೋಮವಾರ ಮಧ್ಯಾಹ್ನದ ವೇಳೆಗೆ ಪಬ್ಜಿ ಗೇಮ್ ನೂತನ ಅಪ್ಡೇಟ್ ಪಡೆದಿದೆ.
/home/vijay/Desktop/All_Files/ALL_TTS/DIS_Vector_Embedding_Integration/Data/Kannada_Male/wav/kn_m_weather_00290.wav	Kannada_Male	ಈ ಸ್ಮಾರಕಗಳ ಸಂಪೂರ್ಣ ಜವಾಬ್ದಾರಿ ಹೊತ್ತಿರುವ ಷೇಕ್ಸ್ಪಿಯರ್ ಜನ್ಮಸ್ಥಳ ಟ್ರಸ್ಟ್‌ನವರು ಅತ್ಯಂತ ಶ್ಲಾಘನೀಯ ಕೆಲಸ ಮಾಡಿದ್ದಾರೆ.
/home/vijay/Desktop/All_Files/ALL_TTS/DIS_Vector_Embedding_Integration/Data/Kannada_Male/wav/kn_m_health_02343.wav	Kannada_Male	ನಿಮ್ಮ ಮೂಗು ಕಟ್ಟಿದಾಗ, ಫ್ಲೂ ಬಂದಾಗ, ಇತರ ರೋಗಗಳಿಂದ ಬಳಲಿದಾಗ, ನೀಲಗಿರಿ ಎಣ್ಣೆ ನಿಮ್ಮ ಉತ್ತಮ ಮಿತ್ರ.
/home/vijay/Desktop/All_Files/ALL_TTS/DIS_Vector_Embedding_Integration/Data/Kannada_Male/wav/kn_m_books_02593.wav	Kannada_Male	ಆದರೆ ನಮಗೆ ಯಾವ ಶಬ್ದವೂ ಕೇಳಿಸಲಿಲ್ಲ, ಯಾವ ಪ್ರಾಣಿಯೂ ಕಾಣಿಸಲಿಲ್ಲ.
/home/vijay/Desktop/All_Files/ALL_TTS/DIS_Vector_Embedding_Integration/Data/Kannada_Male/wav/kn_m_books_04438.wav	Kannada_Male	ಪ್ರತಿದಿನ ಸಂಜೆಯ ಹೊತ್ತು ತೇಜಸ್ವಿ ಮತ್ತು ನಾನು ಪ್ರೆಸ್ಸಿಗೆ ಹೋಗಿ ಪ್ರೂಫ್ ನೋಡಿ ತಿದ್ದಿ ಬರುತ್ತಿದ್ದುದು ಸ್ಪಷ್ಟ ನೆನಪು ಬರುತ್ತೆ.
/home/vijay/Desktop/All_Files/ALL_TTS/DIS_Vector_Embedding_Integration/Data/Kannada_Male/wav/kn_m_books_06825.wav	Kannada_Male	ಕಳ್ಳ ಸಾಗಾಣಿಕೆ ಕುರಿತಂತೆ ಅರಣ್ಯ ಇಲಾಖೆಗೂ ಸಮನ್ವಯದ ಕೊರತೆ ಇದೆ ಎಂದು ಬಿ. ಎಲ್. ಶಂಕರ್ ಹೇಳಿದ್ದಾರೆ.
/home/vijay/Desktop/All_Files/ALL_TTS/DIS_Vector_Embedding_Integration/Data/Kannada_Male/wav/kn_m_books_04597.wav	Kannada_Male	''ತಿಮ್ಮ ಇದ್ದಾನೇನೊ?'' ''ಯಾವ ತಿಮ್ಮ, ಸ್ವಾಮಿ?'' ''ಬಗನೀ ಕಟ್ಟೋ ಹಳೇಪೈಕದ ತಿಮ್ಮನೋ?'' ಬಗನಿಯ ಹೆಸರು ಕೇಳಿದ ಕೂಡಲೆ ಬೈರನ ನಾಡಿಗಳಲ್ಲಿ ನೆತ್ತರು ಫಕ್ಕನೆ ತಣ್ಣಗಾಗಿ ಮತ್ತೆ ಬಿಸಿಯಾಯಿತು.
/home/vijay/Desktop/All_Files/ALL_TTS/DIS_Vector_Embedding_Integration/Data/Kannada_Male/wav/kn_m_books_02585.wav	Kannada_Male	ರಾಮಕೃಷ್ಣರ ಮುಂದೆ, ನಿಂತಭಂಗಿಯ ಗಣೇಶ ಬಿದ್ದ, ಕೆರೆಗಲ್ಲ; ಕೆಳಗಡೆ ಮಣೆಯ ಮೇಲೆ ಇದ್ದ ಆದಿಶೇಷನ ಹೆಡೆಯ ಮೇಲೆ.
/home/vijay/Desktop/All_Files/ALL_TTS/DIS_Vector_Embedding_Integration/Data/Kannada_Male/wav/kn_m_finance_00483.wav	Kannada_Male	ಗೆಳೆಯ ಲಂಡನ್ನಿಂದ ಹಣ ಕಳಿಸಿದ್ದಾನೆ ಎಂದು ನಂಬಿ ಸಾಲ ಮಾಡಿ, ಚಿನ್ನಾಭರಣ ಅಡವಿಟ್ಟು ಲಕ್ಷ ರೂಪಾಯಿಯನ್ನು ತುಂಬಿದ್ದಾರೆ.
/home/vijay/Desktop/All_Files/ALL_TTS/DIS_Vector_Embedding_Integration/Data/Kannada_Male/wav/kn_m_books_02985.wav	Kannada_Male	ಹೀಗಾಗಿ ಆರನೆಯ ಅಂಕದಲ್ಲಿ ದುಷ್ಯಂತ ಅಷ್ಟು ತೀವ್ರ ಸಂವೇದನೆ ತೋರುತ್ತಾನೆ.
/home/vijay/Desktop/All_Files/ALL_TTS/DIS_Vector_Embedding_Integration/Data/Kannada_Male/wav/kn_m_other_00549.wav	Kannada_Male	ಸರ್ಕಾರದ ಪರ ಅಡ್ವೋಕೇಟ್ ಜನರಲ್ ಉದಯ್ ಹೊಳ್ಳ, ಸ್ಪೀಕರ್ ಪರ ಹಿರಿಯ ವಕೀಲ ಅಭಿಷೇಕ್ ಮನು ಸಿಂಘ್ವಿ ಹಾಗೂ ಅತೃಪ್ತರ ಪರ ಹಿರಿಯ ವಕೀಲ ಮುಖುಲ್ ರೋಹ್ಟಗಿ ವಾದ ಮಂಡಿಸಿದ್ರು.
/home/vijay/Desktop/All_Files/ALL_TTS/DIS_Vector_Embedding_Integration/Data/Kannada_Male/wav/kn_m_general_00382.wav	Kannada_Male	ಅರಬ್ ರಾಷ್ಟ್ರಗಳಿಂದ ರಫ್ತಾಗುವ ಈ ಅಕ್ರಮ ಸಿಗರೇಟು ಮಂಗಳೂರು ಅಂತಾರಾಷ್ಟ್ರೀಯ ವಿಮಾನ ನಿಲ್ದಾಣದ ಮೂಲಕ ಮಂಗಳೂರಿಗೆ ಬಂದರೂ ಅದು ನೇರವಾಗಿ ಹೋಗುವುದು ನೆರೆಯ ಕೇರಳ ರಾಜ್ಯಕ್ಕೆ.
/home/vijay/Desktop/All_Files/ALL_TTS/DIS_Vector_Embedding_Integration/Data/Kannada_Male/wav/kn_m_agri_00200.wav	Kannada_Male	ಹಾಗೆಯೇ ಮು೦ದೆ ಸಾಗಿದ೦ತೆ ಹಿಮದ ಹಾಸಿನ ಮೇಲೆ ಬೆಟ್ಟದ ಕುರಿಗಳು ಮೇಯುತ್ತಿರುವ ದೃಶ್ಯವಂತೂ, ಮುತ್ತುಗಳನ್ನು ಜೋಡಿಸಿಟ್ಟಂತೆ ಕಾಣುತ್ತಿತ್ತು.
/home/vijay/Desktop/All_Files/ALL_TTS/DIS_Vector_Embedding_Integration/Data/Kannada_Male/wav/kn_m_books_08680.wav	Kannada_Male	"ನಿನ್ನನ್ನ ಕಳಕೊಂಡಾಗ ನನಗೆಷ್ಟು ನಿರಾಸೆ ಆಗಿತ್ತು ಮಾರಾಯ್ಳಽ, ಸಧ್ಯ ಬದುಕಿದ್ದೀ ನೋಡು : ನನ್ನ ಪುಣ್ಯ!”
/home/vijay/Desktop/All_Files/ALL_TTS/DIS_Vector_Embedding_Integration/Data/Kannada_Male/wav/kn_m_books_08047.wav	Kannada_Male	ತೇಜಸ್ವಿ, ನಾನು ಮತ್ತು ಮಕ್ಕಳು ಮೈಸೂರಿಗೆ ಹೊರಟೆವು. ಅಜ್ಜಯ್ಯನ ಆರೈಕೆ ಹಾರೈಕೆ ಎರಡೂ ಇತ್ತು ಅಲ್ಲಿ.
/home/vijay/Desktop/All_Files/ALL_TTS/DIS_Vector_Embedding_Integration/Data/Kannada_Male/wav/kn_m_books_09945.wav	Kannada_Male	ವಿಷಯ ತಿಳಿದು ನಾನೇನಾದರೂ ಹಕ್ಕಿಗಳಿಗೆ ತೊಂದರೆ ಮಾಡಿದರೆ ಎಂಬುದು ಅವರ ಆತಂಕ.
/home/vijay/Desktop/All_Files/ALL_TTS/DIS_Vector_Embedding_Integration/Data/Kannada_Male/wav/kn_m_health_00704.wav	Kannada_Male	ಆ ಸಮಯದಲ್ಲಿ ನರ್ಸ್ ಮತ್ತು ಮ್ಯಾಕ್ಸ್ಮಿಲನ್ ನೆಬುಯೂರ್ ಒಟ್ಟಿಗೆ ಸೇರಿ ಮಗುವಿಗೆ ಸ್ತನಪಾನ ಮಾಡಲು ಒಂದು ಹೊಸ ವಿಧಾನವನ್ನು ಕಂಡು ಹಿಡಿದರು.
/home/vijay/Desktop/All_Files/ALL_TTS/DIS_Vector_Embedding_Integration/Data/Kannada_Male/wav/kn_m_books_02900.wav	Kannada_Male	ರಾಜಕುಮಾರ ಫರ್ಡಿನೆಂಡ್‌ ನನ್ನು ಏರಿಯಲ್‌ ಮೂಲಕ ತನ್ನ ಬಳಿಗೆ ಕರೆಸಿ ಕೊಂಡಿದ್ದಾನೆ.
/home/vijay/Desktop/All_Files/ALL_TTS/DIS_Vector_Embedding_Integration/Data/Kannada_Male/wav/kn_m_books_03204.wav	Kannada_Male	ಹತ್ರ ಹೋಗಿ ಡಿ. ಸಿ. ಗಿ ಫೋನ್ ಮಾಡಿಸಿದೆ. ಆವಾಗ ನಿಮ್ಮ ಬಿಡುಗಡೆ ಆಯ್ತು ಬೇಕಾದರ ನೀವ ಡಿ. ಸಿ. ಗಿ ಫೋನ್ ಮಾಡಿ ಕೇಳ್ರಿ” ಅಂದ ಕುಂಟಿರಪ.
/home/vijay/Desktop/All_Files/ALL_TTS/DIS_Vector_Embedding_Integration/Data/Kannada_Male/wav/kn_m_books_03547.wav	Kannada_Male	ಕಾರಂತರು ಮತ್ತೊಮ್ಮೆ ನಮ್ಮ ಮನೆಗೆ ಬಂದಿದ್ದು ಮೈಸೂರಿನಲ್ಲಿ ವಿಶ್ವಕನ್ನಡ ಸಮ್ಮೇಳನ ನಡೆದಾಗ.
/home/vijay/Desktop/All_Files/ALL_TTS/DIS_Vector_Embedding_Integration/Data/Kannada_Male/wav/kn_m_books_06348.wav	Kannada_Male	ಏಜಾಕ್ಸ್ ತನ್ನ ಒಡ್ಯಾಣವನ್ನೂ ಹೆಕ್ತೋರ್ ತನ್ನ ಕತ್ತಿ ಯನ್ನೂ ಕೊಡುತ್ತಾರೆ.
/home/vijay/Desktop/All_Files/ALL_TTS/DIS_Vector_Embedding_Integration/Data/Kannada_Male/wav/kn_m_health_00598.wav	Kannada_Male	ಖರ್ಜೂರದಲ್ಲಿ ಇರುವಂತಹ ನಾರಿನಾಂಶವು ಕೊಲೆಸ್ಟ್ರಾಲ್ ನ್ನು ತಗ್ಗಿಸುವುದು ಮತ್ತು ಹೃದಯದ ರಕ್ಷಣೆ ಮಾಡುವಲ್ಲಿ ಇದು ಪ್ರಮುಖ ಪಾತ್ರ ವಹಿಸುವುದು.
/home/vijay/Desktop/All_Files/ALL_TTS/DIS_Vector_Embedding_Integration/Data/Kannada_Male/wav/kn_m_other_00888.wav	Kannada_Male	ಸರ ಸರನೆ ಅತ್ತಿಂದ ಇತ್ತಿಂದ ವೈರಲ್ ಆಗಿ, ಇಡೀ ಜಗತ್ತಿಗೆ ಕ್ಷಣ ಮಾತ್ರದಲ್ಲಿ ಹರಡ್ತಾ ಇವೆ.
/home/vijay/Desktop/All_Files/ALL_TTS/DIS_Vector_Embedding_Integration/Data/Kannada_Male/wav/kn_m_books_07865.wav	Kannada_Male	ವಿಮರ್ಶಿಸಲು ಎಲ್ಲರಿಗೂ ಸ್ವಾತಂತ್ರ್ಯ ಇದೆಯಲ್ಲಾ' ಎಂದರು.
/home/vijay/Desktop/All_Files/ALL_TTS/DIS_Vector_Embedding_Integration/Data/Kannada_Male/wav/kn_m_books_08645.wav	Kannada_Male	ಬಿದ್ದ ಎಲೆಗಳ ಮೇಲೆ ಯಾರೋ ನಡೆದಾಡಿದ ಸದ್ದು. ಕಳ್ಳ ಬಂದನೇನೋ ಎನ್ನಿಸುತ್ತದೆ. ಇದ್ದಕ್ಕಿದ್ದಂತೆ ಯಾರೋ ದಡದಡ ಓಡಿದ ಸದ್ದು.
/home/vijay/Desktop/All_Files/ALL_TTS/DIS_Vector_Embedding_Integration/Data/Kannada_Male/wav/kn_m_weather_02020.wav	Kannada_Male	ಲಿನ್ ಷೌಕುನ್ ಮಾತನಾಡಿ, ಬಾಲಕಿ ಹಲವು ಬಾರಿ ಒಂದರ ನಂತರ ಒಂದು ಮ್ಯಾಗ್ನೆಟಿಕ್ ಬಾಲ್ ನುಂಗಿದ್ದಾಳೆ.
/home/vijay/Desktop/All_Files/ALL_TTS/DIS_Vector_Embedding_Integration/Data/Kannada_Male/wav/kn_m_books_00548.wav	Kannada_Male	ಹಾಲಿನಂತಹ ಸಂಸಾರಗಳ ವಿಭಜನೆ; ಸಂಘ, ಸಂಸ್ಥೆ ರಾಷ್ಟ್ರಗಳ ಛಿದ್ರತೆಗಳು, ಆ ಕೃತ್ಯಗಳನ್ನು ಎಸಗು ವವರ ಮನ್ನಣೆಯ ದಾಹದ ಪರಿಣಾಮ.
/home/vijay/Desktop/All_Files/ALL_TTS/DIS_Vector_Embedding_Integration/Data/Kannada_Male/wav/kn_m_books_07025.wav	Kannada_Male	3. ನಿಶ್ಚಲವಾಗಿ ಕುಳಿತು (ಉಸಿರು ಸ್ವೀಕರಿಸದೇ) ಆದಷ್ಟು ಹೆಚ್ಚು ಸಮಯ ಉಸಿರನ್ನು ಹಿಡಿದಿಡಿ (ಚಿತ್ರ 96).
/home/vijay/Desktop/All_Files/ALL_TTS/DIS_Vector_Embedding_Integration/Data/Kannada_Male/wav/kn_m_books_05559.wav	Kannada_Male	ರಾಮ ಭರತ ಸಮಾಗಮದ ಫಲವನ್ನು ಡಿ. ವಿ. ಜಿ. ಹೀಗೆ ವರ್ಣಿಸುತ್ತಾರೆ:
/home/vijay/Desktop/All_Files/ALL_TTS/DIS_Vector_Embedding_Integration/Data/Kannada_Male/wav/kn_m_health_00575.wav	Kannada_Male	ತಾಯಿ ಅಥವಾ ತಂದೆಗಾಗಿ ವಯಸ್ಕ ಕಿರು ಟ್ರ್ಯಾಂಪೊಲೈನ್ ಪಕ್ಕದಲ್ಲಿ ಇರಿಸಿ, ಮತ್ತು ನೀವು ಕುಟುಂಬ ವ್ಯಾಯಾಮದ ಸೆಷನ್ ಅನ್ನು ಹೊಂದಬಹುದು.
/home/vijay/Desktop/All_Files/ALL_TTS/DIS_Vector_Embedding_Integration/Data/Kannada_Male/wav/kn_m_books_02075.wav	Kannada_Male	ಅದಕ್ಕೇ ‘ಯಾ ದೇವಿ ಸರ್ವಭೂತೇಷು ಶಕ್ತಿರೂಪೇಣ ಸಂಸ್ಥಿತಾ’ ಎಂದು ಹೇಳುವುದು.
/home/vijay/Desktop/All_Files/ALL_TTS/DIS_Vector_Embedding_Integration/Data/Kannada_Male/wav/kn_m_books_08594.wav	Kannada_Male	ಆದ್ದರಿಂದ ಅವ್ಯವಸ್ಥೆಯೇ ಇರಲಿ! ಲೆಕ್ಕ ಕೊಡಬೇಕಾದ ಹೆಚ್ಚಿನ ಲಾಭಕ್ಕಿಂತ ಲೆಕ್ಕಕ್ಕೆ ಸಿಗದ ಕನಿಷ್ಠ ಲಾಭದ ಕಾಳಧನವೇ ಇವರಿಗೆ ಹೆಚ್ಚು ಆಪ್ಯಾಯಮಾನ!
/home/vijay/Desktop/All_Files/ALL_TTS/DIS_Vector_Embedding_Integration/Data/Kannada_Male/wav/kn_m_books_00480.wav	Kannada_Male	ಹೆಗ್ಡೆಯವರ ಟೆಲಿಪೋನ್ ಟ್ಯಾಪಿಂಗ್ ಲಿಸ್ಟಿನಲ್ಲಿ ಲಂಕೇಶರ ಹೆಸರೂ ಇದ್ದುದರಿಂದ ಆ ಕಾರ್ಯಕ್ರಮದ ಅಂಗವಾಗೇ ಆತ ಅವರ ಲೈಟನಿಂಗ್ ಕಾಲನ್ನೂ ಟ್ಯಾಪ್‌ ಮಾಡುತ್ತಿದ್ದನೋ ಏನೋ!
/home/vijay/Desktop/All_Files/ALL_TTS/DIS_Vector_Embedding_Integration/Data/Kannada_Male/wav/kn_m_books_04203.wav	Kannada_Male	ಇದನ್ನೇ ಬರ್ಮೀ ಭಾಷೆಯಲ್ಲಿ ಭುಲ್ಲಾಂಬಂತೂರ್‌ (ಜುಳು ಜುಳು ಶಬ್ದದ ನದಿ) ಎಂದು ಕರೆಯುತಾರೆ.
/home/vijay/Desktop/All_Files/ALL_TTS/DIS_Vector_Embedding_Integration/Data/Kannada_Male/wav/kn_m_evaluation_00045.wav	Kannada_Male	ನೀನು ಇದರ ಮೇಲೆ ಸ್ವಲ್ಪ ಈರುಳ್ಳಿ ಸಿಂಪಡಿಸಲು ಬಯಸುವಿಯಾ?
/home/vijay/Desktop/All_Files/ALL_TTS/DIS_Vector_Embedding_Integration/Data/Kannada_Male/wav/kn_m_books_03008.wav	Kannada_Male	- ಎಂಬ ಪ್ರಶ್ನೆಗೆ ಉತ್ತರ ದೊರಕದು. ಅದರ ಅರ್ಥ ಇಷ್ಟೆ : ಅಲ್ಲಿ ಕುತುಬುದ್ದೀನ್ ಒಡೆದ ದೇವಸ್ಥಾನ ಮತ್ತು ಸ್ತಂಭ ಇವೆರಡೂ ಸಮಕಾಲೀನ ಕಟ್ಟಡಗಳು.
/home/vijay/Desktop/All_Files/ALL_TTS/DIS_Vector_Embedding_Integration/Data/Kannada_Male/wav/kn_m_books_05457.wav	Kannada_Male	''ಕೊಟ್ಟವನು ಹಾಂಗೆ ಕಾಡಿನ ಕಡೆಗೆ ಹೋಗಿಬರ್ತೀನಿ.
/home/vijay/Desktop/All_Files/ALL_TTS/DIS_Vector_Embedding_Integration/Data/Kannada_Male/wav/kn_m_other_02005.wav	Kannada_Male	ಇಷ್ಟಕ್ಕೂ ಇಷ್ಟೊಂದು ದೊಡ್ಡ ಸಾಹಸ ಮಾಡಿದ್ದ ಪೋಲಿಸರು ನಮ್ಮಿಂದ ಜಪ್ತು ಮಾಡಿದ ವಸ್ತುಗಳು ಏನು ಗೊತ್ತೇ?
/home/vijay/Desktop/All_Files/ALL_TTS/DIS_Vector_Embedding_Integration/Data/Kannada_Male/wav/kn_m_books_04845.wav	Kannada_Male	''ನಿಮ್ಮ ಕೆಲಸಕ್ಕೆ ಕಲ್ಲು ಹಾಕೇ ಹೋಗ್ಲಿ! ತೆಗೆದ್ರೇನೋ ಒಂದು ಸಸೀನ?'' ಎನ್ನುತ್ತ ಕೃಷ್ಣಪ್ಪ ತಲೆ ಮುರಿದ ಅಡಕೆಸಸಿ ಇದ್ದಲ್ಲಿಗೆ ಓಡಿದನು.
/home/vijay/Desktop/All_Files/ALL_TTS/DIS_Vector_Embedding_Integration/Data/Kannada_Male/wav/kn_m_books_03426.wav	Kannada_Male	ಮತ್ತೆ ಅದೇ ರೀತಿ ಚಿಮ್ಮಿಸಿ. ಇದು ಮೊಸಳೆಯ ಚಲನೆ. ಹೀಗೆ ನಾಲ್ಕೈದು ಬಾರಿ ಮಾಡಿ ವಿಶ್ರಮಿಸಿ.
/home/vijay/Desktop/All_Files/ALL_TTS/DIS_Vector_Embedding_Integration/Data/Kannada_Male/wav/kn_m_books_02032.wav	Kannada_Male	ಕೇಳಿದೇನೇ ಲೌಡಿ?” ಎಂದು ಅಲ್ಲಿಂದಲೇ ಕಿರಿಚಿದಳು.
/home/vijay/Desktop/All_Files/ALL_TTS/DIS_Vector_Embedding_Integration/Data/Kannada_Male/wav/kn_m_books_02903.wav	Kannada_Male	ವ್ರತವಿಲ್ಲದೆ ಯಾವೊಬ್ಬ ಅಂಗನೆಯೂ ನನ್ನನ್ನು ಹೊಂದುವುದಿಲ್ಲ.” ಮಗನ ಸಾಧಾರಣ ಸಮ್ಮತಿಗೆ ತಾಯಿ ಹಿಗ್ಗುತ್ತಾಳೆ.
/home/vijay/Desktop/All_Files/ALL_TTS/DIS_Vector_Embedding_Integration/Data/Kannada_Male/wav/kn_m_weather_00202.wav	Kannada_Male	ಬಿ ಸಿ ರೋಡು ಆಕ್ಶನ್ ಫೂಟ್ವೇರ್ ಮುಂಭಾಗ ಹೆದ್ದಾರಿಯ ಒಂದು ಫಾಶ್ರ್ವದಲ್ಲಿ ಬೃಹತ್ ಗಾತ್ರದ ಗುಂಡಿಯೊಂದು ಸೃಷ್ಟಿಯಾಗಿದ್ದು, ವಾಹನ ಸವಾರರ ಪಾಲಿಗೆ ತೀವ್ರ ಅಪಾಯದ ಕರೆ ಗಂಟೆ ಭಾರಿಸುತ್ತಿದೆ.
/home/vijay/Desktop/All_Files/ALL_TTS/DIS_Vector_Embedding_Integration/Data/Kannada_Male/wav/kn_m_books_00032.wav	Kannada_Male	ಒಂದೆರಡು ಚಿಕ್ಕೆಗಳು ಕೈ ತಪ್ಪಿ ಕೆಳಗೆ ಬಿದ್ದಾಗ ಮಕ್ಕಳು ಅವೆಲ್ಲಿ ಹೋದವೆಂದು ಕೆಳಗೆ ನೋಡಿದರೆ, ಅರೆರೆ ಹುಣ್ಣಿಮೆ ಚಂದ್ರನ ಬೆಳ್ದಿಂಗಳಲ್ಲಿ ಭೂಲೋಕ ಪಳಫಳ ಹೊಳೆಯುತ್ತಿದೆ!
/home/vijay/Desktop/All_Files/ALL_TTS/DIS_Vector_Embedding_Integration/Data/Kannada_Male/wav/kn_m_general_00292.wav	Kannada_Male	ಈ ಮೂಲಕ ಭಾರತವು ಸ್ವದೇಶಿ ರೇಡಾರ್ ಇಮೇಜಿಂಗ್ ತಂತ್ರಜ್ಞಾನ ಹೊಂದಿದ   ರಾಷ್ಟ್ರಗಳ ಗುಂಪಿಗೆ ಸೇರಿದೆ.
/home/vijay/Desktop/All_Files/ALL_TTS/DIS_Vector_Embedding_Integration/Data/Kannada_Male/wav/kn_m_health_02005.wav	Kannada_Male	ಅರ್ಧ ಗಂಟೆಗಳ ಮಧ್ಯಂತರಕ್ಕೆ ನಿಮ್ಮ ಹೊಟ್ಟೆಯ ಮೇಲೆ ಪ್ಯಾಡ್ ಇರಿಸಿ ಮತ್ತು ನಿಮ್ಮ ಚರ್ಮವನ್ನು ರಕ್ಷಿಸಲು ಪ್ಯಾಡ್ ಅಡಿಯಲ್ಲಿ ಟವೆಲ್ ಅನ್ನು ಬಳಸುವುದು ಖಚಿತ.
/home/vijay/Desktop/All_Files/ALL_TTS/DIS_Vector_Embedding_Integration/Data/Kannada_Male/wav/kn_m_books_03843.wav	Kannada_Male	“ಸ್ವತಂತ್ರ ಭಾರತದ ತಾತ್ಕಾಲಿಕ ಸರ್ಕಾರವನ್ನು ಕುರಿತು ಬಹಳ ಹೇಳಲಾಗಿದೆ.
/home/vijay/Desktop/All_Files/ALL_TTS/DIS_Vector_Embedding_Integration/Data/Kannada_Male/wav/kn_m_books_08833.wav	Kannada_Male	ನಾನು ಚೂರೂ ಅಲ್ಲಾಡದೆ ನನ್ನೆದುರಿದ್ದ ಬಂಡೆಗಳನ್ನೂ ಅದರಾಚೆಯ ಕಾಡನ್ನೂ ದಿಟ್ಟಿಸುತ್ತಾ ಕುಳಿತಿದ್ದೆ.
/home/vijay/Desktop/All_Files/ALL_TTS/DIS_Vector_Embedding_Integration/Data/Kannada_Male/wav/kn_m_books_03045.wav	Kannada_Male	ನೋಡುತ್ತಿದ್ದ ಹಾಗೆಯೇ ಮತ್ತೊಂದು ಚುನಾವಣೆ ಧುತ್ತೆಂದು ಜನತೆಯ ತಲೆಯಮೇಲೆ ಎರಗಿದೆ.
/home/vijay/Desktop/All_Files/ALL_TTS/DIS_Vector_Embedding_Integration/Data/Kannada_Male/wav/kn_m_other_00032.wav	Kannada_Male	ವಿಂಡೋಸ್ ಮಾರ್ಕೆಟ್‌ಪ್ಲೇಸ್ ಕಂಟ್ರೋಲ್ ಪ್ಯಾನಲ್ ಆಪ್ಲೆಟ್ ಎನ್ನುವುದು ವಿಂಡೋಸ್ ಮಾರ್ಕೆಟ್‌ಪ್ಲೇಸ್, ವಿಂಡೋಸ್ ಸಾಫ್ಟ್‌ವೇರ್ಗಾಗಿ ಮೈಕ್ರೋಸಾಫ್ಟ್ ಹೋಸ್ಟ್ ಮಾಡಲಾದ ಆನ್ಲೈನ್ ಸ್ಟೋರ್ ಮತ್ತು ಕೆಲವು ಹಾರ್ಡ್‌ವೇರ್ಗಳಿಗೆ ಶಾರ್ಟ್‌ಕಟ್ ಆಗಿರುತ್ತದೆ.
/home/vijay/Desktop/All_Files/ALL_TTS/DIS_Vector_Embedding_Integration/Data/Kannada_Male/wav/kn_m_finance_00305.wav	Kannada_Male	ಜಾರಿಯಲ್ಲಿದ್ದ ತೆರಿಗೆ ಪದ್ಧತಿಗೆ ಪರ್ಯಾಯವಾಗಿ ಜಿಎಸ್‌ಟಿ ಜಾರಿ ಮಾಡಬಹುದು ಎಂದು ಕೇಳ್ಕರ್ ಅವರಿಂದ ಶಿಫಾರಸು.
/home/vijay/Desktop/All_Files/ALL_TTS/DIS_Vector_Embedding_Integration/Data/Kannada_Male/wav/kn_m_general_00402.wav	Kannada_Male	ಪ್ಯಾಕೇಜಿಂಗ್ ತೂಕದ ಕಡಿತವು ಹಡಗು ವೆಚ್ಚವನ್ನು ಕಡಿಮೆ ಮಾಡುತ್ತದೆ. ಆದರೆ ಪ್ಯಾಕಿಂಗ್ ವಸ್ತು ಮತ್ತು ವೇರ್‌ಹೌಸ್‍ನ ಸುತ್ತ ಇರುವ ಪ್ಯಾಕ್ಡ್ ವಸ್ತುಗಳನ್ನು ಚಲಿಸುವ ಮೂಲಕ ಶಕ್ತಿಯನ್ನು ಉಳಿಸುತ್ತದೆ.
/home/vijay/Desktop/All_Files/ALL_TTS/DIS_Vector_Embedding_Integration/Data/Kannada_Male/wav/kn_m_agri_00820.wav	Kannada_Male	ಅಕ್ಕಿಯನ್ನು ನೀರಲ್ಲಿ ಬರೋಬ್ಬರಿ ಮೂರು ಗಂಟೆಗಳ ಕಾಲ ನೆನೆಸಿ ಒಂದೂವರೆ ತಾಸು ಗ್ರೈಂಡರ್ ನಲ್ಲಿ ಅಕ್ಕಿ ರುಬ್ಬುತ್ತಾರೆ.
/home/vijay/Desktop/All_Files/ALL_TTS/DIS_Vector_Embedding_Integration/Data/Kannada_Male/wav/kn_m_books_03543.wav	Kannada_Male	ತಾಯಿಯವರು ತೀರಿಕೊಂಡ ಮರುವರ್ಷ ಮೊಮ್ಮೊಕ್ಕಳಿಗೆ ‘ಸ್ವಲ್ಪ ಹೂ ಕುಡಿಕೆ, ನೆಲಚಕ್ರ, ನಕ್ಷತ್ರಕಡ್ಡಿ ಹಚ್ಚಿ.
/home/vijay/Desktop/All_Files/ALL_TTS/DIS_Vector_Embedding_Integration/Data/Kannada_Male/wav/kn_m_books_04707.wav	Kannada_Male	ಅದೆಲ್ಲಿದ್ದನೋ ಒಬ್ಬ ಪೊಲೀಸ್ ಪೇದೆ ಬಂದಿದ್ದೇ ಗಕ್ಕನೆ ಬ್ರೇಕ್ ಹಾಕಿಸಿ ಕುತ್ತಿಗೆ ಪಟ್ಟಿ ಹಿಡಿದು ದೂಕಿಕೊಂಡು ಪೊಲೀಸ್ ಸ್ಟೇಷನ್‌ಗೆ ಹೋದ.
/home/vijay/Desktop/All_Files/ALL_TTS/DIS_Vector_Embedding_Integration/Data/Kannada_Male/wav/kn_m_books_08904.wav	Kannada_Male	ಅದರ ಬಗ್ಗೆ ತೀವ್ರ ವಿವಾದವನ್ನು ಹಬ್ಬಿಸ್ತಾ ಇದ್ದಾರೆ. ಏನಿಲ್ಲ, ನಾವು ಕಬ್ಬಿಣದ ಅಂಶ ಕಡಿಮೆ ಇರುವಂತಹ ಮಣ್ಣನ್ನು ಮಾತ್ರ ನದಿಗೆ ಬಿಡ್ತಾ ಇದ್ದೇವೆ.
/home/vijay/Desktop/All_Files/ALL_TTS/DIS_Vector_Embedding_Integration/Data/Kannada_Male/wav/kn_m_books_02870.wav	Kannada_Male	ಅಷ್ಟೊಂದು ವಯಸ್ಸಾದಂತೆ ಕಾಣುತ್ತಿದ್ದರು. ಇನ್ನೂ ನಿಂತುಕೊಂಡೇ ಇದ್ದಾರೆ. ನನಗೆ ಎಲ್ಲಿ ಅವರು ಕಾಲು ಸೋತು ಬೀಳುವರೋ ಎನ್ನಿಸುತ್ತಿತ್ತು.
/home/vijay/Desktop/All_Files/ALL_TTS/DIS_Vector_Embedding_Integration/Data/Kannada_Male/wav/kn_m_books_05895.wav	Kannada_Male	ಯಮುನೆಯ ಒಂದು ಗುಟುಕು ನೀರು ಸೇವಿಸಿದರೂ ಸೋಮಯಾಗದ ಫಲ ಸಿಗುವುದೆಂಬ ಶ್ರದ್ಧೆ ನಮ್ಮದು.
/home/vijay/Desktop/All_Files/ALL_TTS/DIS_Vector_Embedding_Integration/Data/Kannada_Male/wav/kn_m_books_09904.wav	Kannada_Male	ಅಮ್ಮ ಮಕ್ಕಳಿಗೆ ಪೆಪ್ಪರ್‌ಮೆಂಟ್ ಕೊಡುತ್ತಿದ್ದರು. ತಂದೆಯವರು ಕೆಲವರು ಅಚ್ಚುಹಾಕಿಸಿ ಕೊಟ್ಟ ‘ವಿಶ್ವಮಾನವ ಸಂದೇಶ’ ಪ್ರತಿಗಳು ಇದ್ದಾಗ, ಮಕ್ಕಳಿಗೆ ಹಂಚುತ್ತಿದ್ದರು.
/home/vijay/Desktop/All_Files/ALL_TTS/DIS_Vector_Embedding_Integration/Data/Kannada_Male/wav/kn_m_books_00572.wav	Kannada_Male	ಇತರ ಸ್ವಾತಂತ್ರ್ಯಗಳು ಮಾತ್ರ ನಮ್ಮ ಪಾಲಿಗಿಲ್ಲ'' ಎಂದಿದ್ದಾರೆ. ಪುಣೆ ಜಿಲ್ಲಾ ಸಮ್ಮೇಳನ ಸರ್ಕಾರದ ಅಬ್ಕಾರಿ ನೀತಿಯನ್ನು ಖಂಡಿಸಿ, ಸರ್ಕಾರವು ಜನರನ್ನು ಕುಡಿತಕ್ಕೆ ದೂಡುತ್ತಿದೆ ಎಂದು ಆಪಾದಿಸಿತ್ತು.
/home/vijay/Desktop/All_Files/ALL_TTS/DIS_Vector_Embedding_Integration/Data/Kannada_Male/wav/kn_m_agri_00495.wav	Kannada_Male	ಡೈಯಾನ್ಸುರಿ, ಕ್ಯಾಸ್ಟರ್ ಮತ್ತು ಪೋಲಕ್ಸ್, ಟಿಂಡರೆಸ್ನ ಮಗನಾದ ಕ್ಯಾಸ್ಟರ್ ಮತ್ತು ಜೀಯಸ್ನ ಮಗ ಪೋಲ್ಲಕ್ಸ್ ಅವರ ಅವಳಿ ಸಹೋದರರು.
/home/vijay/Desktop/All_Files/ALL_TTS/DIS_Vector_Embedding_Integration/Data/Kannada_Male/wav/kn_m_books_00372.wav	Kannada_Male	ಅದು ಹಲವರ ಭಾಗಕ್ಕೆ ನಲವಿನ ಸೆಲೆಯೂ ಅಲ್ಲ, ಚೆಲುವಿನ ನೆಲೆಯೂ ಅಲ್ಲ ; ಅಲ್ಲಿ ಯಾವ ಶಿವದ ಬೆಲೆಯೂ ಅವರ ಕಾಣ್ಕೆಗೆ ಸುಳಿಯಲಿಲ್ಲ.
/home/vijay/Desktop/All_Files/ALL_TTS/DIS_Vector_Embedding_Integration/Data/Kannada_Male/wav/kn_m_finance_00025.wav	Kannada_Male	ಏಜೆಂಟರ ಮುಖಾಂತರ ಜೀವ ವಿಮೆ ಮಾಡಿಸುವ ಮೂಲಕ ಚಲಿಸುವ ಸಂಸ್ಥೆಯನ್ನೇ ಸೃಷ್ಟಿಸಿದ್ದ ಎಲ್ಐಸಿ ಈ ಏಜೆಂಟರ ಜೀವನಕ್ಕೆ ಸುಭದ್ರ ಬುನಾದಿಯನ್ನು ನಿರ್ಮಿಸಿದ್ದೂ ಹೌದು.
/home/vijay/Desktop/All_Files/ALL_TTS/DIS_Vector_Embedding_Integration/Data/Kannada_Male/wav/kn_m_other_02040.wav	Kannada_Male	ಇಲ್ಲಿನ ಮತ್ತೊಂದು ವಿಶೇಷ ಎಂದರೆ ದರ್ಬೆಗಳಿಂದ ನೆಲೆ ಸೇರುವಂತಹ ಶಿವಲಿಂಗ (ದರ್ಭೆಶ್ವರ) ಕೂಡಾ ಇದೆ.
/home/vijay/Desktop/All_Files/ALL_TTS/DIS_Vector_Embedding_Integration/Data/Kannada_Male/wav/kn_m_books_04675.wav	Kannada_Male	ಮಾಯ, ಮಾಟ, ಮೂಢನಂಬಿಕೆ, ಅಜ್ಞಾನಗಳ ಕೂಪದಲ್ಲಿ ಮುಳುಗಿ ಹೋಗುತ್ತಿದ್ದ ಆಯುರ್ವೇದ ವಿದ್ಯೆಯನ್ನು ಹಿಡಿದೆತ್ತಿ ಕಾಪಾಡಿದ ಕೀರ್ತಿ ಅವನಿಗೆ ಸಲ್ಲುತ್ತದೆ.
/home/vijay/Desktop/All_Files/ALL_TTS/DIS_Vector_Embedding_Integration/Data/Kannada_Male/wav/kn_m_books_04808.wav	Kannada_Male	ಸೀಪರು ಸೀಪರು ಸಿಹಿ ಹಣ್ಣು ಬೀಜದ ಮಯ. ಹೆಚ್ಚು ಹಣ್ಣಾದಂತೆ ರಂಜದ ಬಣ್ಣದಿಂದ ಖರ್ಜೂರದಂತೆ ತಿರುಗುತ್ತೆ.
/home/vijay/Desktop/All_Files/ALL_TTS/DIS_Vector_Embedding_Integration/Data/Kannada_Male/wav/kn_m_books_00047.wav	Kannada_Male	ಆದರೆ, ಅಲ್ಲಿ ಏನಾಗ್ಹೋಯಿತು ಅಂದರೆ, ಒಂದು ಕಡೆಯಿಂದ ಅಕೇಷಿಯಾ, ನೀಲಿಗಿರಿ ಇವನ್ನೆಲ್ಲಾ ತಂದು ಹಾಕೋದಿಕ್ಕೆ ಶುರು ಮಾಡಿದರು; ಗೋಣಿ ಮರಗಳೆಲ್ಲಾ ಹೋದುವು.
/home/vijay/Desktop/All_Files/ALL_TTS/DIS_Vector_Embedding_Integration/Data/Kannada_Male/wav/kn_m_books_02730.wav	Kannada_Male	1. ಧ್ಯಾನ ಎಂದರೆ ತಲ್ಲೀನತೆ, ಅದು ಸ್ವಪರೀಕ್ಷೆಯ ಕಲೆ, ತನ್ನದೇ ಪ್ರತಿಬಿಂಬ.
/home/vijay/Desktop/All_Files/ALL_TTS/DIS_Vector_Embedding_Integration/Data/Kannada_Male/wav/kn_m_health_00577.wav	Kannada_Male	ಸಿನುಸಿಟಿಸ್ನ ದೀರ್ಘಕಾಲೀನ ಮತ್ತು ತೀವ್ರವಾದ ಸ್ವರೂಪಗಳ ಚಿಕಿತ್ಸೆಯಲ್ಲಿ ಪ್ರತ್ಯೇಕವಾಗಿ ಶಿಫಾರಸು ಮಾಡಲು "ಸಿನ್ನಾಬ್ಸಿನ್" ಸೂಚನೆಯ ಮಾತ್ರೆಗಳನ್ನು ತೆಗೆದುಕೊಳ್ಳಿ.
/home/vijay/Desktop/All_Files/ALL_TTS/DIS_Vector_Embedding_Integration/Data/Kannada_Male/wav/kn_m_other_02200.wav	Kannada_Male	ಆರಡಿ ಎರಡಿಂಚು ಎತ್ತರದ ಅಜಾನುಬಾಹು ವ್ಯಕ್ತಿ ವೆರ್ಟೊಂಗೆನ್ ಬೆಲ್ಜಿಯಂ ತಂಡದ ನಂಬಿಕಸ್ಥ ಡಿಫೆಂಡರ್ ಆಗಿದ್ದಾರೆ.
/home/vijay/Desktop/All_Files/ALL_TTS/DIS_Vector_Embedding_Integration/Data/Kannada_Male/wav/kn_m_finance_00084.wav	Kannada_Male	ಸ್ನೇಹಿತರಿಂದ ಹಣ ಪಡೆದು, ಹೆಂಡತಿಗೆ ಜೀವ ವಿಮೆ ಮಾಡಿಸಿ, ಅವರಿಂದ ಅನುಮತಿ ಪಡೆದು, ಇಂಗ್ಲೆಂಡ್‌ಗೆ ಹೊರಟರು.
/home/vijay/Desktop/All_Files/ALL_TTS/DIS_Vector_Embedding_Integration/Data/Kannada_Male/wav/kn_m_books_02648.wav	Kannada_Male	ಅಷ್ಟುಹೊತ್ತಿಗೆ ಕಿಟ್ಟುವಿನ ತಾಯಿ: 'ಕಿಟ್ಟು ಕಿಟ್ಟು ಬಾರೋ ಬೇಗ ಬೆಟ್ಟಕ್ಕೇತಕೆ ಹೋದೆಯೊ ಈಗ’
/home/vijay/Desktop/All_Files/ALL_TTS/DIS_Vector_Embedding_Integration/Data/Kannada_Male/wav/kn_m_books_03387.wav	Kannada_Male	ಬೆಳಿಗ್ಗೆ ಸೂರ್ಯೋದಯದ ಸಮಯದಲ್ಲಿ ದೂರದಿಂದ ಇಡೀ ವೇದಿಕೆ ಹಸಿರು ಹುಲ್ಲು ಹಾಸಿದಂತೆ ಕಾಣುತ್ತಿತ್ತು.
/home/vijay/Desktop/All_Files/ALL_TTS/DIS_Vector_Embedding_Integration/Data/Kannada_Male/wav/kn_m_agri_00095.wav	Kannada_Male	ವಿಶ್ವದ ಪುರಾತನ ಬ್ರಾಂಡ್ ಗಳಲ್ಲಿ ಒಂದಾದ ವೋಕ್ಸ್ ವ್ಯಾಗನ್ ಸಮೂಹಕ್ಕೆ ಸೇರಿದ ಆಡಿ ಕಾರುಗಳಿಗೆ ಬಿಎಂಡಬ್ಲ್ಯು, ಮರ್ಸಿಡೀಸ್ ಬೆಂಜ್ ಕಾರುಗಳು ಸಕತ್ ಪೈಪೋಟಿ ನಡೆಲಿವೆ.
/home/vijay/Desktop/All_Files/ALL_TTS/DIS_Vector_Embedding_Integration/Data/Kannada_Male/wav/kn_m_finance_00530.wav	Kannada_Male	ಬ್ಯಾಂಕ್ ನೀಡಿರುವ ಮಾಹಿತಿ ಪ್ರಕಾರ, ಬ್ಯಾಂಕ್ ತನ್ನ ಆನ್ಲೈನ್ ಫ್ಲಾಟ್‌ಫಾರ್ಮ್ ನಲ್ಲಿ ಗೃಹ ಸಾಲ ಮತ್ತು ವೈಯಕ್ತಿಕ ಸಾಲವನ್ನು ನೀಡಲಿದೆ.
/home/vijay/Desktop/All_Files/ALL_TTS/DIS_Vector_Embedding_Integration/Data/Kannada_Male/wav/kn_m_general_00359.wav	Kannada_Male	ಪಶ್ಚಿಮ ಅಮೆಜಾನ್‌ನ ನದಿಗಳು ಅವುಗಳ ಸಂಕೀರ್ಣ ಹರಿವಿನ ಆಳ್ವಿಕೆಯಿಂದ ಮತ್ತು ಹೆಚ್ಚಿನ ನೀರಿನ ಅಂಶಗಳಿಂದ ಭಿನ್ನವಾಗಿವೆ.
/home/vijay/Desktop/All_Files/ALL_TTS/DIS_Vector_Embedding_Integration/Data/Kannada_Male/wav/kn_m_books_02523.wav	Kannada_Male	ಅರ್ಧಕ್ಕರ್ದ ಉಳಿದಿದ್ದ ಹುಲ್ಲನ್ನು ದೂರದ ಹೊಲದ ಬಳಿ ಹಾಕಿ ಇನ್ನೊಂದು ಬಣವೆ ಕಟ್ಟಿದೆವು.
/home/vijay/Desktop/All_Files/ALL_TTS/DIS_Vector_Embedding_Integration/Data/Kannada_Male/wav/kn_m_books_03234.wav	Kannada_Male	“ಇಲ್ಲ ಬಾಗಿರ್ತಿ ಹೆಸರಿಗಿ ಮಾಡತಿದ್ದೆ” “ಬಾಗಿರ್ತಿ ಬ್ಯಾರೇ, ನಾ ಬ್ಯಾರೇ ಏನ್ರಿ?”
/home/vijay/Desktop/All_Files/ALL_TTS/DIS_Vector_Embedding_Integration/Data/Kannada_Male/wav/kn_m_books_07820.wav	Kannada_Male	ಇಂದಿಗೂ ಅಲ್ಲಿನ ಸಾಧಾರಣ ಜನ ‘ಲವದೇಶ’ ಎಂದೇ ಕರೆಯುತ್ತಾರೆ. ಅದರ ಮುಖ್ಯ ಪಟ್ಟಣದ ಹೆಸರು ವಾನ್‌ಚೈನ್ (ವಿಯಂಟೈನ್).
/home/vijay/Desktop/All_Files/ALL_TTS/DIS_Vector_Embedding_Integration/Data/Kannada_Male/wav/kn_m_books_continuous_02000.wav	Kannada_Male	ತಳಮಟ್ಟದಿಂದ ಯೋಜನೆ ನಿರೂಪಿಸುವಿಕೆ ಮತ್ತು ಅಭಿವೃಧ್ಧಿ ಸಾಧನೆಯ ಪ್ರಕ್ರಿಯೆಯೂ ಇದಾಗಿದೆ.
/home/vijay/Desktop/All_Files/ALL_TTS/DIS_Vector_Embedding_Integration/Data/Kannada_Male/wav/kn_m_books_05878.wav	Kannada_Male	ದೂರಕೆ ಬಲುದೂರಕೆ ಕಣ್ಣು ಹಾಯಿಸುವಷ್ಟೂ ದೂರಕೆ ಸುತ್ತಲೂ ಹಸಿರುಕಾಡು. ಒಂದೆಡೆ ಹೈಡ್ರಾಂ ಹೊಡೆಯುತ್ತಿದ್ದ ಜಗ್, ಜಗ್ ಸದ್ದು.
/home/vijay/Desktop/All_Files/ALL_TTS/DIS_Vector_Embedding_Integration/Data/Kannada_Male/wav/kn_m_general_00554.wav	Kannada_Male	ಅವರು ಕಲ್ಪನೆಯ ಜಗತ್ತಿನಲ್ಲಿ ಸ್ಫೋಟಿಸುತ್ತಾರೆ ಮತ್ತು ಈ ರಾಕೆಟ್ ಹಡಗಿನ ಪ್ಲೇಹೌಸ್‌ನೊಂದಿಗೆ ನಾಟಕವನ್ನು ನಟಿಸುತ್ತಾರೆ.
/home/vijay/Desktop/All_Files/ALL_TTS/DIS_Vector_Embedding_Integration/Data/Kannada_Male/wav/kn_m_books_06447.wav	Kannada_Male	ಆದರೆ ಗೌಡರು ಊಹಿಸಿದ್ದ ಸಾಹಸಕ್ಕೆ ಅವಳೆಂದಿಗೂ ಮನಸ್ಸು ಮಾಡಿರಲಿಲ್ಲ; ಧೈರ್ಯವೂ ಇರಲಿಲ್ಲ.
/home/vijay/Desktop/All_Files/ALL_TTS/DIS_Vector_Embedding_Integration/Data/Kannada_Male/wav/kn_m_books_05943.wav	Kannada_Male	ಮುಂದೆ ಮುಂದೆ ಹತ್ತುತ್ತಾ ಕವಿಶೈಲದ ನೆತ್ತಿಯ ಹತ್ತಿರ ಬಂದಾಗ ಅಲ್ಲಿಯ ಒಂದು ಕಡೆ ಕೈದೋರಿ ‘ಇಲ್ಲಿಯೆ ಇದ್ದದ್ದು ಒಂದು ದೊಡ್ಡ ಬೂರುಗದ ಮರಗ ಎಂದರು.
/home/vijay/Desktop/All_Files/ALL_TTS/DIS_Vector_Embedding_Integration/Data/Kannada_Male/wav/kn_m_health_00204.wav	Kannada_Male	ರೋಗಿಗಳ ಬಗ್ಗೆ ವೈದ್ಯರು ನಿರ್ಲಕ್ಷ ಮಾಡುತ್ತಿದ್ದು, ರೋಗಿಗಳ ಕೈಗೆ ಡ್ರಿಪ್ಸ್ ಹಾಕಿದ ಜಾಗದಲ್ಲಿ ರಕ್ತ ಸೋರುತ್ತಿದೆ.
/home/vijay/Desktop/All_Files/ALL_TTS/DIS_Vector_Embedding_Integration/Data/Kannada_Male/wav/kn_m_health_00457.wav	Kannada_Male	ಬಾಲ್ಯದ ಮೆನಿಂಜೈಟಿಸ್ ಸಾವಿನ ಕುರಿತಾದ ಹೆಮೊಫಿಲಸ್ ಇನ್‌ಫ್ಲೂಯೆನ್ಸ್ ಟೈಪ್ ಬಿ ಮತ್ತು ನ್ಯುಮೋಕೋಕಲ್ ಕಾಂಜುಗೇಟ್ ಲಸಿಕೆಗಳು ಪರಿಣಾಮ ಒಂದು ವ್ಯವಸ್ಥಿತ ವಿಮರ್ಶೆ.
/home/vijay/Desktop/All_Files/ALL_TTS/DIS_Vector_Embedding_Integration/Data/Kannada_Male/wav/kn_m_books_05524.wav	Kannada_Male	ಅಲ್ಲದೆ ಕ್ಯಾಮೆರಾ ಮುಖಾಂತರ ನಾನಾ ಕೋನಗಳಿಂದ ಒಂದು ದೃಶ್ಯವನ್ನೋ ವಸ್ತುವನ್ನೋ ನೋಡುವುದನ್ನು ಅಭ್ಯಾಸ ಮಾಡು.
/home/vijay/Desktop/All_Files/ALL_TTS/DIS_Vector_Embedding_Integration/Data/Kannada_Male/wav/kn_m_books_04094.wav	Kannada_Male	ನಂಗೇನೂ ಬರಲ್ಲಾ, ಗಂಗಣ್ಣ ಹೇಳಿದ್ರು. ಅಯ್ಯೊ, ನೀವು ಡ್ಯಾನ್ಸ್ ಮಾಡಿದ್ರೆ, ಬಹುಮಾನ ನಿಮ್ಗೇ ಖಾತ್ರಿ, ಶಾಮಣ್ಣ ಹೇಳಿದ್ರಂತೆ.
/home/vijay/Desktop/All_Files/ALL_TTS/DIS_Vector_Embedding_Integration/Data/Kannada_Male/wav/kn_m_books_04582.wav	Kannada_Male	‘ನೀನೇನು ಮಾಡ್ತೀಯ. ಹೋಗಿ ಯರ್ರಿತಾತನ್ನ ಪ್ರಾರ್ಥನೆ ಮಾಡ್ಕೊ. ಹಿಂಗಾಗಬಾರ್ದು ಅಂತ’. ಆಕೆ ಕೇಳಿದಳು ‘ನೀವೇನೋ ಸತ್ಯಾಗ್ರಹ ಮಾಡ್ತೀರಂತೆ.
/home/vijay/Desktop/All_Files/ALL_TTS/DIS_Vector_Embedding_Integration/Data/Kannada_Male/wav/kn_m_books_02404.wav	Kannada_Male	(6) ಆತ್ಮವಿಶ್ವಾಸ ಬೇಕು, ಜಂಭ ಬೇಡ: ಮನಸ್ಸಿನಲ್ಲಿ ಧೃಡತೆ ಇದೆ, ಎಂಬ ಆತ್ಮವಿಶ್ವಾಸ ಮುಖ್ಯ.
/home/vijay/Desktop/All_Files/ALL_TTS/DIS_Vector_Embedding_Integration/Data/Kannada_Male/wav/kn_m_health_00254.wav	Kannada_Male	ನಮ್ಮ ದೇಹಗಳನ್ನು ವಿಯೋಜಿಸಲು ಮತ್ತು ನಮ್ಮ ಡೀಫಾಲ್ಟ್ ಇಂಧನ ಗ್ಲೂಕೋಸ್ಗಿಂತಲೂ ನಮ್ಮ ವ್ಯಾಯಾಮ ಅವಧಿಯನ್ನು ನಿರ್ವಹಿಸಲು ಕೂಡ ಕೊಬ್ಬುಗಳು ಸಹಾಯ ಮಾಡುತ್ತವೆ.
/home/vijay/Desktop/All_Files/ALL_TTS/DIS_Vector_Embedding_Integration/Data/Kannada_Male/wav/kn_m_books_05445.wav	Kannada_Male	ಇವರಿಗೆ ಹಾಗೆ ಅನ್ನಿಸುತ್ತಿಲ್ಲ. ಆ ಸಮಯದಲ್ಲಿ ನಮ್ಮ ಪುಟಾಣಿ ಈಶಾನ್ಯೆ ಜಿ. ಎಸ್ಎಸ್.
/home/vijay/Desktop/All_Files/ALL_TTS/DIS_Vector_Embedding_Integration/Data/Kannada_Male/wav/kn_m_books_04642.wav	Kannada_Male	ಫಾರೆಸ್ಟು ಗಾರ್ಡುಗಳ ಕೂಗಾಟ. ಅಲ್ಲಿ ಹೋಯ್ತು ಸಾರ್ ಇಲ್ಲಿ ಬಂತು ಸಾರ್.
/home/vijay/Desktop/All_Files/ALL_TTS/DIS_Vector_Embedding_Integration/Data/Kannada_Male/wav/kn_m_books_08632.wav	Kannada_Male	ಕೊನೆಗೆ ತೇಜಸ್ವಿ, ಚೈತ್ರ, ಅಣ್ಣನ (ತಂದೆಯವರ) ಸಿಟ್ಟು ಹೇಗೆ ಬಂತು, ಕೋಪದಿಂದ ಮನೆ ಆಚೆಹೋಗುವೆ ಎಂದು ಹೇಳಿದ್ದನ್ನು ಅನುಕರಿಸಿ ತೋರಿಸುತ್ತಾ, ‘ಬೀದಿಯಲ್ಲಿ ಹೋಗಿದ್ದರೆ ಅನಾಹುತ ಇನ್ನೂ ಹೆಚ್ಚಾಗುತ್ತಿತ್ತು.
/home/vijay/Desktop/All_Files/ALL_TTS/DIS_Vector_Embedding_Integration/Data/Kannada_Male/wav/kn_m_books_05599.wav	Kannada_Male	ಇನ್ನೊಮೆ ಅವರೊಡನೆ ಕುಪ್ಪಳಿ, ಕವಿಶೈಲ, ದೇವಂಗಿ, ನವಿಲುಕಲ್ಲು, ಸಿಬ್ಬಲುಗುಡ್ಡೆ ಎಲ್ಲ ಕಡೆ ಸುತ್ತಾಡುವ ಅವಕಾಶ ಉಂಟಾಯಿತು.
/home/vijay/Desktop/All_Files/ALL_TTS/DIS_Vector_Embedding_Integration/Data/Kannada_Male/wav/kn_m_books_09583.wav	Kannada_Male	ಅವರನ್ನು ಸ್ವಾಗತಿಸಲು ಹತ್ತು ದಿಕ್ಕುಗಳೂ ಕಾದಿದ್ದವು. ಜಗತ್ತಿನ ಎಲ್ಲ ಕಡೆ ಭಾರತದ್ದೇ ಪ್ರಶಂಸೆ ನಡೆದಿತ್ತು.
/home/vijay/Desktop/All_Files/ALL_TTS/DIS_Vector_Embedding_Integration/Data/Kannada_Male/wav/kn_m_books_09550.wav	Kannada_Male	(ಸಮುದ್ರದ ವರೆಗಿನ ಇಡೀ ಭೂಮಿ ಒಂದು ರಾಷ್ಟ್ರ) - ಎಂಬುದು ವೇದಗಳ ಕಹಳೆಯ ಮೊಳಗು.
/home/vijay/Desktop/All_Files/ALL_TTS/DIS_Vector_Embedding_Integration/Data/Kannada_Male/wav/kn_m_weather_00548.wav	Kannada_Male	ತಾಲ್ಲೂಕಿನ ಹಿಂಡಗುಡ್ಲು, ದಾಸನಪುರ, ಕಿರಂಗೂರು, ದೊಡ್ಡಹೆಜ್ಜೂರು, ಭಾರತವಾಡಿ, ಮಾದಹಳ್ಳಿ, ಹರಳಹಳ್ಳಿ, ಮತ್ತಿತರ ಗ್ರಾಮಗಳಲ್ಲಿ ಸುರಿದ ಭಾರೀ ಮಳೆಗೆ ಸಾಕಷ್ಟು ಹಾನಿ ಸಂಭವಿಸಿದೆ.
/home/vijay/Desktop/All_Files/ALL_TTS/DIS_Vector_Embedding_Integration/Data/Kannada_Male/wav/kn_m_weather_00527.wav	Kannada_Male	ನೀವು ಫೈಬ್ರೊಮ್ಯಾಲ್ಗಿಯ ಅಥವಾ ದೀರ್ಘಕಾಲದ ಆಯಾಸ ಸಿಂಡ್ರೋಮ್ ಹೊಂದಿರುವಾಗ ಭಾರೀ ಪುಸ್ತಕ ಚೀಲ ನಿಮ್ಮ ಸ್ನೇಹಿತರಲ್ಲ.
/home/vijay/Desktop/All_Files/ALL_TTS/DIS_Vector_Embedding_Integration/Data/Kannada_Male/wav/kn_m_books_03028.wav	Kannada_Male	“ಕೊಟ್ಟಿಗೆ ಮನೆ ನಾಗಣ್ಣ ನನ್ನ ಸೋದರ ಮಾವ. ಈ ಶಾರಿ ಅವನ ಮಗಳು. ಕಾರೀ ಹಣ್ಣಂದರ ಆಕಿಗಿ ಭಾಳ ಆಸೆ, ಸಂಜಿಕ ಬರೋವಾಗ ತರ‍್ತೀನಂತ ಹೇಳಿದ್ದೆ.
/home/vijay/Desktop/All_Files/ALL_TTS/DIS_Vector_Embedding_Integration/Data/Kannada_Male/wav/kn_m_education_00059.wav	Kannada_Male	ಜೀನ್ಸ್ ಡೆನಿಮ್ಸ, ಲೆಗಿಂಗ್ಸ್, ಜಾಗರ್ಸ್, ಜೆಗಿಂಗ್ಸ್, ಥ್ರಿ ಫೋರ್ಥ್, ಸ್ಕರ್ಟ್, ಶಾರ್ಟ್ಸ್, ಟ್ರೆಂಚ್ ಕೋಟ್, ಜೊತೆಗೂ ಬೂಟುಗಳನ್ನು ತೊಡಬಹುದು.
/home/vijay/Desktop/All_Files/ALL_TTS/DIS_Vector_Embedding_Integration/Data/Kannada_Male/wav/kn_m_books_03755.wav	Kannada_Male	ಹಾಗೆ ಮಾಡದ ಕವಿಯನ್ನು "ಓ ದ್ರೋಹಿ ಕವಿ" ಎಂದೇ ಕರೆದಿದ್ದಾರೆ.
/home/vijay/Desktop/All_Files/ALL_TTS/DIS_Vector_Embedding_Integration/Data/Kannada_Male/wav/kn_m_books_continuous_00950.wav	Kannada_Male	ಧರ್ಮದ ಆಧಾರದಲ್ಲಿ ಸಮಾಜದ ವಿಭಜನೆ ಹಾಗೂ ಆ ನೆಲೆಯಲ್ಲೇ ಗುರುತಿಸಿಕೊಂಡು ಪರಸ್ಪರ ವಿರುದ್ಧ ಹಿತಾಸಕ್ತಿಗಳನ್ನು ಬೆಳಸಿಕೊಳ್ಳುವುದನ್ನು ಕೋಮುವಾದ ಅಥವಾ ಮತೀಯವಾದ ಎಂದು ಕರೆಯುತ್ತೇವೆ.
/home/vijay/Desktop/All_Files/ALL_TTS/DIS_Vector_Embedding_Integration/Data/Kannada_Male/wav/kn_m_books_04332.wav	Kannada_Male	'' ತಮ್ಮ ಎಲ್ಲಿದ್ದಾನೆ ಕರೀ'' ಎಂದರು. ಪುಟ್ಟಮ್ಮ ಜಗಲಿಗೆ ಹೋಗಿ ಹುಡುಕಿದಂತೆ ನಟಿಸಿ ಬಂದು ''ಅಲ್ಲೆಲ್ಲ ನೋಡ್ದೆ.
/home/vijay/Desktop/All_Files/ALL_TTS/DIS_Vector_Embedding_Integration/Data/Kannada_Male/wav/kn_m_health_02255.wav	Kannada_Male	ಇದರಲ್ಲಿ ಮಕ್ಕಳ ಆಹಾರ, ಚರ್ಮದ ಆರೈಕೆ, ಡೈಪರ್, ಶಾಂಪೂ, ಸಾಬೂನು, ಕೇಶತೈಲ, ಕ್ರೀಂ ಸೇರಿದಂತೆ ಬಹುತೇಕ ಎಲ್ಲಾ ಅಗತ್ಯ ಉತ್ಪನ್ನಗಳೂ ಒಳಗೊಂಡಿವೆ.
