/home/vijay/Desktop/All_Files/ALL_TTS/DIS_Vector_Embedding_Integration/Data/Kannada_Female/wav/kn_f_books_03653.wav	Kannada_Female	ಏನೋ ಊಟದ ಆಟವು ಮುಗಿಯಿತು ಅಷ್ಟೆ’ ಎಂದು ಹೇಳಿ ಕೈತೊಳೆದು ವಿಶ್ರಾಂತಿಗೆ ಹೋದರು.
/home/vijay/Desktop/All_Files/ALL_TTS/DIS_Vector_Embedding_Integration/Data/Kannada_Female/wav/kn_f_books_05877.wav	Kannada_Female	ಇನ್ನು ಬನ್ನಿ ಹೋಗೋಣ'' ಎಂದನು. ಸೀತೆ ''ಇಲ್ಲ ಅಣ್ಣಯ್ಯ, ನಾನಿನ್ನೂ ಒಂದು ಸ್ವಲ್ಪ ಹೂ ಕುಯ್ದುಕೊಂಡು ಬರ್ತೀನಿ'' ಎಂದಳು.
/home/vijay/Desktop/All_Files/ALL_TTS/DIS_Vector_Embedding_Integration/Data/Kannada_Female/wav/kn_f_weather_00856.wav	Kannada_Female	ವಿಮಾನದಲ್ಲಿ ರವಿವಾರ ನಡೆದ ಘಟನೆಗೆ ವಿಶ್ವಾದ್ಯಂತ ತೀವ್ರ ಆಕ್ರೋಶ ವ್ಯಕ್ತವಾದ ಬಳಿಕ, ಆಸ್ಕರ್ ಮನೋಝ್ ನಿಶ್ಶರ್ತ ಕ್ಷಮೆ ಕೋರಿದರು.
/home/vijay/Desktop/All_Files/ALL_TTS/DIS_Vector_Embedding_Integration/Data/Kannada_Female/wav/kn_f_general_01302.wav	Kannada_Female	ಪ್ರೈಮ್ ಟೈಮ್ ಎಂದರೆ ಶ್ರೋತೃಗಳು ಹೆಚ್ಚಿನ ಸಂಖ್ಯೆಯಲ್ಲಿ ರೇಡಿಯೊ ಕೇಳುವ ಅಥವಾ ವೀಕ್ಷಕರು ಹೆಚ್ಚಿನ ಸಂಖ್ಯೆಯಲ್ಲಿ ಟಿ ವಿ ವೀಕ್ಷಿಸುವ ಸಮಯ.
/home/vijay/Desktop/All_Files/ALL_TTS/DIS_Vector_Embedding_Integration/Data/Kannada_Female/wav/kn_f_books_03208.wav	Kannada_Female	ಪಾಪ, ದ್ರೌಪದಿಗೆ ತಾನು ಹಾಗೆ ನಕ್ಕ ನಗೆ, ಹೀಗೆ ಮುಂದೆ ಪರಾಭವದ ಧಗೆಯಾಗಿ ತನ್ನನ್ನೇ ಸುತ್ತುವುದೆಂಬ ಕಲ್ಪನೆ ಕೂಡ ಇರಲಿಲ್ಲ.
/home/vijay/Desktop/All_Files/ALL_TTS/DIS_Vector_Embedding_Integration/Data/Kannada_Female/wav/kn_f_weather_00837.wav	Kannada_Female	ಧರ್ಮವನ್ನು ಒಡೆಯುವ ಕೆಲಸ ಮಾಡಿದ್ದಾರೆ, ಸಿದ್ದರಾಮಯ್ಯ ಕುತಂತ್ರ, ಷಡ್ಯಂತ್ರ ರಾಜ್ಯದ ಜನತೆಗೆ ಅರ್ಥವಾಗಿದೆ ಈ ಬಾರಿ ಯಾರೂ ಸಿದ್ದರಾಮಯ್ಯ ಕುತಂತ್ರಕ್ಕೆ ಬಲಿಯಾಗಲ್ಲ ಎಂದರು.
/home/vijay/Desktop/All_Files/ALL_TTS/DIS_Vector_Embedding_Integration/Data/Kannada_Female/wav/kn_f_books_06565.wav	Kannada_Female	ಹಾಗೆ ನೋಡಿದರೆ ಹರಿಹರನ ರಗಳೆಗಳ ಮುಖ್ಯ ಪಾತ್ರಗಳೆಲ್ಲಾ ಸಂಸಾರಿಗಳೇ, ಗೃಹಸ್ಥರೇ.
/home/vijay/Desktop/All_Files/ALL_TTS/DIS_Vector_Embedding_Integration/Data/Kannada_Female/wav/kn_f_books_05755.wav	Kannada_Female	ಇದನ್ನೂ ಯಾರೂ ಬಾಯಿ ಬಿಟ್ಟು ಅನ್ನುವುದಿಲ್ಲ. ಎಲ್ಲರೂ ಅಂಬೇಡ್ಕರ್‌ ಗೆ ಹಾರ ಹಾಕಿ ಚಪ್ಪಾಳೆ ತಟ್ಟುವವರೇ.
/home/vijay/Desktop/All_Files/ALL_TTS/DIS_Vector_Embedding_Integration/Data/Kannada_Female/wav/kn_f_politics_00653.wav	Kannada_Female	ಇದೇ ವೇಳೆ ಸೈಂಟ್‌ಮಾರ್ಕ್ಸ್ ಪ್ರೆಸಿಡೆನ್ಸಿ ಮತ್ತು ಅಜಂಷನ್ ಶಾಲೆಗಳ ವಿದ್ಯಾರ್ಥಿಗಳು ಬ್ಯಾಂಡ್‌ನೊಂದಿಗೆ ಮೆರವಣಿಗೆ ನಡೆಸಿ, ಪೊಲೀಸರಿಗೆ ಸಾಥ್ ನೀಡಿದರು.
/home/vijay/Desktop/All_Files/ALL_TTS/DIS_Vector_Embedding_Integration/Data/Kannada_Female/wav/kn_f_evaluation_00033.wav	Kannada_Female	ನೀನು ಇಂದು ನನ್ನ ಗಡಿಯಾರವನ್ನು ರಿಪೇರಿ ಮಾಡಲಿದ್ದೀಯಾ ಅಥವಾ ಇಲ್ಲವೇ?
/home/vijay/Desktop/All_Files/ALL_TTS/DIS_Vector_Embedding_Integration/Data/Kannada_Female/wav/kn_f_books_05063.wav	Kannada_Female	''ನಿಮ್ಮ ಮನೆಗೆ ಹೋಗೊ ಕಾಡುದಾರೀಲಿ ತಿಂಗಳ ಬೆಳಕು ಇದ್ರೇನು, ಇಲ್ದಿದ್ರೇನು?
/home/vijay/Desktop/All_Files/ALL_TTS/DIS_Vector_Embedding_Integration/Data/Kannada_Female/wav/kn_f_books_03517.wav	Kannada_Female	ಅಂದ. “ಹೌಂದು ನಾನಽ” ಎಂದು ಹೇಳಿ, ಅವನಿಗೆ ನಮಸ್ಕಾರ ಮಾಡಿದ.
/home/vijay/Desktop/All_Files/ALL_TTS/DIS_Vector_Embedding_Integration/Data/Kannada_Female/wav/kn_f_books_03067.wav	Kannada_Female	ಜತೆಯಲ್ಲಿ ಹಿಂದು ಹಿತದ ಬಗ್ಗೆ ಅವರಿಗಿದ್ದ ಕಾಳಜಿ ಮತ್ತು ಉತ್ಕಟ ದೇಶಭಕ್ತಿಯೂ ಅದರಲ್ಲಿ ಮೂಡಿ ಬಂದಿದೆ.
/home/vijay/Desktop/All_Files/ALL_TTS/DIS_Vector_Embedding_Integration/Data/Kannada_Female/wav/kn_f_books_04635.wav	Kannada_Female	ಈ ಉತ್ಕಟೇಚ್ಛೆಯು ಮೂಲದಲ್ಲಿ ಚಿನ್ನ ಲೋಭವಾಗಿದೆ.
/home/vijay/Desktop/All_Files/ALL_TTS/DIS_Vector_Embedding_Integration/Data/Kannada_Female/wav/kn_f_general_00387.wav	Kannada_Female	ಕಾವೇರಿ, ಪಯಸ್ವಿನಿ, ಒಲಪಟ್ಟಣಂ, ಲಕ್ಷ್ಮಣತೀರ್ಥ ನದಿಗಳ ಅಚ್ಚುಕಟ್ಟು ಮತ್ತು ನದಿ ಹರಿವಿನ ಮರು ನಿರ್ಮಾಣ ಆಗಲೇಬೇಕು.
/home/vijay/Desktop/All_Files/ALL_TTS/DIS_Vector_Embedding_Integration/Data/Kannada_Female/wav/kn_f_evaluation_00382.wav	Kannada_Female	ದೀಪಾವಳಿಯು ಬೆಳಕಿನ ಹಬ್ಬವಾಗಿದೆ, ಇಲ್ಲಿ ನಾವು ಅದೃಷ್ಟ ಮತ್ತು ಸಮೃದ್ಧಿಯನ್ನು ತರಲು ಲಕ್ಷ್ಮಿ ದೇವಿ ಮತ್ತು ಗಣೇಶನನ್ನು ಪೂಜಿಸುತ್ತೇವೆ.
/home/vijay/Desktop/All_Files/ALL_TTS/DIS_Vector_Embedding_Integration/Data/Kannada_Female/wav/kn_f_books_03354.wav	Kannada_Female	ಅಮ್ಮ ಆ ದಿನ ನಮ್ಮನ್ನೆಲ್ಲ ಉತ್ತೇಜಿಸುತ್ತಾ ನಡುಮನೆ ವರಾಂಡದಲ್ಲಿ ದೊಡ್ಡ ಜಮಖಾನ ಹಾಸಿ ನಮ್ಮ ಕಛೇರಿಗೆ ಸಿದ್ಧತೆ ಮಾಡಿದರು.
/home/vijay/Desktop/All_Files/ALL_TTS/DIS_Vector_Embedding_Integration/Data/Kannada_Female/wav/kn_f_agri_02065.wav	Kannada_Female	ಒಂದು ಸಾಂಪ್ರದಾಯಿಕ ಲೈನರ್ ಹೋಲುತ್ತಿದ್ದರೂ ಒಳಗೆ ಈ ಪ್ಲೇಟ್, ಮರ ಕಚ್ಚಾ ವಸ್ತುಗಳು ಹಾಗೂ ಸ್ಫಟಿಕ ಮರಳಿನ ಮಿಶ್ರಣವನ್ನು ಹೊಂದಿರುತ್ತವೆ.
/home/vijay/Desktop/All_Files/ALL_TTS/DIS_Vector_Embedding_Integration/Data/Kannada_Female/wav/kn_f_books_03353.wav	Kannada_Female	ನಾವು ಮಂಡಲ ಪಂಚಾಯ್ತಿ ಜನ ಸಂಖ್ಯೆ ಆಧಾರದ ಮೇಲೆ ತಲಾವಾರು ಹತ್ತು ರೂಪಾಯಿಯಂತೆ ಸುಮಾರು ಒಂದೂವರೆ ಲಕ್ಷ ರೂಪಾಯಿ ಹತ್ತಿರ ಒಂದೊಂದು ಮಂಡಲ ಪಂಚಾಯ್ತಿಗೂ ಹಣ ಕೊಡುತ್ತೇವೆ.
/home/vijay/Desktop/All_Files/ALL_TTS/DIS_Vector_Embedding_Integration/Data/Kannada_Female/wav/kn_f_books_03666.wav	Kannada_Female	ಲಾಟೀನು ಹತ್ತಿಸಿದ ಮೇಲೆ ಇಬೊಟ್ಸನ್ ಅದನ್ನು ಎತ್ತಿ ಹಿಡಿದು ಎಲ್ಲ ದಿಕ್ಕುಗಳಲ್ಲೂ ನೋಡಿದರು.
/home/vijay/Desktop/All_Files/ALL_TTS/DIS_Vector_Embedding_Integration/Data/Kannada_Female/wav/kn_f_finance_01023.wav	Kannada_Female	ಸ್ಥಗಿತಗೊಂಡ ಸರ್ವೀಸ್ಗಳು ಬ್ಯಾಂಕಿನಲ್ಲಿ ನಿತ್ಯ ನಡೆಯುತ್ತಿದ್ದ ಪಾಸ್ ಬುಕ್‍ನಲ್ಲಿ ನಮೂದು ಮಾಡುವುದು, ಸಾಲ ಸೌಲಭ್ಯ, ಎಫ್ಡಿ (ಸ್ಥಿರ ಠೇವಣಿ), ಡಿಡಿ ಸೇವೆ, ಲಾಕರ್ ಸೇವೆ ಸ್ಥಗಿತ ಗೊಂಡಿವೆ.
/home/vijay/Desktop/All_Files/ALL_TTS/DIS_Vector_Embedding_Integration/Data/Kannada_Female/wav/kn_f_books_06053.wav	Kannada_Female	ತಮ್ಮೊಡನೆ ಲೇವಾದೇವಿ ನಡಸಿದ ಯಾರನ್ನು ಕೇಳಿದರೂ 'ತಾವಲ್ಲ' 'ತಾವಲ್ಲ' ಎಂದುಬಿಟ್ಟರು.
/home/vijay/Desktop/All_Files/ALL_TTS/DIS_Vector_Embedding_Integration/Data/Kannada_Female/wav/kn_f_general_00683.wav	Kannada_Female	ಅರಬ್ಬೀ ಸಮುದ್ರದಲ್ಲಿ ಕಡಲ್‌ಕೊರೆತ ಕಾಮಗಾರಿ ನಡೆಸುತ್ತಿದ್ದ ಬಾರ್ಜ್ ಹಡಗು ಬಂಡೆಗೆ ಡಿಕ್ಕಿ ಹೊಡೆದು ಹಡಗಿನ ಒಂದು ಭಾಗ ಮುಳುಗಿದೆ.
/home/vijay/Desktop/All_Files/ALL_TTS/DIS_Vector_Embedding_Integration/Data/Kannada_Female/wav/kn_f_books_06236.wav	Kannada_Female	ನೋವು ಉಲ್ಬಣಗೊಂಡು ವೈದ್ಯರ ಹತ್ತಿರ ತೋರಿಸಿ ಹಲ್ಲು ಕೀಳಿಸಿಕೊಂಡು ಬಂದರು.
/home/vijay/Desktop/All_Files/ALL_TTS/DIS_Vector_Embedding_Integration/Data/Kannada_Female/wav/kn_f_education_00346.wav	Kannada_Female	ಹಾಸನ ಜಿಲ್ಲಾಧಿಕಾರಿ ರೋಹಿಣಿ ಸಿಂಧೂರಿ ಅವರ ವರ್ಗಾವಣೆ ಬಳಿಕ ಹಾಸನ ಜಿಲ್ಲೆಯಲ್ಲಿ ಚುನಾವಣಾ ಕಾರ್ಯಕ್ಕೆ ತೊಂದರೆ ಆಗಬಾರದು ಎಂಬ ಕಾರಣಕ್ಕೆ ಸರ್ಕಾರದಿಂದ ವರದಿ ಕೇಳಿದ್ದೇವೆ.
/home/vijay/Desktop/All_Files/ALL_TTS/DIS_Vector_Embedding_Integration/Data/Kannada_Female/wav/kn_f_weather_00783.wav	Kannada_Female	ರಾತ್ರೋರಾತ್ರಿ ರಾವ್‌ಸಾಹೇಬ್, ತತ್ಯಾ ಮತ್ತು ಬಾಂದಾ ನವಾಬರು ಸಮಾಲೋಚನೆ ನಡೆಸಿ ಮರುದಿನ ಬೆಳಗ್ಗೆ ರಾಣಿಯನ್ನು ಕಂಡರು.
/home/vijay/Desktop/All_Files/ALL_TTS/DIS_Vector_Embedding_Integration/Data/Kannada_Female/wav/kn_f_books_04093.wav	Kannada_Female	''ಹೌದು ಕಣ್ರೋ, ದೆಯ್ಹಂದೀ ! ಅದ್ರ ಹೆಜ್ಜೇ ನೋಡಿ !
/home/vijay/Desktop/All_Files/ALL_TTS/DIS_Vector_Embedding_Integration/Data/Kannada_Female/wav/kn_f_books_03592.wav	Kannada_Female	ಆಕೆ ಅಥವಾ ಹೊಟ್ಟೆಯ ಮಗು ಬದುಕುವುದು ಸಂದೇಹಾಸ್ಪದ, ಅವಳು ಯಾವತ್ತು ಕೋಮಾದಿಂದ ಹೊರಬರಬಹುದೆಂದು ಹೇಳುವುದೇ ಕಷ್ಟ, ಎಂದರು ವೈದ್ಯರು.
/home/vijay/Desktop/All_Files/ALL_TTS/DIS_Vector_Embedding_Integration/Data/Kannada_Female/wav/kn_f_books_04376.wav	Kannada_Female	ಮಾಷೀರ್ ಮೀನು ಬಾಳೆ ಮೀನು ಇತ್ಯಾದಿ. ಮೈಸೂರಿಂದ ರಾಮದಾಸರು ಬಂದ ಕೂಡಲೆ ಭದ್ರಾನದಿಗೆ ಹೋಗೋಣ ನಡೀರಿ ತೇಜಸ್ವಿ ಎನ್ನುವರು.
/home/vijay/Desktop/All_Files/ALL_TTS/DIS_Vector_Embedding_Integration/Data/Kannada_Female/wav/kn_f_agri_00358.wav	Kannada_Female	ತೋಟಗಾರಿಕೆ ಅಧಿಕಾರಿ ಕುಮಾರಿ ಶ್ವೇತ ಎಮ್ ಕರ್ಕಿ ಅವರು ಲಾಭದಾಯಕ ಕೃಷಿಯ ಬಗ್ಗೆ ಮಾಹಿತಿ ನೀಡಿದರು.
/home/vijay/Desktop/All_Files/ALL_TTS/DIS_Vector_Embedding_Integration/Data/Kannada_Female/wav/kn_f_health_02262.wav	Kannada_Female	ನಿಮಗೆ ಒಳ್ಳೆಯ ಭಾವನೆ ಮತ್ತು ಕೆಲವು ಮೆಟಾಸ್ಟ್ಯಾಸ್ಗಳು ಮಾತ್ರ ಇದ್ದರೆ, ಈಗ ಲಭ್ಯವಿರುವ ಚಿಕಿತ್ಸೆಗಳ ಬಗ್ಗೆ ನಿಮ್ಮ ವೈದ್ಯರೊಂದಿಗೆ ಮಾತನಾಡಿ.
/home/vijay/Desktop/All_Files/ALL_TTS/DIS_Vector_Embedding_Integration/Data/Kannada_Female/wav/kn_f_books_02538.wav	Kannada_Female	ಸಂಘಟಿತ ಶಕ್ತಿ ಇಲ್ಲದಿದ್ದ ಹಿನ್ನೆಲೆಯಲ್ಲಿ ಈ ಕೆಲಸ ಪೂರಾ ದುರ್ಲಕ್ಷಿತವಾದುದು ಸಹಜ.
/home/vijay/Desktop/All_Files/ALL_TTS/DIS_Vector_Embedding_Integration/Data/Kannada_Female/wav/kn_f_books_05338.wav	Kannada_Female	ನೋಡೋಣೆಂದು ಹುಡುಕಿಕೊಂಡು ಹೊರಟೆ ಎಂದರು. ಗೆಣಸು ಬೇಯಿಸಿ ಬೆಲ್ಸ ಏಲಕ್ಕಿ, ತೆಂಗಿನಕಾಯಿ ಹಾಕಿ ಪಾಯಸ ಮಾಡಿದೆ.
/home/vijay/Desktop/All_Files/ALL_TTS/DIS_Vector_Embedding_Integration/Data/Kannada_Female/wav/kn_f_agri_00306.wav	Kannada_Female	ಇಟಲಿಯಿಂದ ಸ್ಯಾಕ್ಸೋನಿ ಮತ್ತು ಸಿಲಿಸಿಯಾ ಹೆಚ್ಚು ಗುಣಮಟ್ಟದ ಯುರೋಪಿಯನ್ ನೂಲು ಬಳಸಿ ಶಾಲುಗಳು ಮತ್ತು ಬಟ್ಟೆಗಳು ಉತ್ಪಾದನೆ, ಹಾಗೂ ರೇಷ್ಮೆಗೆ ಎಂಟರ್ಪ್ರೈಸಸ್.
/home/vijay/Desktop/All_Files/ALL_TTS/DIS_Vector_Embedding_Integration/Data/Kannada_Female/wav/kn_f_books_03457.wav	Kannada_Female	ಅಲ್ಲಿನ ಜನ ಹೆಚ್ಚು ಭಾಗ ಮುಸಲ್ಮಾನರು. ಅದರ ಮೂರು ಪ್ರಮುಖ ದ್ವೀಪಗಳಾದ ಜಾವಾ, ಸುಮಾತ್ರ ಮತ್ತು ಬಲಿ - ಇವುಗಳು ಸಂಸ್ಕೃತದ ಪದಗಳು.
/home/vijay/Desktop/All_Files/ALL_TTS/DIS_Vector_Embedding_Integration/Data/Kannada_Female/wav/kn_f_politics_00536.wav	Kannada_Female	ಆಫ್ರಿಕಾ ಸರಣಿಯಲ್ಲಿ ಗಮನಾರ್ಹ ಪ್ರದರ್ಶನ ನೀಡಿದ್ದ ಶಹಬಾಜ್ ನದೀಂರನ್ನು ಕಡೆಗಣಿಸಿ ಶಬ್ನಂ ಗಿಲ್ ಗೆ ಅವಕಾಶ ನೀಡಲಾಗಿದೆ.
/home/vijay/Desktop/All_Files/ALL_TTS/DIS_Vector_Embedding_Integration/Data/Kannada_Female/wav/kn_f_books_05730.wav	Kannada_Female	ನನ್ನ ನಿನ್ನ ಎಲ್ಲರ ಮನದಾಳದ ಪಾತಾಳ ಪ್ರಜ್ಞೆಯಲ್ಲಿ ನನ್ನತನ ನಿನ್ನತನ ಅಡಗಿ ಕುಳಿತಿದೆ.
/home/vijay/Desktop/All_Files/ALL_TTS/DIS_Vector_Embedding_Integration/Data/Kannada_Female/wav/kn_f_agri_00606.wav	Kannada_Female	ಆ ಬೀಜದ ಉಬ್ಬಿದ ಭಾಗವನ್ನು ಸಮವಾಗುವ ಹಾಗೆ ಕಲ್ಲಿನ ಮೇಲೆ ಅಥವಾ ಸ್ಯಾನ್ಡ್ ಪೇಪರ್ ಸಹಾಯದಿಂದ ಉಜ್ಜಿರಿ.
/home/vijay/Desktop/All_Files/ALL_TTS/DIS_Vector_Embedding_Integration/Data/Kannada_Female/wav/kn_f_books_03562.wav	Kannada_Female	ಶಿಷ್ಯ: ಹಿಂದೂದೇಶದ ಮತ್ತು ಪಾಶ್ಚಾತ್ಯ ದೇಶಗಳ ಕಲೆಗಳಲ್ಲಿ ನೀವು ಯಾವ ವ್ಯತ್ಯಾಸ ನೋಡಿದಿರಿ?
/home/vijay/Desktop/All_Files/ALL_TTS/DIS_Vector_Embedding_Integration/Data/Kannada_Female/wav/kn_f_general_00567.wav	Kannada_Female	ಐತಿಹಾಸಿಕ ಮೊಘಲ್ ಸರಾಯ್ ರೈಲು ನಿಲ್ದಾಣಕ್ಕೆ ದೀನದಯಾಳ್ ಉಪಾಧ್ಯಾಯ ರೈಲು ನಿಲ್ದಾಣ ಎಂದು ನಾಮಕರಣ ಮಾಡಲಾಗಿತ್ತು.
/home/vijay/Desktop/All_Files/ALL_TTS/DIS_Vector_Embedding_Integration/Data/Kannada_Female/wav/kn_f_books_03908.wav	Kannada_Female	ಮೊದಲು ಮಂಡಿಉದ್ದ ನೀರಿನಲ್ಲಿ ನಿಂತಿದ್ದ, ಇನ್ನೂ ಮುಂದೆ ಹೋಗಿ ಸೊಂಟದ ನೀರಿನಲ್ಲಿ ಮುಳುಗುವಷ್ಟು ಆಳಕ್ಕೆ ಹೋಗುತ್ತಿದ್ದಾನೆ!
/home/vijay/Desktop/All_Files/ALL_TTS/DIS_Vector_Embedding_Integration/Data/Kannada_Female/wav/kn_f_books_06783.wav	Kannada_Female	ನೆಗಡಿ ಕೆಮ್ಮು ಬಂದರೆ ಒಂದು ಮಾತ್ರೆ, ಊಟಕ್ಕೆ ಪಳಪಳ ಹೊಳೆಯುವ ನೂಡಲ್‌ಗಳು.
/home/vijay/Desktop/All_Files/ALL_TTS/DIS_Vector_Embedding_Integration/Data/Kannada_Female/wav/kn_f_other_02838.wav	Kannada_Female	ಹುಬ್ಬಳ್ಳಿಯ ಕೇಂದ್ರ ಸ್ಥಾನದಿಂದ ಪ್ರತಿ ರವಿವಾರ ನೂರಾರು ಸಂಖ್ಯೆಯಲ್ಲಿ ಬರುವ ಪ್ರವಾಸಿಗರು ರಸ್ತೆಯ ದುರ್ವ್ಯವಸ್ಥೆ ಕಂಡು ಹೌಹಾರಿದ್ದಾರೆ.
/home/vijay/Desktop/All_Files/ALL_TTS/DIS_Vector_Embedding_Integration/Data/Kannada_Female/wav/kn_f_education_01535.wav	Kannada_Female	ಧ್ರೋಣಾಚಾರ್ಯ ಪ್ರಶಸ್ತಿ ವೀರೇಂದ್ರ ಕುಮಾರ್, ಸುಜೀತ್ ಮಾನ್, ನರೇಂದ್ರ ಕುಮಾರ್ ಮತ್ತು ವಿಕ್ರಮ್ ಕುಮಾರ್.
/home/vijay/Desktop/All_Files/ALL_TTS/DIS_Vector_Embedding_Integration/Data/Kannada_Female/wav/kn_f_finance_01330.wav	Kannada_Female	ಎಸ್‌ಬಿಐ ಮಲ್ಟಿ ಆಪ್ಶನ್ ಠೇವಣಿ (ಎಂಒಡಿ) ಒಂದು ವಿಧದ ಟರ್ಮ್ ಡಿಪಾಸಿಟ್ ಆಗಿದ್ದು, ಗ್ರಾಹಕರ ಉಳಿತಾಯ ಖಾತೆ ಜೊತೆ ಸಂಪರ್ಕ ಹೊಂದಿರುತ್ತದೆ.
/home/vijay/Desktop/All_Files/ALL_TTS/DIS_Vector_Embedding_Integration/Data/Kannada_Female/wav/kn_f_books_03728.wav	Kannada_Female	ಪಾಶ್ಚಾತ್ಯರ ಅಂದಾಜಿನ ಪ್ರಕಾರ “ಪ್ರಪಂಚ ಇತ್ತೀಚೆಗೆ ಜನ್ಮತಾಳಿದ್ದು ...” ಪ್ರಪಂಚ ಬಹು ಹಿಂದೆಯೇ ಸೃಷ್ಟಿಯಾಗಿತ್ತು ಎಂಬ ಭಾರತೀಯ ದೃಷ್ಟಿಕೋನ ಅವರಿಗೆ ಒಪ್ಪಿಗೆಯಿಲ್ಲ.
/home/vijay/Desktop/All_Files/ALL_TTS/DIS_Vector_Embedding_Integration/Data/Kannada_Female/wav/kn_f_books_03665.wav	Kannada_Female	ಪೃಷ್ಠಗಳನ್ನು ಸಂಕುಚಿಸಿ, ಬೆನ್ನನ್ನು ನೇರವಾಗಿ ಹಿಗ್ಗಿಸಿ, ತೋಳುಗಳನ್ನು ಪೂರ್ಣವಾಗಿ ಚಾಚುವುದರ ಮೂಲಕ ಬಿಗಿಗೊಳಿಸಿ.
/home/vijay/Desktop/All_Files/ALL_TTS/DIS_Vector_Embedding_Integration/Data/Kannada_Female/wav/kn_f_education_01365.wav	Kannada_Female	ಗುಣಮಟ್ಟದ ಜರಿ ಹಾಗೂ ಪರಿಶುದ್ಧ ರೇಷ್ಮೆಯ ಕಾಂಜೀವರಂ, ಧರ್ಮಾವರಂ, ಪೋಚಂಪಲ್ಲಿ, ಪಟೋಲ, ಆರಣಿ, ಬನಾರಸ್ ಸೀರೆಗಳು ಕಣ್ಮನ ಸೆಳೆಯುತ್ತವೆ.
/home/vijay/Desktop/All_Files/ALL_TTS/DIS_Vector_Embedding_Integration/Data/Kannada_Female/wav/kn_f_other_02528.wav	Kannada_Female	ಫೋಲ್ಡರ್ ಆಯ್ಕೆ ಮಾಡಿ ಎಫ್ ಕ್ಲಿಕ್ ಮಾಡಿದರೆ ಸೆಕೆಂಡ್ಗಿಂತಲೂ ಕಡಿಮೆ ವೇಗದಲ್ಲಿ ಒಂದು ಫೋಲ್ಡರ್ ಹೆಸರು ಬದಲಾವಣೆ ಸಾಧ್ಯ.
/home/vijay/Desktop/All_Files/ALL_TTS/DIS_Vector_Embedding_Integration/Data/Kannada_Female/wav/kn_f_books_06203.wav	Kannada_Female	ಕೆಲವರು ಕಾಲ ಕಳೆಯೋದು ಹ್ಯಾಗೆ ಅಂತ ಲಾಟ್ರಿ ಹೊಡೀತಾ ಇರ್ತಾರೆ.
/home/vijay/Desktop/All_Files/ALL_TTS/DIS_Vector_Embedding_Integration/Data/Kannada_Female/wav/kn_f_books_06377.wav	Kannada_Female	ದೊಡ್ಡರುದ್ರ, ಸಣ್ಣರುದ್ರ, ಸುಕ್ರಾ, ಸೇಸಿ, ಗಂಗ, ನಿಂಗ, ಪುಟ್ಟ * ಕುಂಬಾರ ನಂಜ (ಆಳು) * ಕುಂಬಾರ ನಂಜನ ಹೆಂಡತಿ
/home/vijay/Desktop/All_Files/ALL_TTS/DIS_Vector_Embedding_Integration/Data/Kannada_Female/wav/kn_f_agri_00096.wav	Kannada_Female	ನಾಲ್ಕು ಮತ್ತು ಎರಡು ಬಾಗಿಲಿನ ಸೆಡನ್ ನಾಲ್ಕು ಬಾಗಿಲಿನ ವ್ಯಾಗನ್ ಮತ್ತು ಕ್ರೋಮ್ ಸಾಕಷ್ಟು ಎರಡು ಬಾಗಿಲಿನ ಕೂಪ್ ಗ್ರೆನಡಾ ಇದು ಹಲವಾರು ದೇಹದ ಶೈಲಿಗಳಲ್ಲಿ ಕೊಟ್ಟಿದ್ದಾರೆ.
/home/vijay/Desktop/All_Files/ALL_TTS/DIS_Vector_Embedding_Integration/Data/Kannada_Female/wav/kn_f_politics_00335.wav	Kannada_Female	ಟ್ರೇಡ್ ಕೆಮಿಕಲ್ ವಿಭಾಗದಲ್ಲಿ ಟ್ರೇಡ್ ಅಪ್ರೆಂಟಿಸ್ಶಿಪ್ ಪಡೆಯಲು ಇಚ್ಛಿಸುವ ಅಭ್ಯರ್ಥಿಗಳು ಬಿ.ಎಸ್.ಸಿ ವಿದ್ಯಾರ್ಹತೆ ಹೊಂದಿರಬೇಕು.
/home/vijay/Desktop/All_Files/ALL_TTS/DIS_Vector_Embedding_Integration/Data/Kannada_Female/wav/kn_f_general_00381.wav	Kannada_Female	ನಂಬಿದ್ರೆ ನಂಬಿ ಬಿಟ್ರೆ ಬಿಡಿ, ಅಮೆರಿಕಾದ ನಾಸಾದಲ್ಲಿ ಕೆಲಸ ಮಾಡುತ್ತಿರುವ ವಿಜ್ಞಾನಿಗಳ  ಪೈಕಿ ಅತಿ ಹೆಚ್ಚು ವಿಜ್ಞಾನಿಗಳು ಭಾರತೀಯರು.
/home/vijay/Desktop/All_Files/ALL_TTS/DIS_Vector_Embedding_Integration/Data/Kannada_Female/wav/kn_f_books_03843.wav	Kannada_Female	“ಸ್ವತಂತ್ರ ಭಾರತದ ತಾತ್ಕಾಲಿಕ ಸರ್ಕಾರವನ್ನು ಕುರಿತು ಬಹಳ ಹೇಳಲಾಗಿದೆ.
/home/vijay/Desktop/All_Files/ALL_TTS/DIS_Vector_Embedding_Integration/Data/Kannada_Female/wav/kn_f_education_00903.wav	Kannada_Female	ಮೋದಿ ಅವರ ಜೊತೆ ಚರ್ಚೆ ನಡೆಸಿದ ಬಳಿಕ ಕೇಂದ್ರ ವಿಮಾನಯಾನ ಖಾತೆ ರಾಜ್ಯ ಸಚಿವ ಹರ್ದೀಪ್ ಸಿಂಗ್ ಪುರಿ ಅವರೊಂದಿಗೆ ಯಡಿಯೂರಪ್ಪ ಅವರು ಚರ್ಚೆ ನಡೆಸಿದರು.
/home/vijay/Desktop/All_Files/ALL_TTS/DIS_Vector_Embedding_Integration/Data/Kannada_Female/wav/kn_f_books_03748.wav	Kannada_Female	ಅದೇ ರೀತಿಯ ತಿರಸ್ಕಾರ ಮತ್ತು ದ್ವೇಷ ಸೋತವರ ಜತೆಯಲ್ಲೂ ಅವರು ಬೆಳೆಸಿ ಕೊಂಡರು.
/home/vijay/Desktop/All_Files/ALL_TTS/DIS_Vector_Embedding_Integration/Data/Kannada_Female/wav/kn_f_agri_00138.wav	Kannada_Female	ಫ್ರೆಂಚ್ ಫ್ರೈ ಸೇರಿದಂತೆ ಆಲೂಗಡ್ಡೆ ಭಕ್ಷ್ಯ, ಅಕ್ಕಿ ಆಹಾರವಾದ ರಿಸೊಟ್ಟೊ, ಮೀನು, ಫ್ರೈಡ್ ಚಿಕನ್, ಕುರಿ ಆಹಾರಗಳ ಸುವಾಸನೆ ಹೆಚ್ಚಿಸಲು ಇದನ್ನು ಬಳಸುತ್ತಾರೆ.
/home/vijay/Desktop/All_Files/ALL_TTS/DIS_Vector_Embedding_Integration/Data/Kannada_Female/wav/kn_f_books_03033.wav	Kannada_Female	ತಿರಸ್ಕೃತ ಹೆಣ್ಣಿಗೆ ಅದಕ್ಕಿಂತ ಬೇಕೆ ಇನ್ನೊಂದು ಇಮ್ಮೊನೆಯ ಘಾತ !
/home/vijay/Desktop/All_Files/ALL_TTS/DIS_Vector_Embedding_Integration/Data/Kannada_Female/wav/kn_f_health_00288.wav	Kannada_Female	ಆದರೆ ಮಾನಸಿಕ ಆರೋಗ್ಯ ಒಂದು ದೊಡ್ಡ ಸವಾಲಾಗಿದೆ ಮತ್ತು ಈ ಮಾನಸಿಕ ಅನಾರೋಗ್ಯದ ಹಿಂದೆ ಮೌಢ್ಯದ ಪಾತ್ರ ಬಹುದೊಡ್ಡದು.
/home/vijay/Desktop/All_Files/ALL_TTS/DIS_Vector_Embedding_Integration/Data/Kannada_Female/wav/kn_f_books_03096.wav	Kannada_Female	ಇದಕ್ಕೆ ಕಾರಣ ಇವರ ಅಪ್ಪ ಅಮ್ಮಂದಿರಿಂದ ಕೇಳಿದಷ್ಟು ಹಣ ಸಿಗುವುದೇ ಆಗಿದೆ.
/home/vijay/Desktop/All_Files/ALL_TTS/DIS_Vector_Embedding_Integration/Data/Kannada_Female/wav/kn_f_finance_00663.wav	Kannada_Female	ಪರ್ಸ್ನಲ್ಲಿ ಜತನವಾಗಿ ಇರಿಸಿದ ಕ್ರೆಡಿಟ್ ಕಾರ್ಡು, ಡೆಬಿಟ್ ಕಾರ್ಡ್ಗಳನ್ನು ಒಮ್ಮೆ ನೋಡಿದ ಮೇಲೆ ಪಯಣ ಶುರು.
/home/vijay/Desktop/All_Files/ALL_TTS/DIS_Vector_Embedding_Integration/Data/Kannada_Female/wav/kn_f_general_00888.wav	Kannada_Female	ಎಕ್ಸ್‌ಪ್ರೆಸ್‌ ವೇ ಬುಂಡೇಲ್ಖಂಡ್ ಪ್ರದೇಶವನ್ನು ಆಗ್ರಾ, ಲಕ್ನೋ ಎಕ್ಸ್‌ಪ್ರೆಸ್ ವೇ ಮತ್ತು ಯಮುನಾ ಎಕ್ಸ್‌ಪ್ರೆಸ್ ವೇ ಮೂಲಕ ರಾಷ್ಟ್ರ ರಾಜಧಾನಿಗೆ ಸಂಪರ್ಕ ಕಲ್ಪಿಸುತ್ತದೆ.
/home/vijay/Desktop/All_Files/ALL_TTS/DIS_Vector_Embedding_Integration/Data/Kannada_Female/wav/kn_f_books_02307.wav	Kannada_Female	ಯು. ವಿ. ಫಡ್ಕೆ ಅವರು ತಮ್ಮ 'ಆಂಬೇಡ್ಕರಾಂಚಿ ಚಳವಳ' ಎಂಬ ಗ್ರಂಥದಲ್ಲಿ "ಮಂದಿರ ಪ್ರವೇಶದ ಸತ್ಯಾಗ್ರಹಕ್ಕೆ ಕೆಲವು ಕಾಂಗ್ರೆಸ್‌ ನಾಯಕರು ಸಮರ್ಥನೆ ನೀಡಿದ್ದಾರೆ.
/home/vijay/Desktop/All_Files/ALL_TTS/DIS_Vector_Embedding_Integration/Data/Kannada_Female/wav/kn_f_finance_00369.wav	Kannada_Female	ಇಡೀ ಜಗತ್ತಿಗೇ ತೆರಿಗೆ ಹಾಕಬೇಕು ಎಂದು ಸಾಮ್ರಾಟ ಸೀಸರ್ ಅಗಸ್ಟಸ್ ಎರಡು ಸಾವಿರ ವರ್ಷಗಳ ಹಿಂದೆಯೇ ಘೋಷಿಸಿದ್ದ.
/home/vijay/Desktop/All_Files/ALL_TTS/DIS_Vector_Embedding_Integration/Data/Kannada_Female/wav/kn_f_books_continous_00373.wav	Kannada_Female	ಚಾರ್ಟರ್ ಕಾಯ್ದೆಗಳು ಚಾರ್ಟರ್ ಕಾಯ್ದೆಗಳ ಪ್ರಮುಖ ಉದ್ದೇಶ ಭಾರತದಲ್ಲಿದ್ದ ಈಸ್ಟ್ ಇಂಡಿಯಾ ಕಂಪನಿಯ ಪರವಾನಗಿ (ಪರ್ಮಿಟ್) ಯನ್ನು ವಿಸ್ತರಿಸುವುದು.
/home/vijay/Desktop/All_Files/ALL_TTS/DIS_Vector_Embedding_Integration/Data/Kannada_Female/wav/kn_f_books_03286.wav	Kannada_Female	"ಧರ್ಮವು ಒಂದು ಹೊಸ ವಿಚಾರವನ್ನು ಹರಡಿಸಲು ಸಾಧನ ವಾಗಿದೆ. ಧರ್ಮವನ್ನು ಇಲ್ಲಿ ಬಾಂಧವ್ಯವೆಂಬ ಅರ್ಥದಲ್ಲಿ ರೂಢಿಗೆ ತರಲಾಗಿದೆ.
/home/vijay/Desktop/All_Files/ALL_TTS/DIS_Vector_Embedding_Integration/Data/Kannada_Female/wav/kn_f_health_01336.wav	Kannada_Female	ಇದು ನಿರ್ದಿಷ್ಟವಾಗಿ ಆಹ್ಲಾದಕರ ಶಬ್ದವಲ್ಲ ಮತ್ತು ಅದು ಅಲ್ಲ, ಆಫ್ಗ್ಯಾಸ್ಟಿಂಗ್ ನಿಮ್ಮ ಆರೋಗ್ಯಕ್ಕೆ ತುಂಬಾ ಅಪಾಯಕಾರಿ.
/home/vijay/Desktop/All_Files/ALL_TTS/DIS_Vector_Embedding_Integration/Data/Kannada_Female/wav/kn_f_agri_00387.wav	Kannada_Female	ಒಂದು ಎಕರೆಯಲ್ಲಿ ಕಡ್ಲೆಕಾಯಿ (ಶೇಂಗಾ) ಮತ್ತು ಅಂತರ ಬೆಳೆಯಾಗಿ ತೊಗರಿ, ಉದ್ದು, ಹೆಸರು, ಅವರೆ, ಜೋಳ ಬೆಳೆದಿದ್ದಾರೆ.
/home/vijay/Desktop/All_Files/ALL_TTS/DIS_Vector_Embedding_Integration/Data/Kannada_Female/wav/kn_f_other_02362.wav	Kannada_Female	ಇದರಿಂದ ಬೇಸರಗೊಂಡು ಗಾಳಿಯಲ್ಲಿ ಗುಂಡು ಹಾರಿಸಿದೆ ಎಂದು ತಿಳಿಸಿದ್ದಾನೆ ಎಂದು ಡಿಸಿಪಿ ಚಿನ್ಮೊಯ್ ಬಿಸ್ವಾಲ್ ತಿಳಿಸಿದ್ದಾರೆ.
/home/vijay/Desktop/All_Files/ALL_TTS/DIS_Vector_Embedding_Integration/Data/Kannada_Female/wav/kn_f_finance_00592.wav	Kannada_Female	ಆಧಾರ್‌ಪ್ಯಾನ್ ಲಿಂಕ್ ಮಾಡದೇ ಇರುವವರು ಇನ್ನು ಮುಂದೆ ಆದಾಯ ತೆರಿಗೆ ರಿಟರ್ನ್ ಸಲ್ಲಿಕೆ ಮಾಡಲು ಆಗುವುದಿಲ್ಲ.
/home/vijay/Desktop/All_Files/ALL_TTS/DIS_Vector_Embedding_Integration/Data/Kannada_Female/wav/kn_f_books_04637.wav	Kannada_Female	ಅದಕ್ಕೊಂದು ಉದಾಹರಣೆ ಹೇಳ್ತೀನಿ. ಭಾಷಾವಾರು ಪ್ರಾಂತಗಳ ರಚನೆ ಆದ ಹೊಸದರಲ್ಲಿ ಇಲ್ಲಿಗೆ ಒಬ್ಬರು ಜಿಲ್ಲಾ ಮತ್ತು ಸೆಷನ್ಸ್ ಜಡ್ಜ್ ಬಂದಿದ್ದರು.
/home/vijay/Desktop/All_Files/ALL_TTS/DIS_Vector_Embedding_Integration/Data/Kannada_Female/wav/kn_f_weather_00153.wav	Kannada_Female	"ನೀನ್ ಅವುನ್ಗೆ ಬಟ್ಟೆ ಯೇಷ್ಟ್ ಆಗ್ಬಾರ್ದು ಅಂತ ಗುರಾಯಿಸ್ದೆ, ಅವ್ನು ಇರದ್ನೆಲ್ಲ ಆಕಿ ಒಲುದ್ನಪ್ಪ" ಬಚ್ಚಪ್ಪ ರಾಮೋಜಿಯ ರಕ್ಷಣೆಗೆ ನಿಂತ.
/home/vijay/Desktop/All_Files/ALL_TTS/DIS_Vector_Embedding_Integration/Data/Kannada_Female/wav/kn_f_books_02329.wav	Kannada_Female	ತೆಕ್ಮೆಸ್ಸಾ -- ಏಜಾಕ್ಸ್ ಸೆರೆತಂದ ಹೆಣ್ಣು ಯೂರಿಸಾಸಿಸ್ -- ತೆಕ್ಮೆಸ್ಸಾ ಏಜಾಕ್ಸ್‌ರ ಎಳೆಮಗು
/home/vijay/Desktop/All_Files/ALL_TTS/DIS_Vector_Embedding_Integration/Data/Kannada_Female/wav/kn_f_books_04378.wav	Kannada_Female	ಈ ಘಟನೆ ನಡೆದ ಸ್ಥಳವನ್ನು ಗೋಕುಲದಲ್ಲಿ ಬ್ರಹ್ಮಾಂಡಘಾಟ್‌ ಎಂದು ಕರೆಯುತ್ತಾರೆ.
/home/vijay/Desktop/All_Files/ALL_TTS/DIS_Vector_Embedding_Integration/Data/Kannada_Female/wav/kn_f_books_04653.wav	Kannada_Female	ಸೈನಿಕರಿಗೆ ಖಡ್ಗ, ಭರ್ಜಿ, ಗುಂಡು ಗಳಿಂದಾದ ಗಾಯಗಳನ್ನು ನೋಡಿ ಭೀತನಾದ.
/home/vijay/Desktop/All_Files/ALL_TTS/DIS_Vector_Embedding_Integration/Data/Kannada_Female/wav/kn_f_other_02862.wav	Kannada_Female	ಶರೀರಮಾದ್ಯಮಂ ಖಲು ಧರ್ಮಸಾಧನಂ ಎಂಬುದೊಂದು ಪುರಾತನ ನುಡಿ ಬಹಳ, ಅರ್ಥ ಪೂರ್ಣವಾದ ಮಾತು ಇದಾಗಿದೆ.
/home/vijay/Desktop/All_Files/ALL_TTS/DIS_Vector_Embedding_Integration/Data/Kannada_Female/wav/kn_f_books_03857.wav	Kannada_Female	ನಾನು, ಅಕ್ಕ ಕಲಾ, ಅಪ್ಪಅಮ್ಮ ಮತ್ತು ನಮ್ಮ ಮನೆಯಲ್ಲಿ ಓದಲು ಇರುತ್ತಿದ್ದ ಚಿಕ್ಕಮ್ಮನ ಮಕ್ಕಳೋ, ಮಾವನ ಮಕ್ಕಳೋ, ನಮ್ಮೊಡನೆ ಬರುತ್ತಿದ್ದರು.
/home/vijay/Desktop/All_Files/ALL_TTS/DIS_Vector_Embedding_Integration/Data/Kannada_Female/wav/kn_f_agri_00373.wav	Kannada_Female	ಮಧ್ಯಮ ನೀರಾವರಿ ಯೋಜನೆಯ ಚಂದ್ರಂಪಳ್ಳಿ ಜಲಾಶಯ ಹಾಗೂ ಸಣ್ಣ ನೀರಾವರಿ ಕೆರೆಗಳು ಹಾಗೂ ಮುಲ್ಲಾಮಾರಿ ನದಿಗೆ ಅಡ್ಡಲಾಗಿ ನಿರ್ಮಿಸಿದ ಬ್ಯಾರೇಜುಗಳು ನೀರಿಲ್ಲದೇ ಭಣ ಗುಡುತ್ತಿವೆ.
/home/vijay/Desktop/All_Files/ALL_TTS/DIS_Vector_Embedding_Integration/Data/Kannada_Female/wav/kn_f_agri_00365.wav	Kannada_Female	ಕೆಲವು ಹೆಸರುಗಳು ಸಹ ನೀವು "ದಕ್ಷಿಣ" ಎಂದು ಯೋಚಿಸುತ್ತಿವೆ, ಏಕೆಂದರೆ ಬರ್ಮುಡಾ ಹುಲ್ಲು ಮತ್ತು ಸಂತ ಅಗಸ್ಟೀನ್ ಹುಲ್ಲು.
/home/vijay/Desktop/All_Files/ALL_TTS/DIS_Vector_Embedding_Integration/Data/Kannada_Female/wav/kn_f_books_03368.wav	Kannada_Female	ಅದಕ್ಕೆ ಛತ್ರಿ ಹಿಡಿದು ನಿಂತಿರುವೆ” ಎಂದು ತಮಾಷೆಯಾಗಿ ಹೇಳಿದ್ದರು. ‘ಕೆಳಗೆ ನೆರಳಿನಲ್ಲಿ ನಿಂತು ಕೆಲಸ ಹೇಳಬಹುದು.
/home/vijay/Desktop/All_Files/ALL_TTS/DIS_Vector_Embedding_Integration/Data/Kannada_Female/wav/kn_f_books_03647.wav	Kannada_Female	ಗುರಿಯೇ ಶ್ರದ್ಧೆ. ಸಂಸ್ಕೃತದ ಶ್ರದ್ಧೆ ಎಂಬ ಪದಕ್ಕೆ ಬಂಗಾಳಿಯಲ್ಲಿ ಸರಿಯಾದ ಪರ್ಯಾಯ ಪದವೇ ಇಲ್ಲ.
/home/vijay/Desktop/All_Files/ALL_TTS/DIS_Vector_Embedding_Integration/Data/Kannada_Female/wav/kn_f_books_06933.wav	Kannada_Female	ಈಗ ಏನೇನೂ ಹೋಗ್ತಿಲ್ಲ. ಇವರಿಗೆ ತಿಳಿಸಿದೆ. ಏನಾಗಿದೆ ಎನ್ನುತ್ತ ಬಂದ್ರು. ಜೋರು ನೀರು ಹಾಕ್ತಾರೆ ಹೋಗ್ತಾನೇಯಿಲ್ಲ.
/home/vijay/Desktop/All_Files/ALL_TTS/DIS_Vector_Embedding_Integration/Data/Kannada_Female/wav/kn_f_education_00313.wav	Kannada_Female	ನೊಯ್ಡಾದಲ್ಲಿ ತಮ್ಮ ಜೀವಕ್ಕೇ ಅಪಾಯವಿದ್ದು, ಶೀಘ್ರ ಪುಂಡರ ವಿರುದ್ಧ ಕ್ರಮ ಕೈಗೊಳ್ಳುವಂತೆ ವಿದೇಶಿ ವಿದ್ಯಾರ್ಥಿಯೊಬ್ಬ ಸಚಿವೆ ಸುಷ್ಮಾ ಸ್ವರಾಜ್ ಗೆ ಮನವಿ ಮಾಡಿದ್ದ.
/home/vijay/Desktop/All_Files/ALL_TTS/DIS_Vector_Embedding_Integration/Data/Kannada_Female/wav/kn_f_politics_00882.wav	Kannada_Female	ತ್ರಿಪಾಠಿ ಅವರನ್ನು ಕೈಬಿಟ್ಟರೆ ಬ್ರಾಹ್ಮಣ ಸಮುದಾಯದ ವಿರೋಧ ಒಂದು ಕಡೆ ಟಿಕೆಟ್ ನೀಡಿದರೆ ಪ್ರಬಲ ಠಾಕೂರ್ ಸಮುದಾಯದ ಮುಖಂಡ ಬಘೆಲ್ ಅವರ ವಿರೋಧ ಮತ್ತೊಂದು ಕಡೆ.
/home/vijay/Desktop/All_Files/ALL_TTS/DIS_Vector_Embedding_Integration/Data/Kannada_Female/wav/kn_f_finance_00069.wav	Kannada_Female	ಆದಾಯ ತೆರಿಗೆಯನ್ನು ಕ್ಲುಪ್ತವಾಗಿ ಸಂದಾಯ ಮಾಡುವ ಇನ್ಫೋಸಿಸ್ನಲ್ಲಿ ತೆರಿಗೆ ತಪ್ಪಿಸುವ ಪ್ರೋಗ್ರಾಮ್‌ಗಳು ಇಲ್ಲವೇ ಇಲ್ಲ.
/home/vijay/Desktop/All_Files/ALL_TTS/DIS_Vector_Embedding_Integration/Data/Kannada_Female/wav/kn_f_books_03859.wav	Kannada_Female	ಪ್ರತಿಯೊಬ್ಬ ಹುಡುಗನೂ ಅಖಂಡ ಬ್ರಹ್ಮಚರ್ಯ ಸಾಧನೆಯ ಶಿಕ್ಷಣ ಹೊಂದಬೇಕು. ನಂತರವೇ ನಂಬಿಕೆ ಮತ್ತು ಶ್ರದ್ಧೆ ಬರುವುದು.
/home/vijay/Desktop/All_Files/ALL_TTS/DIS_Vector_Embedding_Integration/Data/Kannada_Female/wav/kn_f_books_05825.wav	Kannada_Female	ಅಮ್ಮ ಹೋದ ಮೇಲೆ ಅಣ್ಣ, ತಾರಿಣಿಗೆ ‘ಅಕ್ಕಾ, ಅಮ್ಮನ ಚಿತ್ರಗಳನ್ನು ಹಾಕಿ ತೋರಿಸ್ತೀಯಾ’ ಎನ್ನುವರು.
/home/vijay/Desktop/All_Files/ALL_TTS/DIS_Vector_Embedding_Integration/Data/Kannada_Female/wav/kn_f_books_06068.wav	Kannada_Female	ತಂದೆಯವರು ತೋಟ ಮಾಡೆಂದು ಒಪ್ಪಿಗೆಯನ್ನು ಕೊಟ್ಟರಲ್ಲದೆ ಒಂದು ಎಚ್ಚರಿಕೆಯ ಮಾತನ್ನೂ ಹೇಳಿದರಂತೆ.
/home/vijay/Desktop/All_Files/ALL_TTS/DIS_Vector_Embedding_Integration/Data/Kannada_Female/wav/kn_f_agri_00858.wav	Kannada_Female	ಅಲ್ಲಿ ಪುಟ್ಟ ಮಗುವೊಂದು ಬಾರ್ಬಿ ಡಾಲ್ ಆಕಾರದ ಗುಲಾಬಿ ಬಣ್ಣದ ಐಸ್ಕ್ರೀಂ ಅನ್ನು ಗಲ್ಲದ ಮೇಲೆ ಹರಿಸಿಕೊಂಡು, ಕೈಗೆಲ್ಲಾ ಮೆತ್ತಿಕೊಂಡು ಪ್ರಪಂಚವೇ ತನ್ನ ಐಸ್ಕ್ರೀಂನಲ್ಲಿದೆ ಎಂಬಂತೆ ನೆಕ್ಕುತ್ತಿತ್ತು.
/home/vijay/Desktop/All_Files/ALL_TTS/DIS_Vector_Embedding_Integration/Data/Kannada_Female/wav/kn_f_other_02562.wav	Kannada_Female	ಸುಮಾರ್ ದಿವ್ಸಾ ಆಯ್ತಪ್ಪ ಫೋನ್ ಮಾಡ್ದೆ ಎಂದವನಿಗೆ ಉತ್ತರಿಸುತ್ತ, ಹೂಂ, ಕೆಲಸ ಸ್ವಲ್ಪ ಜಾಸ್ತಿಯೇ ಹಾಗಾಗಿ ಫೋನ್ ಮಾಡ್ಲಿಕ್ ಆಗ್ಲಿಲ್ಲ.
/home/vijay/Desktop/All_Files/ALL_TTS/DIS_Vector_Embedding_Integration/Data/Kannada_Female/wav/kn_f_finance_02037.wav	Kannada_Female	ದಿಢೀರನೆ ವೈನ್ ಉತ್ಪನ್ನಗಳ ಮೇಲೆ ದುಬಾರಿ ತೆರಿಗೆ ಹೆಚ್ಚಳ ಮಾಡಿರುವುದು ಬೆಳೆಗಾರರು ಹಾಗೂ ಉತ್ಪಾದಕರ ಮೇಲೆ ಸರ್ಕಾರ ಗಧಾಪ್ರಹಾರ ನಡೆಸಿದೆ.
/home/vijay/Desktop/All_Files/ALL_TTS/DIS_Vector_Embedding_Integration/Data/Kannada_Female/wav/kn_f_books_05388.wav	Kannada_Female	ನೆಫಿಲಿಯಾ ( ನೆಫಿಲಿಯಾ ಕ್ಲಾವಿಪೆಸ್) ಜಾತಿ ಜೇಡಗಳನ್ನು ಸುವರ್ಣ ರೇಷ್ಮೆ ಜೇಡ (ಗೋಲ್ಡನ್‌ ಸಿಲ್ಕ್‌ ಸ್ಪೈಡರ್) ಎನ್ನುತ್ತಾರೆ.
/home/vijay/Desktop/All_Files/ALL_TTS/DIS_Vector_Embedding_Integration/Data/Kannada_Female/wav/kn_f_health_01223.wav	Kannada_Female	ಪ್ರಾಣಿಗಳ ದಂತ ವೈದ್ಯರಾದ ಮ್ಯಾಥ್ಯೂ ಆಕ್ಸಫರ್ಡ್ ಅವರು ಫಾಬಿಗೆ ಚಿಕಿತ್ಸೆ ನೀಡುವ ವೇಳೆ ಹುಲಿಗೆ ಅರವಳಿಕೆ ಮದ್ದನ್ನು ನೀಡಲಾಗಿತ್ತು.
/home/vijay/Desktop/All_Files/ALL_TTS/DIS_Vector_Embedding_Integration/Data/Kannada_Female/wav/kn_f_books_06285.wav	Kannada_Female	ಅಂಗಳದಲ್ಲಿ ಬೆಂಕಿ ಮಾಡಿ ಸೌದೆ ಹಾಕ್ತಾ ಬೆಂಕಿ ಕಾಯಿಸ್ತಾ ಸುತ್ತ ಕುಳಿತೆವು.
/home/vijay/Desktop/All_Files/ALL_TTS/DIS_Vector_Embedding_Integration/Data/Kannada_Female/wav/kn_f_general_00768.wav	Kannada_Female	ಭೂತಾನ್ಗೆ ಸೇರಿದ ಡೋಕ್ಲಾಂನ ತ್ರಿಸಂಧಿ ಪ್ರದೇಶದಲ್ಲಿ ರಸ್ತೆ ನಿರ್ಮಿಸಲು ಮುಂದಾದ ಚೀನೀ ಸೇನೆಯನ್ನು ಭಾರತೀಯ ಸೇನೆ ತಡೆದಿತ್ತು.
/home/vijay/Desktop/All_Files/ALL_TTS/DIS_Vector_Embedding_Integration/Data/Kannada_Female/wav/kn_f_books_03358.wav	Kannada_Female	ಸ್ನೇಹಿತರು ನಾಳೆ ಪರೀಕ್ಷೆಗೆ ಏನು ಪ್ರಶ್ನೆ ಬರುವುದೆಂದು ಕೇಳಿದಾಗ ಕೋಪಗೊಂಡಂತೆ ಪೇಪರ್ ಎಲ್ಲಾ ಹರಿಯುವಂತೆ ಪ್ಲಾನ್ಷೆಟ್ ಚಲಿಸುತ್ತಾ ಯದ್ವಾತದ್ವಾ ಗೀಚುತ್ತಿತ್ತು.
/home/vijay/Desktop/All_Files/ALL_TTS/DIS_Vector_Embedding_Integration/Data/Kannada_Female/wav/kn_f_books_03493.wav	Kannada_Female	ಕೈಗಳ ಮೇಲೆ ಸಮತೋಲನ ಮಾಡಿ, ದೇಹವನ್ನು ನಿಲ್ಲಿಸಿ, ಅನಂತರ ಕಾಲುಗಳನ್ನು ಪಾರ್ಷ್ಣೀಗಳ ಬಳಿ ಒಂದಕ್ಕೊಂದು ತೊಡರಿಸಿ.
/home/vijay/Desktop/All_Files/ALL_TTS/DIS_Vector_Embedding_Integration/Data/Kannada_Female/wav/kn_f_books_03087.wav	Kannada_Female	ಸ್ವಾಮೀಜಿ: ಹಾಗೆಯೇ ಇಟ್ಟುಕೊಳ್ಳೋಣ. ನೀನು ಅದನ್ನು ಇನ್ನೂ ಹೆಚ್ಚು ವಿವರವಾಗಿ ಹೇಳಬೇಕು.
/home/vijay/Desktop/All_Files/ALL_TTS/DIS_Vector_Embedding_Integration/Data/Kannada_Female/wav/kn_f_agri_00356.wav	Kannada_Female	ನೀರಾವರಿ ನೀರಿನಲ್ಲಿ ಲವಣಾಂಶ ಹೆಚ್ಚಾಗಿದ್ದರೆ ಅಂತಹ ನೀರನ್ನು ಒಳ್ಳೆಯ ನೀರಿನೊಂದಿಗೆ ಬೆರೆಸಿಕೊಂಡು ಬಳಸುವುದು ಸೂಕ್ತ.
/home/vijay/Desktop/All_Files/ALL_TTS/DIS_Vector_Embedding_Integration/Data/Kannada_Female/wav/kn_f_books_05672.wav	Kannada_Female	ಬಿಚ್ಚಿದ ಮೇಲೆ ತನ್ನ ಕೈ ನೇಣನ್ನೂ ಎಳೆದು ನುಣಿಚಿಕೊಂಡು ಹೋದೀತೆಂಬ ಭಯದಿಂದ ನೇಣಿನ ಮತ್ತೊಂದು ತುದಿಯನ್ನು ತನ್ನ ಸೊಂಟಕ್ಕೆ ಎಂದು ಡೊಳ್ಳು ಹೊಟ್ಟೆಗೆ ಬಲವಾಗಿ ಕಟ್ಟಿಕೊಂಡನು.
/home/vijay/Desktop/All_Files/ALL_TTS/DIS_Vector_Embedding_Integration/Data/Kannada_Female/wav/kn_f_agri_00385.wav	Kannada_Female	ರೈತ ಅಲ್ಲಿಗೆ ಹೋಗಿ ತಾನು ಬೆಳೆಯುವ ಬೆಳೆ, ತನ್ನ ಜಮೀನಿನ ವಿವರ ತಿಳಿಸಿದರೆ ಪೂರ್ಣ ಮಾಹಿತಿ ನೀಡಬೇಕಾದ ಪೋಷಕಾಂಶ ಇತ್ಯಾದಿ ಸಮಗ್ರ ವಿವರಗಳ ಪ್ರಿಂಟ್ಔಟ್ ಕೊಡುತ್ತಾರೆ.
/home/vijay/Desktop/All_Files/ALL_TTS/DIS_Vector_Embedding_Integration/Data/Kannada_Female/wav/kn_f_books_04393.wav	Kannada_Female	ಮೃತನ ದೇಹವನ್ನು ಬೇಯಿಸುವಾಗ, ತಿನ್ನುವಾಗ ಮತ್ತು ತಿಂದ ನಂತರ ಅನೇಕ ಶುದ್ಧೀಕರಣ ಕೆಲಸಗಳು ನಡೆಯುತ್ತವೆ.
/home/vijay/Desktop/All_Files/ALL_TTS/DIS_Vector_Embedding_Integration/Data/Kannada_Female/wav/kn_f_books_06037.wav	Kannada_Female	ನಿನ್ನೆ ತಂದೆಯವರು ಬೆಂಗಳೂರಿಗೆ ಹೋಗುವಾಗ ಮಂಡ್ಯ ತಲಪಿದರು.
/home/vijay/Desktop/All_Files/ALL_TTS/DIS_Vector_Embedding_Integration/Data/Kannada_Female/wav/kn_f_evaluation_00295.wav	Kannada_Female	ದಾರಿಯಲ್ಲಿ ಶಾಲೆಯ ಹುಡುಗರ ಗುಂಪೊ ಆಮೆ ಹಾರುವ ನೋಡುತ್ತಾ ನಗಲು ಪ್ರಾರಂಭಿಸಿದರು.
/home/vijay/Desktop/All_Files/ALL_TTS/DIS_Vector_Embedding_Integration/Data/Kannada_Female/wav/kn_f_books_03434.wav	Kannada_Female	ಕುಂಭಕದ ಅವಧಿಯಲ್ಲಿ ಮೂಗಿನ ಮೇಲ್ಭಾಗ, ಕಣ್ಣು ಅಥವಾ ತಲೆಯನ್ನು ಮೇಲಕ್ಕೆ ಎತ್ತಬೇಡಿ.
/home/vijay/Desktop/All_Files/ALL_TTS/DIS_Vector_Embedding_Integration/Data/Kannada_Female/wav/kn_f_politics_00232.wav	Kannada_Female	ಸ್ಯಾಕ್ಸೋಫೋನ್ ವಾದ್ಯದಲ್ಲಿ ಶಾಸ್ತ್ರಿಯ ಸಂಗೀತದ ರಸದೌತಣ ನೀಡುವ ವೀಡಿಯೋ ಸಿಡಿಯನ್ನು ಪ್ರತಿಕ್ಷಾ ಡಿಜಿಟಲ್ ರೆಕಾರ್ಡಿಂಗ್ ಸಂಸ್ಥೆ ಹೊರ ತಂದಿದೆ.
/home/vijay/Desktop/All_Files/ALL_TTS/DIS_Vector_Embedding_Integration/Data/Kannada_Female/wav/kn_f_books_03351.wav	Kannada_Female	ಇದೇ ವಿಕಾಸದ ಹಾದಿಯನ್ನು ತುಳಿಯಲು, ಯಮ ನಿಯಮಗಳ ಅಭ್ಯಾಸ ಮಾಡಲು ಮತ್ತಷ್ಟು ಸಹಕಾರಿ.
/home/vijay/Desktop/All_Files/ALL_TTS/DIS_Vector_Embedding_Integration/Data/Kannada_Female/wav/kn_f_general_00356.wav	Kannada_Female	ಐ.ಐ.ಟಿ, ರೈಲ್ವೆ ವ್ಯವಸ್ಥೆ, ಭ್ರಷ್ಟಾಚಾರ ನಿರ್ಮೂಲನೆಯ ಕೇಂದ್ರ, ವಿಮಾನ ನಿಲ್ದಾಣದ ಅಭಿವೃದ್ಧಿ ಎಲ್ಲವು ಹಂತ ಹಂತವಾಗಿ ಸಾಗಲಿದೆ.
/home/vijay/Desktop/All_Files/ALL_TTS/DIS_Vector_Embedding_Integration/Data/Kannada_Female/wav/kn_f_books_02535.wav	Kannada_Female	ಜಪಾನ್‌ ವಹಿಸಿಕೊಟ್ಟ ಅಂಡಮಾನ್‌ ಮತ್ತು ನಿಕೋಬಾರ್‌ ದ್ವೀಪಗಳು (ಶಹೀದ್‌ ಮತ್ತು ಸ್ವರಾಜ್ಯ ಎಂದು ಹೊಸ ಹೆಸರು ನೀಡಲಾಗಿತ್ತು).
/home/vijay/Desktop/All_Files/ALL_TTS/DIS_Vector_Embedding_Integration/Data/Kannada_Female/wav/kn_f_weather_00659.wav	Kannada_Female	ಅಷ್ಟಕ್ಕೂ ಈಗ ಅವರು ಅಪ್ಲೋಡ್ ಮಾಡಿರುವ ವರ್ಕೌಟ್ ಬಗ್ಗೆ ಹೇಳಲು ಕಾರಣ ಸನ್ನಿ ಹೊಸ ವರ್ಕೌಟ್ ವಿಡಿಯೋ.
/home/vijay/Desktop/All_Files/ALL_TTS/DIS_Vector_Embedding_Integration/Data/Kannada_Female/wav/kn_f_books_06566.wav	Kannada_Female	ಹೂವಯ್ಯನೂ ತಿರುಗಿ ನೋಡಿದನು. ಗಾಡಿಯಾಳು ನಿಂಗ ತನ್ನ ಟ್ರಂಕನ್ನು ತಲೆಯ ಮೇಲೆ ಹೊರಲಾರದೆ ಹೊತ್ತುಕೊಂಡು ಬರುತ್ತಿದ್ದನು.
/home/vijay/Desktop/All_Files/ALL_TTS/DIS_Vector_Embedding_Integration/Data/Kannada_Female/wav/kn_f_books_05293.wav	Kannada_Female	ಏಣಿಯ ಬುಡದಲ್ಲಿ ನಿಂತು ಉಪ್ಪರಿಗೆಯ ಕಡೆಗೆ ನೋಡುತ್ತಿದ್ದ ಪುಟ್ಟ ವಾಸಯ್ಯನ ರಭಸಕ್ಕೆ ಸ್ವಲ್ಪ ಹಿಂಜರಿದು ನಿಂತು ''ನಾಯಿಮರಿ ಹೋದ್ಹಾಂಗೆ ಅಂತಾ ಕಾಣ್ತದೆ?
/home/vijay/Desktop/All_Files/ALL_TTS/DIS_Vector_Embedding_Integration/Data/Kannada_Female/wav/kn_f_general_01363.wav	Kannada_Female	ಮಾಸ್ಕೊ ಸುಮಾರು ಐವತ್ತಕ್ಕೂ ಹೆಚ್ಚು ದೇಶಗಳನ್ನು ಸಂಚರಿಸಿದ ಪ್ರತಿಷ್ಠಿತ ಫಿಫಾ ವಿಶ್ವಕಪ್ ಫುಟ್ಬಾಲ್ ಟ್ರೋಫಿ ಆತಿಥೇಯ ನಾಡಿಗೆ ಮರಳಿದೆ.
/home/vijay/Desktop/All_Files/ALL_TTS/DIS_Vector_Embedding_Integration/Data/Kannada_Female/wav/kn_f_politics_01223.wav	Kannada_Female	ಆಲ್ಮೋಸ್ಟ್ ಎಲ್ಲಾ ಥಿಯೇಟರ್ ಗಳಲ್ಲಿ ಎರಡನೇ ವಾರವೂ ಹೌಸ್ ಫುಲ್ ಪ್ರದರ್ಶನ ಕಾಣ್ತಿದ್ದು, ಸದ್ಯ ಸಿನಿಮಾದ ಸಕ್ಸಸ್ ನ ಖುಷಿಯಲ್ಲಿದೆ ಚಿತ್ರತಂಡ.
/home/vijay/Desktop/All_Files/ALL_TTS/DIS_Vector_Embedding_Integration/Data/Kannada_Female/wav/kn_f_books_05578.wav	Kannada_Female	ಆಯಾಯ ಕೋವಿಗಳಿಗೆ ಆಯಾಯಾ ನಂಬರಿನ ಸಿದ್ಧ ತೋಟಗಳು ಸಿಗುತ್ತವೆ ಚರೆತೋಟ, ಕಡಕಿನ ತೋಟ, ಗುಂಡಿನ ತೋಟಗಳೆಂಬ ಸಿದ್ಧ ಮದ್ದುಗಳಿವೆ.
/home/vijay/Desktop/All_Files/ALL_TTS/DIS_Vector_Embedding_Integration/Data/Kannada_Female/wav/kn_f_books_06633.wav	Kannada_Female	ನದಿಯ ಬಲ ದಂಡೆ ಗೋಪುರದ ಮೇಲಿದ್ದವನು ಹಾರಿಸಿದ ಆರು ರಿವಾಲ್ವರಿನ ಗುಂಡುಗಳೂ ಸಂಪೂರ್ಣ ಗುರಿ ತಪ್ಪಿದ್ದುವು.
/home/vijay/Desktop/All_Files/ALL_TTS/DIS_Vector_Embedding_Integration/Data/Kannada_Female/wav/kn_f_politics_01375.wav	Kannada_Female	ಮತ್ತ್ಯಾವುದೋ ಸಮ್ಮಿಶ್ರ ಕಥೆಯನ್ನ ಬರೆಯುವಾಗ ಕಥೆಯ ನಾಯಕಿ 'ರೂಮಿ'ಯ ಸಾಲುಗಳನ್ನ ಹೇಳುತ್ತಾಳೆಂದು ಒಂದಷ್ಟು ಕಣ್ಣಾಡಿಸಿದ್ದು ಬಿಟ್ಟರೆ 'ರೂಮಿ'ಯನ್ನ ಮತ್ತೆ ಓದಲೇ ಇಲ್ಲ.
/home/vijay/Desktop/All_Files/ALL_TTS/DIS_Vector_Embedding_Integration/Data/Kannada_Female/wav/kn_f_education_01352.wav	Kannada_Female	ತಿತ್ಲಿ, ಹುಡುಹುಡ್, ಬಟರ್‌ಫ್ಲೈ, ಗಜ ಸೇರಿದಂತೆ ಅನೇಕ ಚಂಡ ಮಾರುತಗಳು ಈಗಾಗಲೇ ಸಾಕಷ್ಟು ಜೀವ, ಆಸ್ತಿಪಾಸ್ತಿ ಹಾನಿ ಮಾಡಿದೆ.
/home/vijay/Desktop/All_Files/ALL_TTS/DIS_Vector_Embedding_Integration/Data/Kannada_Female/wav/kn_f_books_03203.wav	Kannada_Female	“ಹೌಂದೇನು? ಹಂಗಿದ್ದರ ಅವರು ನನಗ ಫೋನು ಮಾಡಬೇಕಲ್ಲ? ನಿನಗ ತಾ ಅಂದರ ಪಾಪ ನೀ ಎಲ್ಲಿಂದ ತರಬೇಕು? ಹೌಂದಲ್ಲ?”
/home/vijay/Desktop/All_Files/ALL_TTS/DIS_Vector_Embedding_Integration/Data/Kannada_Female/wav/kn_f_finance_02086.wav	Kannada_Female	ಸಭೆಯಲ್ಲಿ ಕೈಗೊಂಡ ತೀರ್ಮಾನದಂತೆ ಆಗಸ್ಟ್ ೩೧ರೊಳಗೆ ಎಲ್ಲಾ ಅರ್ಹ ಉದ್ಯಮಿಗಳು, ವ್ಯಾಪಾರಿಗಳು ಜಿಎಸ್ಟಿ ನೋಂದಣಿಯನ್ನು ಕಡ್ಡಾಯವಾಗಿ ಮಾಡಲೇಬೇಕು.
/home/vijay/Desktop/All_Files/ALL_TTS/DIS_Vector_Embedding_Integration/Data/Kannada_Female/wav/kn_f_books_03613.wav	Kannada_Female	ಸೃಷ್ಟಿಯ ಸಮಸ್ತ ‘ಸತ್’ ಶಕ್ತಿಗಳ ಎರಕಹೊಯ್ದು ಮಾಡಿದಂತಿದೆ ಈ ಪಾತ್ರ.
/home/vijay/Desktop/All_Files/ALL_TTS/DIS_Vector_Embedding_Integration/Data/Kannada_Female/wav/kn_f_agri_00173.wav	Kannada_Female	ಮಲ್ಟಿವರ್ಕ್ನಲ್ಲಿ ಅಕ್ಕಿ ಮಿಶ್ರಣವನ್ನು ತಯಾರಿಸುವ ಮೊದಲು, ಅಕ್ಕಿಯನ್ನು ತೊಳೆದುಕೊಳ್ಳಿ ಮತ್ತು ಕಟ್ ವೆನಿಲಾ ಪ್ಯಾಡ್ನೊಂದಿಗೆ ಮಲ್ಟಿವರ್ಕ್ನಲ್ಲಿ ಇರಿಸಿ.
/home/vijay/Desktop/All_Files/ALL_TTS/DIS_Vector_Embedding_Integration/Data/Kannada_Female/wav/kn_f_finance_00396.wav	Kannada_Female	ಇನ್ನು ಪ್ರಜ್ವಲ್ ಅನೇಕ ಮಂದಿಗೆ ಸಾಲ ಕೊಟ್ಟಿದ್ದು, ಅದರ ಬಗ್ಗೆ ಐಟಿ ರಿಟರ್ನ್ಸ್ ನಲ್ಲಿ ಉಲ್ಲೇಖಿಸಿಲ್ಲ.
/home/vijay/Desktop/All_Files/ALL_TTS/DIS_Vector_Embedding_Integration/Data/Kannada_Female/wav/kn_f_education_00598.wav	Kannada_Female	ಜಿತೇಂದ್ರ ಮಲ್ಹೋತ್ರಾ, ಇದೊಂದು ಆಘಾತಕಾರಿ ಸಂಗತಿ, ನನ್ನ ವೈದ್ಯಕೀಯ ಜೀವನದಲ್ಲಿ ಇಂತಹ ವ್ಯಕ್ತಿಯನ್ನು ನೋಡಿಲ್ಲ ಎಂದು ಹೇಳಿದ್ದಾರೆ.
/home/vijay/Desktop/All_Files/ALL_TTS/DIS_Vector_Embedding_Integration/Data/Kannada_Female/wav/kn_f_education_00231.wav	Kannada_Female	ಐಎನ್ಎಎ ಪ್ರಕಟಿಸಿದ ಸಹೋದರ ಮೊಹಮದ್ ಸಿಯಾಲಾರಿಂದ ಅಥೆಂಟಿಕ್, ಹಂತ ಹಂತವಾಗಿ, ಇಲ್ಲಸ್ಟ್ರೇಟೆಡ್ ಜನಝಾ ಗೈಡ್ ನಲ್ಲಿ ಇಸ್ಲಾಂನಲ್ಲಿ ಮರಣ ಮತ್ತು ಸಮಾಧಿ ವಿಧಿಗಳ ಸಂಪೂರ್ಣ ಚರ್ಚೆ ನೀಡಲಾಗಿದೆ.
/home/vijay/Desktop/All_Files/ALL_TTS/DIS_Vector_Embedding_Integration/Data/Kannada_Female/wav/kn_f_finance_00265.wav	Kannada_Female	ಬಿಹಾರ ಮಾದರಿಯಲ್ಲಿ ಪ್ರಧಾನಮಂತ್ರಿ ಫಸಲ್ಬಿಮಾ ಯೋಜನೆಯನ್ನು (ಪಿಎಂಎಫ್ಬಿವೈ) ಕೈಬಿಟ್ಟು ಹೊಸ ಬೆಳೆ ವಿಮೆ ಯೋಜನೆಯನ್ನು ಜಾರಿಗೆ ತರಲು ರಾಜ್ಯ ಸರ್ಕಾರ ಚಿಂತಿಸುತ್ತಿದೆ.
/home/vijay/Desktop/All_Files/ALL_TTS/DIS_Vector_Embedding_Integration/Data/Kannada_Female/wav/kn_f_books_03982.wav	Kannada_Female	“ಪ್ರಾಣ ಹೋಗುತ್ತೆ ಕಣ್ರೀ. ಸುಮ್ಸುಮ್ನೆ ಹೋಗಿ ಹಕ್ಕಿಗಳ ಫೋಟೋ ಹೊಡೀತೀವಿ ಅಂದ್ರೆ ಆಗಲ್ಲ.
/home/vijay/Desktop/All_Files/ALL_TTS/DIS_Vector_Embedding_Integration/Data/Kannada_Female/wav/kn_f_finance_02073.wav	Kannada_Female	ಆದಾಯದ ಮೇಲಿನ ಸರ್ಚಾರ್ಜ್ ರದ್ದಾಗಲಿದೆ, ಕಂಪನಿಗಳು ತಮ್ಮ ಲಾಭಾಂಶಕ್ಕೆ ತೆರಿಗೆ ಸಲ್ಲಿಸುವ ಅಗತ್ಯ ಇರಲಾರದು.
/home/vijay/Desktop/All_Files/ALL_TTS/DIS_Vector_Embedding_Integration/Data/Kannada_Female/wav/kn_f_books_03495.wav	Kannada_Female	“ಅಯ್ಯ ಮಾವ ಮಾವಂತ ಹಗಲೀರಾತ್ರಿ ಹಲಬತಾಳ, ಒಂದೀಟ ಕುಂತ ಮಾತಾಡಿ ಸಮಾಧಾನ ಮಾಡ್ರಿ.
/home/vijay/Desktop/All_Files/ALL_TTS/DIS_Vector_Embedding_Integration/Data/Kannada_Female/wav/kn_f_politics_00343.wav	Kannada_Female	ಕೆಲ ದಿನಗಳ ಹಿಂದಷ್ಟೇ ಬಿ.ಜೆ.ಪಿ ಹಿರಿಯ ಮುಖಂಡ ಕೈಲಾಶ್ ವಿಜಯ್‌ವರ್ಗೀಯ ಅವರ ಪುತ್ರ, ಶಾಸಕ ಆಕಾಶ್ ವಿಜಯ್‌ವರ್ಗಿಯ ಅವರು ಅಧಿಕಾರಿಯ ಮೇಲೆ ಬ್ಯಾಟ್ನಿಂದ ಹಲ್ಲೆ ಮಾಡಿದ್ದರು.
/home/vijay/Desktop/All_Files/ALL_TTS/DIS_Vector_Embedding_Integration/Data/Kannada_Female/wav/kn_f_books_02508.wav	Kannada_Female	ಜೀವನದ ಈ ಎಲ್ಲ ತಪ್ಪು ರೂಢಿಗಳು ಶ್ವಾಸದ ಮೇಲೆ ಪರಿಣಾಮ ಬೀರುವುವು.
/home/vijay/Desktop/All_Files/ALL_TTS/DIS_Vector_Embedding_Integration/Data/Kannada_Female/wav/kn_f_general_00663.wav	Kannada_Female	ಯುಎಸ್ಎ, ಕೆನಡಾ, ಯುರೋಪ್, ಆಸ್ಟ್ರೇಲಿಯಾ ಮತ್ತು ಇನ್ನೂ ಹೆಚ್ಚಿನ ಸ್ಥಳಗಳಲ್ಲಿ ರೇಡಿಯೋ ಕೇಂದ್ರಗಳು, ಆನ್ಲೈನ್ ರೇಡಿಯೋಗಳು ಮತ್ತು ಪಾಡ್‌ಕ್ಯಾಸ್ಟ್ಗಳು ಇಲ್ಲಿ ಲಭ್ಯವಿದೆ.
/home/vijay/Desktop/All_Files/ALL_TTS/DIS_Vector_Embedding_Integration/Data/Kannada_Female/wav/kn_f_books_03954.wav	Kannada_Female	ಆದರೆ ಬುದ್ಧಿವಂತ ಒದಿಸ್ಯೂಸ್‌ನ ಮಾತಿನ ಮೇರೆಗೆ ಎಲ್ಲರೂ ಊಟಕ್ಕೆ ಎದ್ದರು.
/home/vijay/Desktop/All_Files/ALL_TTS/DIS_Vector_Embedding_Integration/Data/Kannada_Female/wav/kn_f_general_01325.wav	Kannada_Female	ಭಾರತದ ಕರಾಟೆ ಪಿತಾಮಹ ಎಂದೇ ಗುರುತಿಸುವ ಮಣಿ ಭಾರತದ ಪ್ರಥಮ ಬ್ಲ್ಯಾಕ್ ಬೆಲ್ಟ್ ಪಟು.
/home/vijay/Desktop/All_Files/ALL_TTS/DIS_Vector_Embedding_Integration/Data/Kannada_Female/wav/kn_f_books_02370.wav	Kannada_Female	ಸಮಾಧಾನ ತರುವ ಬಾಳ್ವೆ. ಸಹಬಾಳ್ವೆಯ ಪರಿಸರ ಸಂಸಾರ, ಬಂಧು ಬಾಂಧವರು.
/home/vijay/Desktop/All_Files/ALL_TTS/DIS_Vector_Embedding_Integration/Data/Kannada_Female/wav/kn_f_evaluation_00173.wav	Kannada_Female	ಮಾಹಿ ಇನ್ನೂ ಮಲಗಿದ್ದಾಳಾ ಅಥವಾ ಎಚ್ಚರವಾಗಿದ್ದಾಳಾ?
/home/vijay/Desktop/All_Files/ALL_TTS/DIS_Vector_Embedding_Integration/Data/Kannada_Female/wav/kn_f_finance_01370.wav	Kannada_Female	ಬ್ಯಾಂಕ್ ಗಳು ಎಟಿಎಂ ಜಾರಿಗೆ ತಂದ್ಮೇಲೆ ಹಣ ವಿತ್ ಡ್ರಾಗೆ ಬ್ಯಾಂಕ್ ಮುಂದೆ ಸಾಲಿನಲ್ಲಿ ನಿಲ್ಲುವ ಸಮಸ್ಯೆ ತಪ್ಪಿದೆ.
/home/vijay/Desktop/All_Files/ALL_TTS/DIS_Vector_Embedding_Integration/Data/Kannada_Female/wav/kn_f_weather_00352.wav	Kannada_Female	ಅದಕ್ಕೂ ಮುನ್ನ ಮೊನ್ನೆ ದಿನ ಏನ್ ನಡೀತು, ಅಮ್ಮನ ಹೆಣವನ್ನ ಸಾಗಿಸೋಕೆ ಅಪ್ಪನಿಗೆ ಹೆಗಲು ಕೊಟ್ಟಿದ್ದ್ಯಾಕೆ ಅವರ ಮಗ ಅಂತ ಹೇಳ್ತೀವಿ ಕೇಳಿಸ್ಕೊಳ್ಳಿ.
/home/vijay/Desktop/All_Files/ALL_TTS/DIS_Vector_Embedding_Integration/Data/Kannada_Female/wav/kn_f_books_04365.wav	Kannada_Female	''ಊ್ಞ! ನೀವು ಓದ್ತಾ ಷೋಕಿ ಮಾಡ್ತಾ ಪ್ಯಾಟೆ ತಿರುಗ್ತಾ ಇರಿ.
/home/vijay/Desktop/All_Files/ALL_TTS/DIS_Vector_Embedding_Integration/Data/Kannada_Female/wav/kn_f_books_05334.wav	Kannada_Female	ತಿಮ್ಮಾಜಿ : ಈ ಭಾಗದಲ್ಲಿ ಉರ್ದುವಿಗೆ ಪ್ರಚಾರ ಹೆಚ್ಚಾಗಿತ್ತು. ಗಡಿ ಭಾಗದಲ್ಲಿ ಮರಾಠಿ ಇದ್ದು, ಕನ್ನಡಕ್ಕೆ ಅಷ್ಟೇನೂ ಪ್ರಚಾರ ಇರಲಿಲ್ಲ.
/home/vijay/Desktop/All_Files/ALL_TTS/DIS_Vector_Embedding_Integration/Data/Kannada_Female/wav/kn_f_politics_00685.wav	Kannada_Female	ಮನಮೋಹನ್ ಸಿಂಗ್, ಯು.ಪಿ.ಎ ಅಧ್ಯಕ್ಷೆ ಸೋನಿಯಾ ಗಾಂಧಿ, ಕಾಂಗ್ರೆಸ್ ಅಧ್ಯಕ್ಷ ರಾಹುಲ್ ಗಾಂಧಿ, ಬಿ.ಜೆ.ಪಿ ಅಧ್ಯಕ್ಷ ಅಮಿತ್ ಷಾ ಹಾಗೂ ವಿವಿಧ ಪಕ್ಷಗಳ ಮುಖಂಡರು ಈದ್ ಉಲ್ಫಿತ್ರ್ ಶುಭಾಶಯ ಸಲ್ಲಿಸಿದ್ದಾರೆ.
/home/vijay/Desktop/All_Files/ALL_TTS/DIS_Vector_Embedding_Integration/Data/Kannada_Female/wav/kn_f_politics_00876.wav	Kannada_Female	ಮಳೆಯಿಂದ ಇಟ್ಟಿಗೆ ತಯಾರಕರು ಹಾಗೂ ಹುಣಿಸೆ ಹಣ್ಣು ಕೋಯ್ಲು ಮಾಡುತ್ತಿರುವ ರೈತರು ತೊಂದರೆಗೆ ಸಿಲುಕುವಂತಾಗಿದೆ.
/home/vijay/Desktop/All_Files/ALL_TTS/DIS_Vector_Embedding_Integration/Data/Kannada_Female/wav/kn_f_general_00606.wav	Kannada_Female	ಚುನಾವಣಾ ಮತವನ್ನು ಗೆಲ್ಲಲು ಅವನು ಅಥವಾ ಅವಳು ಒಂದು ತಂತ್ರವನ್ನು ಹೊಂದಿರಬೇಕು.
/home/vijay/Desktop/All_Files/ALL_TTS/DIS_Vector_Embedding_Integration/Data/Kannada_Female/wav/kn_f_books_04636.wav	Kannada_Female	ಸ್ಟುಡಿ ಬೇಕರ್ ದೊಡ್ಡಕಾರು ಬಿಟ್ಟು ಇದು ಆಟದ ಕಾರು ಬಿಟ್ಟಂತಾಗುತ್ತೆ ಎನ್ನುತ್ತಿದ್ದರು ಅಣ್ಣ(ಕುವೆಂಪು).
/home/vijay/Desktop/All_Files/ALL_TTS/DIS_Vector_Embedding_Integration/Data/Kannada_Female/wav/kn_f_books_continous_00363.wav	Kannada_Female	ಈ ಕೇಂದ್ರ ನ್ಯಾಯಾಲಯದಲ್ಲಿ ಒಬ್ಬರು ಮುಖ್ಯ ನ್ಯಾಯಾಧೀಶರು ಮತ್ತು ಮೂರು ಜನ ಸಾಮಾನ್ಯ ನ್ಯಾಯಾಧೀಶರು ಕಾರ್ಯ ನಿರ್ವಹಿಸುತ್ತಿದ್ದರು.
/home/vijay/Desktop/All_Files/ALL_TTS/DIS_Vector_Embedding_Integration/Data/Kannada_Female/wav/kn_f_books_06802.wav	Kannada_Female	ಆತ ಆಯೋಗದ ಮುಂದೆ ನೀಡಿದ ಸಾಕ್ಷ್ಯದಲ್ಲಿ ಇಡೀ ನೀಲಿಕೃಷಿಯ ಘೋರ ವ್ಯವಸ್ಥೆ ನಮ್ಮ ಮುಂದೆ ಎದ್ದು ನಿಲ್ಲುತ್ತದೆ.
/home/vijay/Desktop/All_Files/ALL_TTS/DIS_Vector_Embedding_Integration/Data/Kannada_Female/wav/kn_f_books_04236.wav	Kannada_Female	- ಡಾ. ಎಚ್. ಡಿ. ಚಂದ್ರಪ್ಪಗೌಡ ವಿಲಿಯಂ ಐಂಥೋವನ್ ಡಚ್ ವೈದ್ಯ ಮತ್ತು ಅಂಗಕ್ರಿಯಾ ವಿಜ್ಞಾನಿ.
/home/vijay/Desktop/All_Files/ALL_TTS/DIS_Vector_Embedding_Integration/Data/Kannada_Female/wav/kn_f_books_03597.wav	Kannada_Female	ಸ್ವಾಮೀಜಿ: ಹಾಗೇ ಆಗಲಿ, ಒಂದು ದಿನ ರಾತ್ರಿ ಬಂದುಬಿಡು. ಬರಿಯ ವೇದಾಂತ ವಿಚಾರವೇ ಆಗಲಿ !
/home/vijay/Desktop/All_Files/ALL_TTS/DIS_Vector_Embedding_Integration/Data/Kannada_Female/wav/kn_f_books_02506.wav	Kannada_Female	ಅದನ್ನ ತಿನ್ನೋದಿಕ್ಕೆ ಅಂತ ಒಂದು ಬೆಕ್ಕು ಬರುತ್ತೆ. ಅದು ಇಂಥೋರ ಮನೆ ಬೆಕ್ಕು ಅಂತ ಅವನು ಹೇಳ್ತಾನೆ.
/home/vijay/Desktop/All_Files/ALL_TTS/DIS_Vector_Embedding_Integration/Data/Kannada_Female/wav/kn_f_general_01373.wav	Kannada_Female	ದಕ್ಷಿಣ ಆಫ್ರಿಕಾದ ನೊಬೆಲ್ ಪುರಸ್ಕೃತ ಜೀವವಿಜ್ಞಾನಿ ಮತ್ತು ಶಿಕ್ಷಕ ಸಿಡ್ನಿ ಬ್ರೆನ್ನರ್ ಅವರು, ಗೌತೆಂಗ್ ಬಳಿಯ ಜೆರ್ಮಿಸ್ಟನ್ ಎಂಬಲ್ಲಿ ಜನಿಸಿದರು.
/home/vijay/Desktop/All_Files/ALL_TTS/DIS_Vector_Embedding_Integration/Data/Kannada_Female/wav/kn_f_other_02378.wav	Kannada_Female	ನೀವು ಪಾದಯಾತ್ರೆ ಮಾಡಲು ಯೋಜಿಸುವ ಅದೇ ಬೂಟುಗಳಲ್ಲಿ (ಅಥವಾ ಬೂಟುಗಳು ) ಫ್ಲಾಟ್ಫೂಟ್ ಸ್ಟ್ಯಾಂಡ್ ಮಾಡಿ.
/home/vijay/Desktop/All_Files/ALL_TTS/DIS_Vector_Embedding_Integration/Data/Kannada_Female/wav/kn_f_general_00359.wav	Kannada_Female	ಪಶ್ಚಿಮ ಅಮೆಜಾನ್‌ನ ನದಿಗಳು ಅವುಗಳ ಸಂಕೀರ್ಣ ಹರಿವಿನ ಆಳ್ವಿಕೆಯಿಂದ ಮತ್ತು ಹೆಚ್ಚಿನ ನೀರಿನ ಅಂಶಗಳಿಂದ ಭಿನ್ನವಾಗಿವೆ.
/home/vijay/Desktop/All_Files/ALL_TTS/DIS_Vector_Embedding_Integration/Data/Kannada_Female/wav/kn_f_evaluation_00362.wav	Kannada_Female	ಭಾರತದಲ್ಲಿ, "ನಿಶ್ಚಯಿಸಿದ ಮದುವೆ" ವ್ಯವಸ್ಥೆಯ ಪರಿಕಲ್ಪನೆಯನ್ನು ಇನ್ನೂ ಅಭ್ಯಾಸ ಮಾಡಲಾಗುತ್ತಿದೆ, ಎಲ್ಲಿ ಪೋಷಕರು ತಮ್ಮ ಮಗುವಿಗೆ ಜೀವನ ಸಂಗಾತಿಯನ್ನು ಆಯ್ಕೆ ಮಾಡುತ್ತಾರೆ.
/home/vijay/Desktop/All_Files/ALL_TTS/DIS_Vector_Embedding_Integration/Data/Kannada_Female/wav/kn_f_agri_00233.wav	Kannada_Female	ಬಾಂಬರ್ ಮತ್ತು ಸ್ಕಿಂಪರ್ ಎಂಬ ಬೃಹತ್ ಗಾತ್ರದ ಮೊಸಳೆಗಳು, ಕಲ್ಲಂಗಡಿ ಹಣ್ಣನ್ನು ಸ್ಮಾಶ್ ಮಾಡಿ, ಅದರ ಸ್ವಾದ ಸವಿಯೋದು ಆ ವಿಡಿಯೋದಲ್ಲಿ ಸೆರೆಯಾಗಿದೆ.
/home/vijay/Desktop/All_Files/ALL_TTS/DIS_Vector_Embedding_Integration/Data/Kannada_Female/wav/kn_f_other_02287.wav	Kannada_Female	ನೀನು ಹೀಗೆ ತರ್ಲೆ ಪ್ರಶ್ನೆ ಕೇಳ್ತಾ ಓದದೆ ಇದ್ರೆ ದೇವರಿಗೆ ಕೋಪ ಬ೦ದು ನೀನು ರಾತ್ರಿ ಮಲಗಿದ್ದಾಗ ನಿನ್ನ ಮೂಗು ಕುಯ್ತಾನೆ.
/home/vijay/Desktop/All_Files/ALL_TTS/DIS_Vector_Embedding_Integration/Data/Kannada_Female/wav/kn_f_weather_00536.wav	Kannada_Female	ಸ್ವೀಟಿ ಹುಟ್ಟುಹಬ್ಬಕ್ಕೆ ಒಂದು ದಿನ ಮೊದ್ಲೇ ನಿಶಬ್ಧಂ ಟೀಂ, ಟೀಸರ್ ರಿಲೀಸ್ ಮಾಡಿ ಸ್ಪೆಷಲ್ ಗಿಫ್ಟ್ ಕೊಟ್ಟಿದೆ.
/home/vijay/Desktop/All_Files/ALL_TTS/DIS_Vector_Embedding_Integration/Data/Kannada_Female/wav/kn_f_books_06683.wav	Kannada_Female	ಯೋಗಾನಂದ ಸ್ವಾಮಿಗಳು ಶಿಷ್ಯನನ್ನು ಜೊತೆಯಲ್ಲಿ ಕರೆದುಕೊಂಡು ಸುಮಾರು ಎರಡೂವರೆ ಗಂಟೆಗೆ ಟ್ರಾಮ್ ಗಾಡಿಯಲ್ಲಿ ಹೊರಟರು.
/home/vijay/Desktop/All_Files/ALL_TTS/DIS_Vector_Embedding_Integration/Data/Kannada_Female/wav/kn_f_books_02367.wav	Kannada_Female	"ಹೌಂದ್ರಿ ಎವ್ವಾ, ಅದನ್ನ ಹೇಳಾಕಂತ ಬಂದ್ಯಾ. ಅಂಧಾಂಗ ಚಂಬಣ್ಣನ ಮದಿವೀನೂ ಇದ ವರ್ಷ ನೀವೂ ಮಾಡಿಬಿಟ್ರೆಲ್ಲ”.
/home/vijay/Desktop/All_Files/ALL_TTS/DIS_Vector_Embedding_Integration/Data/Kannada_Female/wav/kn_f_books_05559.wav	Kannada_Female	ರಾಮ ಭರತ ಸಮಾಗಮದ ಫಲವನ್ನು ಡಿ. ವಿ. ಜಿ. ಹೀಗೆ ವರ್ಣಿಸುತ್ತಾರೆ:
/home/vijay/Desktop/All_Files/ALL_TTS/DIS_Vector_Embedding_Integration/Data/Kannada_Female/wav/kn_f_books_03038.wav	Kannada_Female	ಅಲ್ಲಿ ಅವರ ತಮ್ಮ ತಿಮ್ಮೇಗೌಡರು ಮತ್ತು ತಮ್ಮನ ಮಗ ಡಿ. ಟಿ. ಚಂದ್ರಶೇಖರ ಇದ್ದರು.
/home/vijay/Desktop/All_Files/ALL_TTS/DIS_Vector_Embedding_Integration/Data/Kannada_Female/wav/kn_f_books_05283.wav	Kannada_Female	'' ಎಂದು ಹೇಳುತ್ತಿದ್ದನು. ಹೂವಯ್ಯ ''ಹ್ಞೂ ಬಿಡು. ಅದನ್ನೆಲ್ಲ ಕಟ್ಟಿಕೊಂಡು ನೀನೇನು ಮಾಡ್ತೀಯ? ಹೋಗು!'' ಎಂದನು.
/home/vijay/Desktop/All_Files/ALL_TTS/DIS_Vector_Embedding_Integration/Data/Kannada_Female/wav/kn_f_weather_00163.wav	Kannada_Female	ಕಟ್ಟಡವು ಟರ್ಕಿಶ್ ಸ್ನಾನ, ಜಕುಝಿ, ಒಳಾಂಗಣ ಬಿಸಿ ಪೂಲ್, ಫಿಟ್ನೆಸ್ ಸೆಂಟರ್, ಜಿಮ್, ಸೌನಾ, ಜಕುಝಿ ಮತ್ತು ಬ್ಯೂಟಿ ಸಲೂನ್ ಹೊಂದಿದೆ.
/home/vijay/Desktop/All_Files/ALL_TTS/DIS_Vector_Embedding_Integration/Data/Kannada_Female/wav/kn_f_evaluation_00396.wav	Kannada_Female	ವಸಂತ ಋತುವಿನ ಆಗಮನವನ್ನು ಸೂಚಿಸಲು ಮೇವಾರ್ ಹಬ್ಬವು ರಾಜಸ್ಥಾನದ ಉದಯಪುರದಲ್ಲಿ ನಡೆಯುತ್ತದೆ.
/home/vijay/Desktop/All_Files/ALL_TTS/DIS_Vector_Embedding_Integration/Data/Kannada_Female/wav/kn_f_books_03304.wav	Kannada_Female	‘ಅಯ್ಯೋ ಊರ‍್ನಾಗೇನು ಸೌಭಾಗ್ಯ ಇದೇಂತ ಮುಚ್ಚಳಿಕೆ ಬರಕೊಟ್ಟು ಓಡಿ ಬರಬೇಕು ಬಿಡಪ್ಪ.
/home/vijay/Desktop/All_Files/ALL_TTS/DIS_Vector_Embedding_Integration/Data/Kannada_Female/wav/kn_f_politics_00673.wav	Kannada_Female	ಕಾರ್ಯಕ್ರಮದ ಪ್ರಚಾರ ಸಮಿತಿಯ ಸಂಚಾಲಕ ವಿ.ಯು. ಇಸ್ಹಾಕ್ ಝುಹ್ರಿ ಸಂದೇಶ ಭಾಷಣ ಮಾಡಿದರು.
/home/vijay/Desktop/All_Files/ALL_TTS/DIS_Vector_Embedding_Integration/Data/Kannada_Female/wav/kn_f_education_00937.wav	Kannada_Female	ಮಕ್ಕಳ ಜ್ಞಾನ ಸಾಲದು, ಅನುಭವ ಸಾಲದು ಎಂದು ತಿಳಿದ ತಾಯ್ತಂದೆಗಳು ಹಾಗೂ ಶಿಕ್ಷಕರು ಅವರ ಕೈಹಿಡಿದು ನಡೆಸುತ್ತಾರೆ.
/home/vijay/Desktop/All_Files/ALL_TTS/DIS_Vector_Embedding_Integration/Data/Kannada_Female/wav/kn_f_books_05836.wav	Kannada_Female	ಪಕ್ಕದಲ್ಲಿ ಅವಳ ಪುಟ್ಟ ತಂಗಿ ಲಕ್ಷ್ಮಿ ಅಕ್ಕನ ಸೀರೆಯ ನಿರಿಗಳನ್ನು ಭದ್ರವಾಗಿ ಹಿಡಿದು ನಿಂತಿದ್ದಳು .
/home/vijay/Desktop/All_Files/ALL_TTS/DIS_Vector_Embedding_Integration/Data/Kannada_Female/wav/kn_f_books_03135.wav	Kannada_Female	ವಾಸ್ತವ ಸಂಗತಿ ಏನೆಂದರೆ ಹೆಗಡೆಗೆ ಯಾವ ರಾಜಕೀಯ ಸಿದ್ಧಾಂತವೂ ಇಲ್ಲ.
/home/vijay/Desktop/All_Files/ALL_TTS/DIS_Vector_Embedding_Integration/Data/Kannada_Female/wav/kn_f_general_00093.wav	Kannada_Female	ನಕ್ಷತ್ರಗಳ ಸಂಖ್ಯೆ ಅದೆಷ್ಟೇ ಆಗಿರಲಿ, ವಿಸ್ಮಯ ಏನೆಂದರೆ, ಇಷ್ಟೂ ನಕ್ಷತ್ರಗಳು ಆಕಾಶದಲ್ಲಿ ಒಂಟೊಂಟಿಯಾಗಿ ನೆಲೆಗೊಂಡಿಲ್ಲ.
/home/vijay/Desktop/All_Files/ALL_TTS/DIS_Vector_Embedding_Integration/Data/Kannada_Female/wav/kn_f_books_05321.wav	Kannada_Female	ಥು ರಾಜೇಶ್ ಎಂಥ ವಿರುದ್ಧ ಭಾವಗಳ ತರಲೆ ಗೊತ್ತ ನನ್ನ ತಲೆಯಲ್ಲಿ “ಇಲ್ಲದ ನನ್ನ ಪುನರ್ಜನ್ಮಕ್ಕೆ” ಎಂದೊಂದು ಕವನ ಬರೆದಿದ್ದೆ.
/home/vijay/Desktop/All_Files/ALL_TTS/DIS_Vector_Embedding_Integration/Data/Kannada_Female/wav/kn_f_books_02568.wav	Kannada_Female	ಶಿಷ್ಯನು ತಲೆಯನ್ನು ಬಗ್ಗಿಸಿಕೊಂಡು ಸಮ್ಮತಿಯನ್ನು ಸೂಚಿಸದೆ. ಸ್ವಾಮೀಜಿ ಅವನಿಗೆ ಹೀಗೆಂದು ಹೇಳಿದರು: ಸಂಸಾರದಲ್ಲಿ ಇಂದಿನಿಂದ ಇವರು ಸತ್ತಹಾಗೆ.
/home/vijay/Desktop/All_Files/ALL_TTS/DIS_Vector_Embedding_Integration/Data/Kannada_Female/wav/kn_f_agri_00287.wav	Kannada_Female	ಜೇನು ಸಾಕಣೆ ಜತೆಗೆ ಜಮೀನಿನಲ್ಲಿ ಹೆಬ್ಬೇವು, ನಿಂಬೆ, ಹಿಪ್ಪು ನೇರಳೆ, ಜಮ್ಮು ನೇರಳೆ ಬೆಳೆದಿದ್ದೇನೆ.
/home/vijay/Desktop/All_Files/ALL_TTS/DIS_Vector_Embedding_Integration/Data/Kannada_Female/wav/kn_f_health_02273.wav	Kannada_Female	ಕೆಲವು ರೋಗಿಗಳಿಗೆ ಆಮ್ಲಜನಕ ಪೂರೈಕೆಯ ಮಟ್ಟಗಳನ್ನು ಕಡಿಮೆ ಮಾಡಿದೆವು ಎಂದಷ್ಟೇ ಹೇಳಿದ ವೈದ್ಯ ರೊಬ್ಬರು ಇದರಿಂದಾಗಿ ಸಾವುಗಳು ಸಂಭವಿಸಲು ಸಾಧ್ಯವಿಲ್ಲ.
/home/vijay/Desktop/All_Files/ALL_TTS/DIS_Vector_Embedding_Integration/Data/Kannada_Female/wav/kn_f_books_05708.wav	Kannada_Female	ಮೋಸದಿಂದ ಯಾರನ್ನೂ ಕೊಂದವನಲ್ಲ. ತನಗೆ ಸ್ಪರ್ಧಿಯಾದಾ ನೆಂದು ಯಾರನ್ನೂ ಮೊಳಕೆಯಲ್ಲೆ ಚಿವುಟಲಿಲ್ಲ.
/home/vijay/Desktop/All_Files/ALL_TTS/DIS_Vector_Embedding_Integration/Data/Kannada_Female/wav/kn_f_books_03324.wav	Kannada_Female	ಅಲ್ಲಿ ಹನ್ನೆರಡು ವರ್ಷಗಳ ಕಾಲ ಪ್ರಾಸ್ಪೆರೊ ತನ್ನ ಮಗಳೊಂದಿಗೆ ಬದುಕಿದ.
/home/vijay/Desktop/All_Files/ALL_TTS/DIS_Vector_Embedding_Integration/Data/Kannada_Female/wav/kn_f_general_00738.wav	Kannada_Female	ಸೇಂಟ್ ಪಿಯೆರ್ ಕ್ಯೋಕುಶಿನ್ ಕಪ್ಪು ಬೆಲ್ಟ್ (ಪೂರ್ಣ ಸಂಪರ್ಕ ಕರಾಟೆ ಹೋರಾಟಗಾರ) ಆಗಿದ್ದು, ತರಬೇತಿಯ ಸಮಯದಲ್ಲಿ ಅವರು ಕಲಿತದ್ದನ್ನು ಅವರಲ್ಲಿ ಬಹಳಷ್ಟು ಯಶಸ್ಸು ಮಾಡಿದ್ದಾರೆ.
/home/vijay/Desktop/All_Files/ALL_TTS/DIS_Vector_Embedding_Integration/Data/Kannada_Female/wav/kn_f_politics_00806.wav	Kannada_Female	ರೈತರು ಅಗರ್ವುಡ್ ಬೆಳೆಯ ಬಗ್ಗೆ ತಿಳಿವಳಿಕೆ ಕೇಳಿದರೆ ನಮಗೆ ಇಂಟರ್ನೆಟ್‌ನ‌ಲ್ಲಿ ದೊರೆತ ಆಸ್ಸಾಂ ರಾಜ್ಯದ ಮಾಹಿತಿ ನೀಡುತ್ತೇವೆ ಎಂದರು.
/home/vijay/Desktop/All_Files/ALL_TTS/DIS_Vector_Embedding_Integration/Data/Kannada_Female/wav/kn_f_books_04738.wav	Kannada_Female	ಅದೇ ರಾತ್ರಿ ಅವನ ಹೆಂಡತಿ ಒಂದು ಮಗು ಹೆತ್ತಳು.....'' ''ಗಂಡೋ ಹೆಣ್ಣೋ'' ಎಂದು ಕೇಳಿದಳು ಪುಟ್ಟಮ್ಮ.
/home/vijay/Desktop/All_Files/ALL_TTS/DIS_Vector_Embedding_Integration/Data/Kannada_Female/wav/kn_f_books_continous_00366.wav	Kannada_Female	ಇಂಗ್ಲೆಂಡ್‍ನ ಸರ್ಕಾರ ಈ ಕಾಯ್ದೆಯಲ್ಲಿ ಹೊಸ ನಿಬಂಧನೆಗಳನ್ನು ಹೇರುವುದರ ಮೂಲಕ ಭಾರತದಲ್ಲಿ ಕಂಪನಿ ಸರ್ಕಾರವನ್ನು ನಿರ್ಣಾಯಕವಾಗಿ ನಿಯಂತ್ರಿಸಿತು.
/home/vijay/Desktop/All_Files/ALL_TTS/DIS_Vector_Embedding_Integration/Data/Kannada_Female/wav/kn_f_books_06562.wav	Kannada_Female	ಹೀಗಿರುವಾಗ ಈ ದಾಸ್ಯವನ್ನು ತಾವಾಗಿಯೇ ಸ್ವೀಕರಿಸಲು ಅದೆಷ್ಟು ಜನ ಮುಂದೆ ಬಂದಾರು ?
/home/vijay/Desktop/All_Files/ALL_TTS/DIS_Vector_Embedding_Integration/Data/Kannada_Female/wav/kn_f_other_02595.wav	Kannada_Female	ದುಬೈನ ಯುವರಾಜ ಶೇಖ್ ಹಮ್ದಾನ್ ಬಿನ್ ಮೊಹಮ್ಮದ್ ಬಿನ್ ರಶೀದ್ ಅಲ್ ಮಕ್ತೌಮ್ ಅವರೂ ಈ ಫೋಟೋವನ್ನು ಸೆರೆ ಹಿಡಿದಿದ್ದಾರೆ.
/home/vijay/Desktop/All_Files/ALL_TTS/DIS_Vector_Embedding_Integration/Data/Kannada_Female/wav/kn_f_health_00387.wav	Kannada_Female	ಕಾಂಪೌಂಡ್ ವ್ಯಾಯಾಮ ಒಂದಕ್ಕಿಂತ ಹೆಚ್ಚು ಸ್ನಾಯು ಗುಂಪು ಮತ್ತು ಒಂದಕ್ಕಿಂತ ಹೆಚ್ಚು ಜಂಟಿ ಸ್ನಾಯುಗಳನ್ನು ಬಳಸಿಕೊಂಡು ಮಾಡುವ ವ್ಯಾಯಾಮವೇ ಸಂಯುಕ್ತ ವ್ಯಾಯಾಮ.
/home/vijay/Desktop/All_Files/ALL_TTS/DIS_Vector_Embedding_Integration/Data/Kannada_Female/wav/kn_f_books_03051.wav	Kannada_Female	ಪ್ಯಾರಿಸ್ ಎನ್ನುವ ಟ್ರಾಯ್ ರಾಜಕುಮಾರ ಮೆನೆಲೌಸ್‌ನ ಸತಿ ಹೆಲೆನ್‌ಳನ್ನು ಕದ್ದುಕೊಂಡು ಹೋಗುತ್ತಾನೆ.
/home/vijay/Desktop/All_Files/ALL_TTS/DIS_Vector_Embedding_Integration/Data/Kannada_Female/wav/kn_f_general_00266.wav	Kannada_Female	ಇದರ ಜೊತೆಯಲ್ಲಿ ರಾಕೆಟ್ ಶೆಲ್ ಲಾಂಚ್ ಮಾಡಲು ಪ್ಯಾಡ್, ಎಲೆಕ್ಟ್ರಿಕಲ್ ವೈರ್ ಸಿಕ್ಕಿದ್ದು, ಕೌಸರ್ ಹೇಳಿಕೆಗೆ ಪುಷ್ಟಿ ಸಿಕ್ಕಿದೆ.
/home/vijay/Desktop/All_Files/ALL_TTS/DIS_Vector_Embedding_Integration/Data/Kannada_Female/wav/kn_f_books_03615.wav	Kannada_Female	ಕೆಲವು ಶಾಲೆಗಳು ಕನ್ನಡ ಮಾಧ್ಯಮದ ಬೋರ್ಡ್ ಹಾಕ್ಕೊಂಡು ಇಂಗ್ಲಿಷ್ ನಲ್ಲಿ ಬೋಧಿಸುತ್ತ ಅನ್ಯಾಯ ಮಾಡುತ್ತಿವೆ.
/home/vijay/Desktop/All_Files/ALL_TTS/DIS_Vector_Embedding_Integration/Data/Kannada_Female/wav/kn_f_politics_00937.wav	Kannada_Female	ತಕ್ಷಣ ನಿರಾಣಿ ಅವರನ್ನು ಪೊಲೀಸರು ಬಂದೋಬಸ್ತ್‌ನ‌‌ಲ್ಲಿ ಪ್ರಚಾರ ಸಭೆ ನಡೆಯುತ್ತಿದ್ದ ಸ್ಥಳದ ಹತ್ತಿರವಿದ್ದ ಮನೆಗೆ ಕರೆದುಕೊಂಡು ಹೋದರು.
/home/vijay/Desktop/All_Files/ALL_TTS/DIS_Vector_Embedding_Integration/Data/Kannada_Female/wav/kn_f_health_02329.wav	Kannada_Female	ಮರೆಯದಿರಿ ರಂಧ್ರದಲ್ಲಿ ಟೀಯಿಂಗ್ ಮೊದಲು ನಿಮ್ಮ ಲಭ್ಯವಿರುವ ಸ್ಟ್ರೋಕ್ಗಳಲ್ಲಿ ಒಂದನ್ನು (ಅಥವಾ ಎರಡು) ಬಳಸಲು ನಿಮ್ಮ ಉದ್ದೇಶವನ್ನು ನೀವು ಘೋಷಿಸಬೇಕು.
/home/vijay/Desktop/All_Files/ALL_TTS/DIS_Vector_Embedding_Integration/Data/Kannada_Female/wav/kn_f_books_03552.wav	Kannada_Female	ಹೇಗೆಂದರೆ ಮೊದಲು ಬಲಗೈ ಹೆಬ್ಬೆರಳು ನೆಲ ಮುಟ್ಟಿದೆ ಎಂದು ಊಹಿಸೋಣ.
/home/vijay/Desktop/All_Files/ALL_TTS/DIS_Vector_Embedding_Integration/Data/Kannada_Female/wav/kn_f_books_03580.wav	Kannada_Female	ಅಂದರೆ ಪೆಟ್ರೋಲಿನ ಮೇಲೆ ತೆರಿಗೆ ಹಾಕಿದರೆ ಅದರ ಅರ್ಧಕ್ಕರ್ದ ಹೊರೆ ಬೀಳುವುದು ಸರ್ಕಾರದ ಮೇಲೆ.
/home/vijay/Desktop/All_Files/ALL_TTS/DIS_Vector_Embedding_Integration/Data/Kannada_Female/wav/kn_f_agri_01380.wav	Kannada_Female	ದಾಲ್ಚಿನ್ನಿ! ಭಾರತ, ಶ್ರೀಲಂಕಾ, ಇಂಡೋನೇಷ್ಯಾ, ಬ್ರೆಜಿಲ್, ವಿಯೆಟ್ನಾಮ್, ಮತ್ತು ಈಜಿಪ್ಟ್‌ನಲ್ಲಿ ಬೆಳೆಯುವ ಸಣ್ಣ ಮರವಾಗಿದೆ.
/home/vijay/Desktop/All_Files/ALL_TTS/DIS_Vector_Embedding_Integration/Data/Kannada_Female/wav/kn_f_books_03865.wav	Kannada_Female	ಇದಕ್ಕೆ ಬಹುಮುಖ್ಯ ಕಾರಣ ಭಾರತ ಪಾಶ್ಚಾತ್ಯ ಕಲ್ಪನೆಗಳ ಅನ್ವಯ ಒಂದು ರಾಷ್ಟ್ರ ಆಗಿರಲೇ ಇಲ್ಲ.
/home/vijay/Desktop/All_Files/ALL_TTS/DIS_Vector_Embedding_Integration/Data/Kannada_Female/wav/kn_f_books_03965.wav	Kannada_Female	ಅಮ್ರೊ, ಹಿಂದಕ್ಕೂ ಮುಂದಕ್ಕೂ ಕುತ್ತಿಗೆ ಆಡಿಸ್ತ, ರಾಗಿ ತಿಂತಾ, ಗುಟ್ರು ಗುಟ್ರು ಅಂತ ಒಂದಕ್ಯೊಂದು ತಿವಿತಾ ಜಗಳಾ ಕಾಯ್ತವೆ, ರಾಗಿ ತಿಂತವೆ.
/home/vijay/Desktop/All_Files/ALL_TTS/DIS_Vector_Embedding_Integration/Data/Kannada_Female/wav/kn_f_books_02856.wav	Kannada_Female	ನಮ್ಮೂರಿನ ಕಾಡು, ನದಿಗಳನ್ನು ನೋಡಿಯೇ ಜಗತ್ತಿನ ಎಲ್ಲವೂ ನನಗೆ ಗೊತ್ತಿದೆ ಅಂದುಕೊಂಡಿದ್ದೆ.
/home/vijay/Desktop/All_Files/ALL_TTS/DIS_Vector_Embedding_Integration/Data/Kannada_Female/wav/kn_f_books_03367.wav	Kannada_Female	ಈ ಸಂದರ್ಭವನ್ನು ಕವಿ ರಾಘವಾಂಕನು ಅತ್ಯಂತ ಉತ್ಸಾಹದಿಂದ ವರ್ಣಿಸುತ್ತಾನೆ.
/home/vijay/Desktop/All_Files/ALL_TTS/DIS_Vector_Embedding_Integration/Data/Kannada_Female/wav/kn_f_general_00163.wav	Kannada_Female	ಕೆಲವು ವರ್ಗಗಳಿಗೆ ಮಾತ್ರ ನಿರ್ಬಂಧ ತೆರವು ಮಾಡುವ ತಂತ್ರಜ್ಞಾನ ಇದೆಯೇ ಎಂದು ಪೀಠ ಪ್ರಶ್ನಿಸಿತು.
/home/vijay/Desktop/All_Files/ALL_TTS/DIS_Vector_Embedding_Integration/Data/Kannada_Female/wav/kn_f_books_05397.wav	Kannada_Female	ಮತ್ತೆ ಕೇಳಿದಳು: ''ನಾವೂ ಹೋಗಾನೇನೆ ಅಲ್ಲಿಗೆ?'' ''ಥೂ! ಹಾಳುಬಾಯಿ ನುಡೀಬೇಡ'' ಎಂದಳು ಸೀತೆ.
/home/vijay/Desktop/All_Files/ALL_TTS/DIS_Vector_Embedding_Integration/Data/Kannada_Female/wav/kn_f_books_06343.wav	Kannada_Female	ಇವರು ಕಾರು ಡ್ರೈವ್ ಮಾಡ್ತಾನೆ, ದಾರಿ ಬದಿಯಲ್ಲಿ ಏನಾದರೂ ವಿಚಿತ್ರವಾಗಿ ಕಂಡಕೂಡಲೇ ಕಾರು ನಿಲ್ಲಿಸುವರು.
/home/vijay/Desktop/All_Files/ALL_TTS/DIS_Vector_Embedding_Integration/Data/Kannada_Female/wav/kn_f_books_04326.wav	Kannada_Female	ಇವನ್ನು ಬೀಟಾ ತಿರುವು (ಬಿ - ಟರ್ನ್) ಎನ್ನಲಾಗಿದೆ. ಈ ಭಾಗದಲ್ಲಿ ಅದು ಅಸ್ಫಟಿಕ ರೂಪದಲ್ಲಿದೆ (ಅಮೊರ್ಫೋಸ್).
/home/vijay/Desktop/All_Files/ALL_TTS/DIS_Vector_Embedding_Integration/Data/Kannada_Female/wav/kn_f_books_05237.wav	Kannada_Female	ಈಗ ನಾವು ಮತ್ತೆ ಹಿಂದಿನಂತೆಯೇ ಅದೇ ನಿರ್ಣಾಯಕ ಬಿಂದುವನ್ನು ತಲುಪಿದ್ದೇವೆ.
/home/vijay/Desktop/All_Files/ALL_TTS/DIS_Vector_Embedding_Integration/Data/Kannada_Female/wav/kn_f_books_02153.wav	Kannada_Female	ವಾಟ್ ಈಸ್ ದ ಬೆಟರ್ ಟ್ರುತ್. ನೀವು ಹೊತ್ತುಕೊಳ್ಳಿ ಬಿಡಿ, ಅದು ನಮ್ಮ ತಲೆ ಮೇಲೆ ಇದೆ.
/home/vijay/Desktop/All_Files/ALL_TTS/DIS_Vector_Embedding_Integration/Data/Kannada_Female/wav/kn_f_politics_00089.wav	Kannada_Female	ಇನ್ನು ವೆಂಕಟಾದ್ರಿ ಎಕ್ಸ್‌ಪ್ರೆಸ್ ಹಾಗೂ ಎಕ್ಸ್‌ಪ್ರೆಸ್ ರಾಜ ಸಿನಿಮಾಗಳ ನಂತರ ಮರ್ಲಾಪಾಕಾ ಗಾಂಧಿ ನಿರ್ದೇಶನದ ಸಿನಿಮಾ ಅಂದ್ರೆ ಕೃಷ್ಣಾರ್ಜುನ ಯುದ್ಧಂ.
/home/vijay/Desktop/All_Files/ALL_TTS/DIS_Vector_Embedding_Integration/Data/Kannada_Female/wav/kn_f_books_03922.wav	Kannada_Female	ಒದಿಸ್ಯೂಸ್ -- ಸರಿಯೆ ; ನನಗೇನೊ ಅವನು ಹಗೆಯೆ : ಇಂದೂ ಅಷ್ಟೆ.
/home/vijay/Desktop/All_Files/ALL_TTS/DIS_Vector_Embedding_Integration/Data/Kannada_Female/wav/kn_f_books_03842.wav	Kannada_Female	ಒಮ್ಮೆ ಸಂಚಾರದಲ್ಲಿ ತಂದೆಯವರು ಅಲ್ಲಿರುವ ನಂದಿಮರದ ಹತ್ತಿರ ಕರೆದೊಯ್ದರು. ನೋಡಿದರೆ ನಂದಿಮರದ ತುಂಬ ಹೂ ಕಿಕ್ಕಿರಿದಿದೆ.
/home/vijay/Desktop/All_Files/ALL_TTS/DIS_Vector_Embedding_Integration/Data/Kannada_Female/wav/kn_f_books_03697.wav	Kannada_Female	ಬರಮೇಗೌಡ ಧೈರ್ಯ ಮಾಡಿ ಮೈಕಿನ ಮುಂದೆ ನಿಂತ. ಇಡೀ ಜನ ಅವನನ್ನೇ ಕಣ್ಣು ಬಿಟ್ಟುಕೊಂಡು ನೋಡುತ್ತಿದ್ದರು.
/home/vijay/Desktop/All_Files/ALL_TTS/DIS_Vector_Embedding_Integration/Data/Kannada_Female/wav/kn_f_books_06852.wav	Kannada_Female	ಆಗಿನ್ನೂ ತೋಟ ಮಾಡುವ ದೃಢ ನಿರ್ಧಾರ ಮಾಡಿರಲಿಲ್ಲ. ಕಾಲ ಪೋಲು ಮಾಡಿ ಸುಸ್ತಾಗಿದೆ. ಕಾಲ ಎದೆ ಮೇಲೆ ಕೂತುಬಿಟ್ಟಿದೆ.
/home/vijay/Desktop/All_Files/ALL_TTS/DIS_Vector_Embedding_Integration/Data/Kannada_Female/wav/kn_f_education_00339.wav	Kannada_Female	ಈ ದುಷ್ಕೃತ್ಯಕ್ಕೆ ಜೈಷ್ ಉಗ್ರರಿಗೆ ಪಾಕಿಸ್ತಾನದ ಲಷ್ಕರ್ ಎ ತೊಯ್ಬಾ ಉಗ್ರರೂ ಸಾಥ್ ನೀಡುತ್ತಿದ್ದಾರೆ ಎಂಬ ಮಾಹಿತಿ ಕೇಂದ್ರೀಯ ಗುಪ್ತಚರ ದಳಕ್ಕೆ ಲಭಿಸಿದೆ.
