/home/vijay/Desktop/All_Files/ALL_TTS/DIS_Vector_Embedding_Integration/Data/Malayalam_Male/wav/06_M_set_02_035.wav	Malayalam_Male	വേഗത്തില്‍ തകര്‍ത്തു മുന്നേറിയത് പേടി സ്വപ്നമായി
/home/vijay/Desktop/All_Files/ALL_TTS/DIS_Vector_Embedding_Integration/Data/Malayalam_Male/wav/06_M_set_05_112.wav	Malayalam_Male	പാര്‍പ്പിടാവകാശനിയമം തത്ത്വത്തില്‍ നിര്‍ദ്ദേശിച്ചിരുന്നതായി അംഗീകരിച്ചു
/home/vijay/Desktop/All_Files/ALL_TTS/DIS_Vector_Embedding_Integration/Data/Malayalam_Male/wav/06_M_set_05_079.wav	Malayalam_Male	പുതുക്കിയ പണി സ്ഥലം കാണാന്‍ പുറപ്പെട്ടു
/home/vijay/Desktop/All_Files/ALL_TTS/DIS_Vector_Embedding_Integration/Data/Malayalam_Male/wav/06_M_set_02_062.wav	Malayalam_Male	വിശ്വാസ്യത ചോദ്യം ചെയ്യുന്നത് അതിരു കടന്ന സമീപനത്തെ പുച്ഛിച്ചു
/home/vijay/Desktop/All_Files/ALL_TTS/DIS_Vector_Embedding_Integration/Data/Malayalam_Male/wav/06_M_set_03_106.wav	Malayalam_Male	മോള്‍ മരിച്ചത് കുത്തിവയ്പ്പുകാരണമല്ലെന്ന് ആ സ്ത്രീ മൊഴി നല്‍കും
/home/vijay/Desktop/All_Files/ALL_TTS/DIS_Vector_Embedding_Integration/Data/Malayalam_Male/wav/06_M_set_03_130.wav	Malayalam_Male	മുസ്ലീമുകള്‍ക്ക് അഞ്ചു ശതമാനം സംവരണം നല്‍കുന്നതും സംബന്ധിച്ച് അന്തിമ തീരുമാനം ഒരാഴ്ചക്കകം ഉണ്ടാകുമെന്ന് പൊതുജന സമ്പര്‍ക്ക കാര്യാലയം
/home/vijay/Desktop/All_Files/ALL_TTS/DIS_Vector_Embedding_Integration/Data/Malayalam_Male/wav/06_M_set_04_090.wav	Malayalam_Male	ഭാര്യയും വാടകയ്ക്കാണ് താമസിച്ചിരുന്നത്
/home/vijay/Desktop/All_Files/ALL_TTS/DIS_Vector_Embedding_Integration/Data/Malayalam_Male/wav/06_M_set_04_164.wav	Malayalam_Male	പ്രവാസികള്‍ക്ക്‌ വീട്ടിലേക്കുള്ള വഴിയിലേക്ക്‌ സ്വാഗതം
/home/vijay/Desktop/All_Files/ALL_TTS/DIS_Vector_Embedding_Integration/Data/Malayalam_Male/wav/06_M_set_05_150.wav	Malayalam_Male	പരിശോധനകളില്‍ ലഭിച്ചതുമായി സാമ്യമുണ്ടെന്നു വ്യക്തമായ ശേഷമാണ് തങ്ങളുടെ കണ്ടെത്തല്‍ പുറത്തിറക്കിയത്
/home/vijay/Desktop/All_Files/ALL_TTS/DIS_Vector_Embedding_Integration/Data/Malayalam_Male/wav/06_M_set_01_126.wav	Malayalam_Male	സമ്മാനമായ ഇരുപത് ലക്ഷം രൂപ സ്വദേശി പ്രസ്ഥാനം കൈപറ്റി
/home/vijay/Desktop/All_Files/ALL_TTS/DIS_Vector_Embedding_Integration/Data/Malayalam_Male/wav/06_M_set_05_132.wav	Malayalam_Male	പഴയകാല കളിക്കാരുടെ കൂട്ടായ്മയായ സാംസ്കാരിക വേദിയാണ് മത്സരം നടത്തിയത്
/home/vijay/Desktop/All_Files/ALL_TTS/DIS_Vector_Embedding_Integration/Data/Malayalam_Male/wav/06_M_set_05_064.wav	Malayalam_Male	പുറത്തായപ്പോള്‍ അഴിഞ്ഞാടിയ ആരാധകര്‍ക്കാവട്ടെ ആഘോഷത്തിമിര്‍പ്പ്
/home/vijay/Desktop/All_Files/ALL_TTS/DIS_Vector_Embedding_Integration/Data/Malayalam_Male/wav/06_M_set_01_011.wav	Malayalam_Male	ഹാജരായ പ്രതികളെ പൂര്‍ണമായി നിരോധിക്കുന്നതു പ്രായോഗികമാവില്ലെന്നും കേന്ദ്രസര്‍ക്കാരിനും ഇതേ അഭിപ്രായമാണ്
/home/vijay/Desktop/All_Files/ALL_TTS/DIS_Vector_Embedding_Integration/Data/Malayalam_Male/wav/06_M_set_04_103.wav	Malayalam_Male	ഭവന വായ്പാ സേവനം ഇനി മുപ്പത് പടിയായി വാതില്‍ക്കല്‍ ലഭിയ്ക്കും
/home/vijay/Desktop/All_Files/ALL_TTS/DIS_Vector_Embedding_Integration/Data/Malayalam_Male/wav/06_M_set_05_034.wav	Malayalam_Male	പൊതു താല്‍പര്യ ഹര്‍ജിയിലാണു കോടതി അധ്യക്ഷനായുളള മൂന്നംഗ ഉന്നതാധികാര സമിതിയെ നിയമിച്ചത്
/home/vijay/Desktop/All_Files/ALL_TTS/DIS_Vector_Embedding_Integration/Data/Malayalam_Male/wav/06_M_set_01_067.wav	Malayalam_Male	സ്തബ്ധനായിപ്പോയ ചാരന്‍ സംഭവത്തെക്കുറിച്ച് അന്വേഷണത്തിന് ഉത്തരവിട്ടുണ്ട്
/home/vijay/Desktop/All_Files/ALL_TTS/DIS_Vector_Embedding_Integration/Data/Malayalam_Male/wav/06_M_set_03_046.wav	Malayalam_Male	രാജ്പഥില്‍ രാഷ്ട്രപതി ത്രിവര്‍ണ പതാക ഉയര്‍ത്തി രാഷ്ട്രത്തെ അഭിസംബോധന ചെയ്ത് സംസാരിച്ചു
/home/vijay/Desktop/All_Files/ALL_TTS/DIS_Vector_Embedding_Integration/Data/Malayalam_Male/wav/06_M_set_05_122.wav	Malayalam_Male	പാടത്തുനിന്നാണ് വാഹനങ്ങള്‍ കണ്ടെടുത്തത്
/home/vijay/Desktop/All_Files/ALL_TTS/DIS_Vector_Embedding_Integration/Data/Malayalam_Male/wav/06_M_set_02_132.wav	Malayalam_Male	വള്ളംകളി കൂടാതെ ആയോധന കലയായ കളരിപ്പയറ്റും നേടിയിട്ടുണ്ട്
/home/vijay/Desktop/All_Files/ALL_TTS/DIS_Vector_Embedding_Integration/Data/Malayalam_Male/wav/06_M_set_05_113.wav	Malayalam_Male	പാര്‍ട്ടിയുടെ സായുധ വിഭാഗമാണത്
/home/vijay/Desktop/All_Files/ALL_TTS/DIS_Vector_Embedding_Integration/Data/Malayalam_Male/wav/06_M_set_02_003.wav	Malayalam_Male	ശിവസേനയില്‍ നിന്നുമുള്ളവരാണ് കൂട്ടത്തിലെ പ്രമുഖര്‍
/home/vijay/Desktop/All_Files/ALL_TTS/DIS_Vector_Embedding_Integration/Data/Malayalam_Male/wav/06_M_set_03_164.wav	Malayalam_Male	മുഖ്യമന്ത്രി മുന്‍ നായകന്റെ എതിര്‍ നീക്കങ്ങളെ പരാജയപ്പെടുത്തിയാണ് സിംഹാസനമുറപ്പിച്ചത്
/home/vijay/Desktop/All_Files/ALL_TTS/DIS_Vector_Embedding_Integration/Data/Malayalam_Male/wav/06_M_set_03_018.wav	Malayalam_Male	രൂപതാധ്യക്ഷന്‍ ആണു മുന്‍പത്തെ മാസം മരിച്ചത്
/home/vijay/Desktop/All_Files/ALL_TTS/DIS_Vector_Embedding_Integration/Data/Malayalam_Male/wav/06_M_set_05_057.wav	Malayalam_Male	പുലര്‍‌ച്ചെ ഭര്‍തൃഗൃഹത്തില്‍ താമസിക്കുന്ന മകളാണ് കൊല്ലപ്പെട്ടത്
/home/vijay/Desktop/All_Files/ALL_TTS/DIS_Vector_Embedding_Integration/Data/Malayalam_Male/wav/06_M_set_02_166.wav	Malayalam_Male	വധിക്കപ്പെട്ട ആഭ്യന്തര മന്ത്രിയുടെ പിതൃ സഹോദരനാണ് പിതാവ്
/home/vijay/Desktop/All_Files/ALL_TTS/DIS_Vector_Embedding_Integration/Data/Malayalam_Male/wav/06_M_set_03_067.wav	Malayalam_Male	രണ്ടായിരത്തില്‍ യോഗ്യത നേടാത്തതിനാല്‍ പരസ്പര സംഘര്‍ഷത്തിലാണ് വിദ്യാര്‍ത്ഥികള്‍
/home/vijay/Desktop/All_Files/ALL_TTS/DIS_Vector_Embedding_Integration/Data/Malayalam_Male/wav/06_M_set_03_107.wav	Malayalam_Male	മോടിപിടിപ്പിച്ച വാഹനങ്ങളുടെ അകമ്പടിയോടെ ഇരുപത്തിയെട്ട് സ്വര്‍ണം കൈക്കലാക്കിയ താരത്തിന്റെ വിജയഘോഷയാത്ര ആരംഭിച്ചു
/home/vijay/Desktop/All_Files/ALL_TTS/DIS_Vector_Embedding_Integration/Data/Malayalam_Male/wav/06_M_set_02_080.wav	Malayalam_Male	വിപണി നേട്ടത്തോടെ അവസാനിച്ചു
/home/vijay/Desktop/All_Files/ALL_TTS/DIS_Vector_Embedding_Integration/Data/Malayalam_Male/wav/06_M_set_02_117.wav	Malayalam_Male	വികലാംഗരായ നിരവധി പേര്‍ക്കു മുപ്പത്തെട്ടുകാരനായ ബിജുവിന്റെ കണ്ടുപിടുത്തം അത്താണിയായി
/home/vijay/Desktop/All_Files/ALL_TTS/DIS_Vector_Embedding_Integration/Data/Malayalam_Male/wav/06_M_set_03_022.wav	Malayalam_Male	രാഷ്ട്രതലവന്‍ കൂടിക്കാഴ്ച നടത്തും
/home/vijay/Desktop/All_Files/ALL_TTS/DIS_Vector_Embedding_Integration/Data/Malayalam_Male/wav/06_M_set_02_133.wav	Malayalam_Male	വളര്‍ന്നുവന്ന വാശി കാരണം അറുപത്തിയേഴാം വട്ടം പഴയ വിജയം തിരിച്ചുപിടിച്ചു
/home/vijay/Desktop/All_Files/ALL_TTS/DIS_Vector_Embedding_Integration/Data/Malayalam_Male/wav/06_M_set_02_017.wav	Malayalam_Male	ശത്രു ചാര സംഘടനയായി ബന്ധപ്പെട്ടു പ്രവര്‍ത്തിക്കുന്നവരാണ് വന്ന കൂട്ടര്‍
/home/vijay/Desktop/All_Files/ALL_TTS/DIS_Vector_Embedding_Integration/Data/Malayalam_Male/wav/06_M_set_05_170.wav	Malayalam_Male	പരമാവധി ശ്രമിച്ചെങ്കിലും മതില്‍ പോലെ ഉറച്ചു നിന്നു
/home/vijay/Desktop/All_Files/ALL_TTS/DIS_Vector_Embedding_Integration/Data/Malayalam_Male/wav/06_M_set_01_172.wav	Malayalam_Male	സംഘര്‍ഷം അവസാനിപ്പിക്കാന്‍ ഇരു വിഭാഗവും തയ്യാറാവണമെന്ന് തലവന്‍ മഹര്‍ഷീശ്വരന്മാര്‍ എന്നിവര്‍ ആഹ്വാനം ചെയ്തു
/home/vijay/Desktop/All_Files/ALL_TTS/DIS_Vector_Embedding_Integration/Data/Malayalam_Male/wav/06_M_set_02_063.wav	Malayalam_Male	വിശാലമായ രാഷ്ട്രിയ കാഴ്ചപ്പാടോടെ പ്രവര്‍ത്തിച്ച വ്യക്തിയേയാണ് കൊലപ്പെടുത്തിയത്
/home/vijay/Desktop/All_Files/ALL_TTS/DIS_Vector_Embedding_Integration/Data/Malayalam_Male/wav/06_M_set_04_074.wav	Malayalam_Male	ഭൂരിഭാഗവും ദളിത് ചിന്താഗതികളാണ് ഉടലെടുക്കുന്നത്
/home/vijay/Desktop/All_Files/ALL_TTS/DIS_Vector_Embedding_Integration/Data/Malayalam_Male/wav/06_M_set_02_144.wav	Malayalam_Male	വര്‍ഷത്തില്‍ നാല് തവണ കൂടി ഉണ്ടാക്കും
/home/vijay/Desktop/All_Files/ALL_TTS/DIS_Vector_Embedding_Integration/Data/Malayalam_Male/wav/06_M_set_02_162.wav	Malayalam_Male	വനവകുപ്പിന്‍റെ കേന്ദ്രമായി മണര്‍കാടിനെ പ്രഖ്യാപിക്കും
/home/vijay/Desktop/All_Files/ALL_TTS/DIS_Vector_Embedding_Integration/Data/Malayalam_Male/wav/06_M_set_01_052.wav	Malayalam_Male	സ്‌ഫോടനത്തില്‍ പത്ത് പേര്‍ കൊല്ലപ്പെട്ടു
/home/vijay/Desktop/All_Files/ALL_TTS/DIS_Vector_Embedding_Integration/Data/Malayalam_Male/wav/06_M_set_02_193.wav	Malayalam_Male	ലോകകപ്പ് സമയത്ത് തെരഞ്ഞു പിടിച്ചെടുത്ത ഇരുപത്തിരണ്ടുകാരനെ അഞ്ചു കൊല്ലത്തെ കരാറിനാണ് ഒപ്പിടാന്‍ തീരുമാനിച്ചത്
/home/vijay/Desktop/All_Files/ALL_TTS/DIS_Vector_Embedding_Integration/Data/Malayalam_Male/wav/06_M_set_02_165.wav	Malayalam_Male	വധൂവരന്മാര്‍ മാതാപിതാക്കന്മാര്‍ എന്നിവരെല്ലാം പിന്നീടുള്ള വണ്ടിയിലാണ് പോയത്
/home/vijay/Desktop/All_Files/ALL_TTS/DIS_Vector_Embedding_Integration/Data/Malayalam_Male/wav/06_M_set_04_110.wav	Malayalam_Male	ഭരണഘടന അനുശാസിക്കുന്നതനുസരിച്ചാണു മന്ത്രിമാരുടെ സത്യപ്രതിജ്ഞ
/home/vijay/Desktop/All_Files/ALL_TTS/DIS_Vector_Embedding_Integration/Data/Malayalam_Male/wav/06_M_set_04_029.wav	Malayalam_Male	മന്ത്രിസഭയ്ക്ക് മുന്‍പാകെ അരങ്ങേറിയ നാടകം പരാജയപ്പെട്ടു
/home/vijay/Desktop/All_Files/ALL_TTS/DIS_Vector_Embedding_Integration/Data/Malayalam_Male/wav/06_M_set_03_129.wav	Malayalam_Male	മൂത്തുമ്മ മൂത്ത മരുമകളെ തള്ളി കിണറ്റിലിടാന്‍ നോക്കിയത് ബാധയെന്നാണു പറയുന്നത്
/home/vijay/Desktop/All_Files/ALL_TTS/DIS_Vector_Embedding_Integration/Data/Malayalam_Male/wav/06_M_set_03_182.wav	Malayalam_Male	മാധ്യമ പ്രവര്‍ത്തകരോട് സംസാരിക്കുകയായിരുന്നു
/home/vijay/Desktop/All_Files/ALL_TTS/DIS_Vector_Embedding_Integration/Data/Malayalam_Male/wav/06_M_set_01_008.wav	Malayalam_Male	ഹിന്ദുമത മൌലിക വാദികള്‍ പറയുന്നുവെന്നതു കൊണ്ടു മാത്രം ഏകീകൃത നിയമത്തെ എതിര്‍ക്കേണ്ടതില്ല
/home/vijay/Desktop/All_Files/ALL_TTS/DIS_Vector_Embedding_Integration/Data/Malayalam_Male/wav/06_M_set_03_160.wav	Malayalam_Male	മുട്ടിനു താഴെ ഇറക്കത്തില്‍ ചാരനിറത്തിലുള്ള മുക്കാല്‍ പാവാടയാണ് വേഷം
/home/vijay/Desktop/All_Files/ALL_TTS/DIS_Vector_Embedding_Integration/Data/Malayalam_Male/wav/06_M_set_02_173.wav	Malayalam_Male	വട്ടം കറക്കുന്ന കലയില്‍ അതിനിപുണനെങ്കിലും ജീവിതത്തിലെ വലിയ ഭാഗവും നിഴലില്‍ കഴിയാന്‍ വിധിക്കപ്പെട്ട കളിക്കാരനാണ്
/home/vijay/Desktop/All_Files/ALL_TTS/DIS_Vector_Embedding_Integration/Data/Malayalam_Male/wav/06_M_set_01_057.wav	Malayalam_Male	സ്ഥാപനങ്ങള്‍ക്കു വേണ്ടിയാണ് വഴിവിട്ട് അംഗീകാര നടപടികള്‍ ധൃതിയില്‍ കൈക്കൊണ്ടത്
/home/vijay/Desktop/All_Files/ALL_TTS/DIS_Vector_Embedding_Integration/Data/Malayalam_Male/wav/06_M_set_04_196.wav	Malayalam_Male	പ്രഥമ വില്പന ഉടമ നവദമ്പതികള്‍ക്ക് സമ്മാനിച്ച് കര്‍മ്മം നിര്‍വഹിച്ചു
/home/vijay/Desktop/All_Files/ALL_TTS/DIS_Vector_Embedding_Integration/Data/Malayalam_Male/wav/06_M_set_01_174.wav	Malayalam_Male	സംഘത്തില്‍ ഇടം പിടിച്ച ഏക കളിക്കാരിയാണ്
/home/vijay/Desktop/All_Files/ALL_TTS/DIS_Vector_Embedding_Integration/Data/Malayalam_Male/wav/06_M_set_04_072.wav	Malayalam_Male	ഭ്രമണ പഥം പലപ്പോഴും അത് ലംഘിക്കാറുള്ളതിനാല്‍ സ്വാഭാവികമായും അത് ഗ്രഹമല്ലാതാകുന്നു
/home/vijay/Desktop/All_Files/ALL_TTS/DIS_Vector_Embedding_Integration/Data/Malayalam_Male/wav/06_M_set_02_030.wav	Malayalam_Male	വൈദിക സമൂഹം സേവന മേഖലകളുടെ നെടുന്തൂണ്‍ ആണ്
/home/vijay/Desktop/All_Files/ALL_TTS/DIS_Vector_Embedding_Integration/Data/Malayalam_Male/wav/06_M_set_01_190.wav	Malayalam_Male	ശ്ലീഹന്മാര്‍ മുതലുള്ള സഭ എപ്പോഴും പ്രാര്‍ഥിച്ചും ആലോചിച്ചുമാണു തീരുമാനങ്ങള്‍ എടുത്തിരുന്നത്
/home/vijay/Desktop/All_Files/ALL_TTS/DIS_Vector_Embedding_Integration/Data/Malayalam_Male/wav/06_M_set_01_087.wav	Malayalam_Male	സുരക്ഷാസൈന്യവുമായുണ്ടായ ഏറ്റുമുട്ടലില്‍ തീവ്രവാദികളടക്കം ആറ് ഭീകരര്‍ കൊല്ലപ്പെട്ടു
/home/vijay/Desktop/All_Files/ALL_TTS/DIS_Vector_Embedding_Integration/Data/Malayalam_Male/wav/06_M_set_02_158.wav	Malayalam_Male	വനിതാ വിഭാഗത്തിലെ ഒന്നാം പുരുഷ സഖ്യം രണ്ടാം ദിനം കളിക്കാനിറങ്ങിയിരുന്നു
/home/vijay/Desktop/All_Files/ALL_TTS/DIS_Vector_Embedding_Integration/Data/Malayalam_Male/wav/06_M_set_05_162.wav	Malayalam_Male	പരിക്കിനെത്തുടര്‍ന്ന് അവസാനിച്ചെന്നു കരുതിയിടത്തു നിന്നാണ് രാജകീയമായി തിരിച്ചു വരവു നടത്തിയിരിക്കുന്നത്
/home/vijay/Desktop/All_Files/ALL_TTS/DIS_Vector_Embedding_Integration/Data/Malayalam_Male/wav/06_M_set_05_058.wav	Malayalam_Male	പുലര്‍‌ച്ചെ ആറിനായിരുന്നു വടക്കന്‍ പ്രവിശ്യയില്‍ പരീക്ഷണം നടന്നത്
/home/vijay/Desktop/All_Files/ALL_TTS/DIS_Vector_Embedding_Integration/Data/Malayalam_Male/wav/06_M_set_05_021.wav	Malayalam_Male	പ്രതികളായവരെയും അന്യസംസ്ഥാനത്ത് തിരയുന്നു
/home/vijay/Desktop/All_Files/ALL_TTS/DIS_Vector_Embedding_Integration/Data/Malayalam_Male/wav/06_M_set_04_041.wav	Malayalam_Male	മദ്യദുരന്തത്തില്‍ നിരവധി ആളുകള്‍ മരിക്കാനിടയായ സംഭവത്തില്‍ സ്വമേധയാ കീഴടങ്ങി
/home/vijay/Desktop/All_Files/ALL_TTS/DIS_Vector_Embedding_Integration/Data/Malayalam_Male/wav/06_M_set_03_114.wav	Malayalam_Male	മൃഗങ്ങളിലും മനുഷ്യരിലും ഒരേപോലെ കണ്ടുവരുന്നതും ശാസ്ത്രീയ നാമത്തിലറിയപ്പെടുന്നതുമായ രോഗമാണ് ആനക്കുട്ടിയുടെ മരണകാരണമെന്നാണ് പ്രാഥമിക കണ്ടെത്തലെന്നും അറിയാന്‍ കഴിഞ്ഞു
/home/vijay/Desktop/All_Files/ALL_TTS/DIS_Vector_Embedding_Integration/Data/Malayalam_Male/wav/06_M_set_01_133.wav	Malayalam_Male	സമിതി തുണച്ചാല്‍ അവരെയും ഉപയോഗിക്കാമെന്ന ബുദ്ധിയായിരുന്നു ഇതിനു പിന്നില്‍
/home/vijay/Desktop/All_Files/ALL_TTS/DIS_Vector_Embedding_Integration/Data/Malayalam_Male/wav/06_M_set_01_089.wav	Malayalam_Male	സുരക്ഷാച്ചുമതലയുള്ള സേനയില്‍ അംഗമാണ് കൊല്ലപ്പെട്ട ഭടന്‍
/home/vijay/Desktop/All_Files/ALL_TTS/DIS_Vector_Embedding_Integration/Data/Malayalam_Male/wav/06_M_set_03_115.wav	Malayalam_Male	മൂവായിരത്തി അഞ്ഞൂറ്റിയാറ് രണ്ടായിരത്തി ഇരുന്നൂറ്റി ഇരുപത്തിരണ്ട് നാനൂറ്റി ഇരുപത്തിയൊന്ന് എണ്ണൂറ്റി അറുപത്തിമൂന്ന് എന്നിവ ഉള്‍പ്പെടുന്നു പട്ടികയില്‍
/home/vijay/Desktop/All_Files/ALL_TTS/DIS_Vector_Embedding_Integration/Data/Malayalam_Male/wav/06_M_set_04_144.wav	Malayalam_Male	അക്രമം കടയടച്ചു പ്രതിഷേധം തുടങ്ങിയവ അരങ്ങേറി
/home/vijay/Desktop/All_Files/ALL_TTS/DIS_Vector_Embedding_Integration/Data/Malayalam_Male/wav/06_M_set_01_109.wav	Malayalam_Male	സഹോദരിമാരുടെ കുടുംബാംഗങ്ങളായ മറ്റു ഏഴു പേരുമാണു സന്ദര്‍ശിച്ചത്
/home/vijay/Desktop/All_Files/ALL_TTS/DIS_Vector_Embedding_Integration/Data/Malayalam_Male/wav/06_M_set_01_040.wav	Malayalam_Male	സ്വത്തു തര്‍ക്കത്തിന്‍റെ പേരില്‍ ദളിത് കുടുംബം കൂട്ടക്കൊല ചെയ്യപ്പെട്ടതില്‍ അടുത്തിടെ വ്യാപകമായ അക്രമങ്ങള്‍ നടന്നിരുന്നു
/home/vijay/Desktop/All_Files/ALL_TTS/DIS_Vector_Embedding_Integration/Data/Malayalam_Male/wav/06_M_set_02_057.wav	Malayalam_Male	വീടിനടുത്ത് പലഹാരമുണ്ടാക്കി വില്‍ക്കുന്നവരുടെ വീട്ടില്‍ മുറുക്ക് ചുറ്റിയും വെള്ളടയും ഉണ്ടാക്കിക്കൊടുത്തും കിട്ടുന്ന നാല്‍പ്പത് രൂപ കൊണ്ടാണ് എന്റെ വലിയ കുടുംബത്തെ പോറ്റുന്നത്
/home/vijay/Desktop/All_Files/ALL_TTS/DIS_Vector_Embedding_Integration/Data/Malayalam_Male/wav/06_M_set_02_005.wav	Malayalam_Male	ശിക്ഷ പത്ത് വര്‍ഷമായി ഉയര്‍ത്തി
/home/vijay/Desktop/All_Files/ALL_TTS/DIS_Vector_Embedding_Integration/Data/Malayalam_Male/wav/06_M_set_05_080.wav	Malayalam_Male	പുതിയ പദ്ധതി തന്ത്രപരമായ മാറ്റമാണെങ്കിലും അത് എത്രത്തോളം ഗുണം ചെയ്യുമെന്ന കാര്യത്തില്‍ സംശയമുണ്ടെന്നു സമിതി അഭിപ്രായപ്പെട്ടു
/home/vijay/Desktop/All_Files/ALL_TTS/DIS_Vector_Embedding_Integration/Data/Malayalam_Male/wav/06_M_set_05_117.wav	Malayalam_Male	പാതയിലൂടെയുള്ള ഗതാഗതം കൂടുതല്‍ സുഗമമാക്കുന്നതിന്‍റെ ഭാഗമായി നാലുവരിപാതകള്‍ നിര്‍മിക്കും
/home/vijay/Desktop/All_Files/ALL_TTS/DIS_Vector_Embedding_Integration/Data/Malayalam_Male/wav/06_M_set_05_097.wav	Malayalam_Male	പിന്നെ ഊഴം തുടങ്ങുമ്പോള്‍ ഇക്കുറി ചാട്ടം പിഴയ്ക്കണേ എന്ന പ്രാര്‍ഥനയില്‍ ജനം
/home/vijay/Desktop/All_Files/ALL_TTS/DIS_Vector_Embedding_Integration/Data/Malayalam_Male/wav/06_M_set_03_157.wav	Malayalam_Male	മുന്‍കാലങ്ങളും സംഘര്‍ഷത്തിലെ നിര്‍ണായക ഘടകമായിരുന്നു
/home/vijay/Desktop/All_Files/ALL_TTS/DIS_Vector_Embedding_Integration/Data/Malayalam_Male/wav/06_M_set_04_125.wav	Malayalam_Male	ബുധനാഴ്ച രാവിലെ ഏഴിനു മുന്‍പേ പ്രവര്‍ത്തകര്‍ തടിച്ചു കൂടിയിരുന്നു
/home/vijay/Desktop/All_Files/ALL_TTS/DIS_Vector_Embedding_Integration/Data/Malayalam_Male/wav/06_M_set_02_125.wav	Malayalam_Male	വാണിജ്യ നാമത്തോടെ ഇത് രാസവര്‍ഗത്തില്‍ പെടുന്നു
/home/vijay/Desktop/All_Files/ALL_TTS/DIS_Vector_Embedding_Integration/Data/Malayalam_Male/wav/06_M_set_05_173.wav	Malayalam_Male	പന്ത് നിയന്ത്രിക്കാന്‍ പ്രതിരോധക്കാരന്‍ വൈകി
/home/vijay/Desktop/All_Files/ALL_TTS/DIS_Vector_Embedding_Integration/Data/Malayalam_Male/wav/06_M_set_02_078.wav	Malayalam_Male	വിമത പക്ഷത്ത് നിന്ന്‌ കണ്ണട ചിഹ്നത്തില്‍ മല്‍സരിച്ച്‌ വിജയിച്ച ശേഷം കൂറുമാറുകയായിരുന്നു
/home/vijay/Desktop/All_Files/ALL_TTS/DIS_Vector_Embedding_Integration/Data/Malayalam_Male/wav/06_M_set_01_113.wav	Malayalam_Male	സസ്യവിഭവങ്ങള്‍ ഇഷ്ടപ്പെടുന്നവര്‍ക്കായുള്ള സ്വാദിഷ്ടമായ വിഭവങ്ങളാണ് ഉണ്ടാക്കിയിട്ടുള്ളത്
/home/vijay/Desktop/All_Files/ALL_TTS/DIS_Vector_Embedding_Integration/Data/Malayalam_Male/wav/06_M_set_03_102.wav	Malayalam_Male	യന്ത്രമായ സ്ഥാനമേറ്റെടുത്ത അരങ്ങേറ്റത്തില്‍ രണ്ട് തവണയും ലക്ഷ്യം കണ്ടു
/home/vijay/Desktop/All_Files/ALL_TTS/DIS_Vector_Embedding_Integration/Data/Malayalam_Male/wav/06_M_set_02_137.wav	Malayalam_Male	വലിയ വളപ്പില്‍ക്കാരുടെ പരാതിയിലാണ് വിധി
/home/vijay/Desktop/All_Files/ALL_TTS/DIS_Vector_Embedding_Integration/Data/Malayalam_Male/wav/06_M_set_01_104.wav	Malayalam_Male	സാങ്കേതികത വികസിപ്പിക്കാന്‍ അറുപത് തൊട്ട് എഴുപത് കോടിവരെ ചെലവഴിച്ചിട്ടുണ്ടെന്ന് കണക്കുകള്‍ ചൂണ്ടികാട്ടുന്നു
/home/vijay/Desktop/All_Files/ALL_TTS/DIS_Vector_Embedding_Integration/Data/Malayalam_Male/wav/06_M_set_05_074.wav	Malayalam_Male	പുരുഷന്‍മാരുടെ യോഗ്യതാ മല്‍സരം കാണികള്‍ക്കു വേവലാതിയും സമ്മാനിച്ചു
/home/vijay/Desktop/All_Files/ALL_TTS/DIS_Vector_Embedding_Integration/Data/Malayalam_Male/wav/06_M_set_04_036.wav	Malayalam_Male	മനയിലെ ബ്രാഹ്മണ സമുദായത്തില്‍പെട്ട നേതാവാണ്
/home/vijay/Desktop/All_Files/ALL_TTS/DIS_Vector_Embedding_Integration/Data/Malayalam_Male/wav/06_M_set_05_156.wav	Malayalam_Male	പരിപാടിയുടെ ആദിമമായ പടിയായി വിത്ത് വിതയ്ക്കല്‍ ആണ് അരങ്ങേറുക
/home/vijay/Desktop/All_Files/ALL_TTS/DIS_Vector_Embedding_Integration/Data/Malayalam_Male/wav/06_M_set_02_114.wav	Malayalam_Male	വികേന്ദ്രീകരണത്തിലെ തന്ത്രം ജനകീയാസൂത്രണപ്രവര്‍ത്തനത്തിന്റെ മേന്മ ഇവയെല്ലാം പഠിക്കാന്‍ പുറം രാജ്യത്തുനിന്ന് വിദഗ്ധര്‍ വന്നുകൊണ്ടിരിക്കുന്നു
/home/vijay/Desktop/All_Files/ALL_TTS/DIS_Vector_Embedding_Integration/Data/Malayalam_Male/wav/06_M_set_05_175.wav	Malayalam_Male	പന്ത്രണ്ട് വര്‍ഷം നീണ്ട ഭരണത്തിന് അന്ത്യം കുറിച്ചു കൊണ്ടാണ് തിരഞ്ഞെടുപ്പില്‍ നേതാവിന്റെ നേതൃത്വത്തിലുള്ള മുന്നണി അധികാരത്തിലെത്തിയത്
/home/vijay/Desktop/All_Files/ALL_TTS/DIS_Vector_Embedding_Integration/Data/Malayalam_Male/wav/06_M_set_04_004.wav	Malayalam_Male	മലകയറ്റത്തിനും പാറകയറ്റത്തിനും എന്നിവയ്ക്ക് കാല്‍ നടയാത്ര ഉചിതമായതിനാല്‍ സന്ദര്‍ശിക്കുന്ന അധികം ആളുകളും വിനോദ സഞ്ചാരികളും സാഹസത്തിന് ഉല്‍സാഹമുള്ളവരാണ്
/home/vijay/Desktop/All_Files/ALL_TTS/DIS_Vector_Embedding_Integration/Data/Malayalam_Male/wav/06_M_set_05_082.wav	Malayalam_Male	പുതിയ കാലത്തെ മാധ്യമപ്രവര്‍ത്തനത്തിന്റെ അടിയന്തരങ്ങള്‍ക്കിടയില്‍ വിസ്മരിക്കപ്പെടാനിടയുള്ളത്‌ പഴയ തലമുറ പ്രതിനിധാനം ചെയ്ത മൂല്യങ്ങളാണ്‌
/home/vijay/Desktop/All_Files/ALL_TTS/DIS_Vector_Embedding_Integration/Data/Malayalam_Male/wav/06_M_set_04_045.wav	Malayalam_Male	അക്രമം യാതൊരു പ്രശ്നവും പരിഹരിക്കുന്നില്ലെന്ന് അക്രമ സ്ഥലങ്ങള്‍ ചൂണ്ടിക്കാട്ടി പ്രമാണി അഭിപ്രായപ്പെടുന്നു
/home/vijay/Desktop/All_Files/ALL_TTS/DIS_Vector_Embedding_Integration/Data/Malayalam_Male/wav/06_M_set_02_023.wav	Malayalam_Male	വ്യോമയാനരംഗത്ത് ഇത്തരത്തിലുള്ള രാജ്യത്തെ ഏക പൊതുമേഖലാ സ്ഥാപനത്തിലാണ് ജോലി
/home/vijay/Desktop/All_Files/ALL_TTS/DIS_Vector_Embedding_Integration/Data/Malayalam_Male/wav/06_M_set_03_007.wav	Malayalam_Male	ലഹരിമരുന്നു കടത്തിന് മുന്നിലെത്തിയ നാടാണ്
/home/vijay/Desktop/All_Files/ALL_TTS/DIS_Vector_Embedding_Integration/Data/Malayalam_Male/wav/06_M_set_02_192.wav	Malayalam_Male	ലോകത്തിന്റെ മറ്റൊരു ഭാഗത്തും കാണാനില്ലാത്ത ഭൂപ്രകൃതിയും കാലാവസ്ഥയും സസ്യജന്തുജാലവും ദ്വീപിന്റെ സവിശേഷതയാണ്
/home/vijay/Desktop/All_Files/ALL_TTS/DIS_Vector_Embedding_Integration/Data/Malayalam_Male/wav/06_M_set_04_026.wav	Malayalam_Male	മയക്കുമരുന്ന് അടങ്ങിയ അഞ്ചു പെട്ടികള്‍ കൈവശം വച്ചുവെന്ന കുറ്റമാണ് തെളിഞ്ഞത്
/home/vijay/Desktop/All_Files/ALL_TTS/DIS_Vector_Embedding_Integration/Data/Malayalam_Male/wav/06_M_set_04_093.wav	Malayalam_Male	ഭാരവാഹന നിര്‍മാണ രംഗത്ത് പുതുമുഖക്കാരായ വമ്പന്‍മാര്‍ രംഗത്തെത്തി
/home/vijay/Desktop/All_Files/ALL_TTS/DIS_Vector_Embedding_Integration/Data/Malayalam_Male/wav/06_M_set_02_097.wav	Malayalam_Male	വിദേശമലയാളി നിക്ഷേപകരെ കാത്ത് ഓഹരി വിപണി
/home/vijay/Desktop/All_Files/ALL_TTS/DIS_Vector_Embedding_Integration/Data/Malayalam_Male/wav/06_M_set_05_031.wav	Malayalam_Male	പോകുന്ന വഴി മൂന്നൂറ് അടി താഴ്ചയിലേക്കു വാഹനം മറിഞ്ഞാണ് അപകടം ഉണ്ടായത്
/home/vijay/Desktop/All_Files/ALL_TTS/DIS_Vector_Embedding_Integration/Data/Malayalam_Male/wav/06_M_set_01_107.wav	Malayalam_Male	സാങ്കേതികതയാണ് ഇതിനായി ഉപയോഗിക്കുന്നത്
/home/vijay/Desktop/All_Files/ALL_TTS/DIS_Vector_Embedding_Integration/Data/Malayalam_Male/wav/06_M_set_02_082.wav	Malayalam_Male	വിപണിയിലെത്തിക്കുന്ന പേരില്‍ പുതിയ വിപണിയിലിറക്കാന്‍ ശ്രമിച്ചു
/home/vijay/Desktop/All_Files/ALL_TTS/DIS_Vector_Embedding_Integration/Data/Malayalam_Male/wav/06_M_set_02_092.wav	Malayalam_Male	വിദ്യാര്‍ത്ഥിനിയാണ് എണീറ്റുനിന്ന് പ്രസംഗിച്ചത്
/home/vijay/Desktop/All_Files/ALL_TTS/DIS_Vector_Embedding_Integration/Data/Malayalam_Male/wav/06_M_set_04_115.wav	Malayalam_Male	ഭരണകക്ഷിയില്‍പ്പെട്ട അംഗങ്ങളുള്‍പ്പെടെ എല്ലാ രാഷ്ട്രീയ പാര്‍ട്ടിയില്‍പ്പെട്ടവരും ധ്യാനകേന്ദ്രം സന്ദര്‍ശിച്ചിട്ടുണ്ട്
/home/vijay/Desktop/All_Files/ALL_TTS/DIS_Vector_Embedding_Integration/Data/Malayalam_Male/wav/06_M_set_05_020.wav	Malayalam_Male	പ്രതികളെ നുണപരിശോധനയ്ക്കു വിധേയരാക്കി
/home/vijay/Desktop/All_Files/ALL_TTS/DIS_Vector_Embedding_Integration/Data/Malayalam_Male/wav/06_M_set_04_023.wav	Malayalam_Male	മരണ കാരണം ഇതാണെന്ന് ആരോഗ്യ വകുപ്പ് പറയുമ്പോഴും അവ സ്ഥിരീകരിക്കാന്‍ വിദഗ്ധ പഠനത്തിന് മാത്രമേ സാധിക്കു
/home/vijay/Desktop/All_Files/ALL_TTS/DIS_Vector_Embedding_Integration/Data/Malayalam_Male/wav/06_M_set_02_124.wav	Malayalam_Male	വാണിജ്യ രംഗത്ത് പ്രവര്‍ത്തിക്കുന്ന വിവിധ സംഘടനകളുടെ ആഭിമുഖ്യത്തില്‍ സ്ഥാപിക്കുന്ന കാര്യാലയം ഉദ്ഘാടനം ചെയ്യുകയായിരുന്നു മന്ത്രി
/home/vijay/Desktop/All_Files/ALL_TTS/DIS_Vector_Embedding_Integration/Data/Malayalam_Male/wav/06_M_set_01_178.wav	Malayalam_Male	സംഘടനയുടെ ആഭിമുഖ്യത്തില്‍ ധര്‍ണ നടത്തിയ ശേഷമാണ് കുട്ടികള്‍ സമാധിയിലെത്തിയത്
/home/vijay/Desktop/All_Files/ALL_TTS/DIS_Vector_Embedding_Integration/Data/Malayalam_Male/wav/06_M_set_05_044.wav	Malayalam_Male	പെട്ടെന്ന് തയ്യാറാക്കാവുന്ന വിഭവമാണ് കോഴിക്കറി
/home/vijay/Desktop/All_Files/ALL_TTS/DIS_Vector_Embedding_Integration/Data/Malayalam_Male/wav/06_M_set_01_019.wav	Malayalam_Male	സ്വാശ്രയത്തില്‍ കസേര വര്‍ധിപ്പിക്കല്‍ പ്രായോഗികമല്ല
/home/vijay/Desktop/All_Files/ALL_TTS/DIS_Vector_Embedding_Integration/Data/Malayalam_Male/wav/06_M_set_03_049.wav	Malayalam_Male	രാജിവച്ചതടക്കം വ്യാഴാഴ്ചയുണ്ടായ രാഷ്ട്രീയ സംഭവ വികാസങ്ങളുടെ പശ്ചാത്തലത്തിലാണ് മാറ്റിയതെന്ന് കരുതുന്നു
/home/vijay/Desktop/All_Files/ALL_TTS/DIS_Vector_Embedding_Integration/Data/Malayalam_Male/wav/06_M_set_01_073.wav	Malayalam_Male	സൈന്യം ചൊവ്വാഴ്ച ഇരുട്ടിന്റെ മറവില്‍ നാണ്യവിനിമയ മിന്നലാക്രമണം പ്രഖ്യാപിച്ച് ലക്ഷക്കണക്കിന് ആയുധങ്ങള്‍ പിടിച്ചെടുത്തു
/home/vijay/Desktop/All_Files/ALL_TTS/DIS_Vector_Embedding_Integration/Data/Malayalam_Male/wav/06_M_set_04_057.wav	Malayalam_Male	മണ്ഡലത്തിലേക്ക് വന്നവരെ കഴുത്തിനു പിടിച്ച് തള്ളിയതായാണ് പരാതി
/home/vijay/Desktop/All_Files/ALL_TTS/DIS_Vector_Embedding_Integration/Data/Malayalam_Male/wav/06_M_set_01_013.wav	Malayalam_Male	ഹര്‍ത്താല്‍ അനുകൂലികള്‍ കുറുകെയിട്ട തെങ്ങിന്‍ തടിയില്‍ തട്ടി പരിക്കേറ്റ് ചികിത്സയിലായിരുന്ന യാത്രികന്‍ നിര്യാതനായി
/home/vijay/Desktop/All_Files/ALL_TTS/DIS_Vector_Embedding_Integration/Data/Malayalam_Male/wav/06_M_set_04_200.wav	Malayalam_Male	പ്രത്യേക അഭിരുചി പരീക്ഷ ഉണ്ടാകില്ല
/home/vijay/Desktop/All_Files/ALL_TTS/DIS_Vector_Embedding_Integration/Data/Malayalam_Male/wav/06_M_set_03_009.wav	Malayalam_Male	റംസാന്‍ ദീപാവലി സമ്മാനങ്ങള്‍ അയക്കാന്‍ ഞങ്ങളെ സമീപിയ്ക്കു
/home/vijay/Desktop/All_Files/ALL_TTS/DIS_Vector_Embedding_Integration/Data/Malayalam_Male/wav/06_M_set_05_110.wav	Malayalam_Male	പാലത്തിന്‍റെ കൈവരിയിലാണ് വരച്ചത്
/home/vijay/Desktop/All_Files/ALL_TTS/DIS_Vector_Embedding_Integration/Data/Malayalam_Male/wav/06_M_set_01_169.wav	Malayalam_Male	സംഭരിച്ച നെല്ലിന്റെ തുക നാല് മാസമായിട്ടും കര്‍ഷകര്‍ക്ക് നല്‍കാത്തതിനെ തുടര്‍ന്നാണ് സമരം ചെയ്യുന്നത്
/home/vijay/Desktop/All_Files/ALL_TTS/DIS_Vector_Embedding_Integration/Data/Malayalam_Male/wav/06_M_set_02_045.wav	Malayalam_Male	വെടിമരുന്ന് നിറച്ച ചാക്ക് വച്ചതായും ഇരുവരും ചേര്‍ന്ന് മേല്‍പ്പാലത്തിലേക്ക് സ്‌ഫോടന ദിവസം എറിഞ്ഞതായും കണ്ടെത്തിയിരുന്നു
/home/vijay/Desktop/All_Files/ALL_TTS/DIS_Vector_Embedding_Integration/Data/Malayalam_Male/wav/06_M_set_03_133.wav	Malayalam_Male	മുറികളില്‍ ഇരുപത്തിനാല് മണിക്കൂര്‍ സേവന സൗകര്യങ്ങള്‍ സജ്ജീകരിച്ചിട്ടുണ്ട്
/home/vijay/Desktop/All_Files/ALL_TTS/DIS_Vector_Embedding_Integration/Data/Malayalam_Male/wav/06_M_set_05_138.wav	Malayalam_Male	പരുക്കേറ്റ് വിശ്രമിക്കുന്ന താരത്തെ നിര്‍ബന്ധത്തെത്തുടര്‍ന്ന് ലോകകപ്പിനുള്ള ഉള്‍‌പ്പെടുത്തി
/home/vijay/Desktop/All_Files/ALL_TTS/DIS_Vector_Embedding_Integration/Data/Malayalam_Male/wav/06_M_set_04_139.wav	Malayalam_Male	ഫലകത്തിനു വേണ്ടിയുള്ള നാലാമത് കേളി കടന്നു
/home/vijay/Desktop/All_Files/ALL_TTS/DIS_Vector_Embedding_Integration/Data/Malayalam_Male/wav/06_M_set_01_138.wav	Malayalam_Male	സമനിലയില്‍ ഇന്നലെ തളച്ചതോടെയാണ് സ്മാരക അന്താരാഷ്ട്ര കിരീടം കൈയെത്തും ദൂരത്തെത്തിയത്
/home/vijay/Desktop/All_Files/ALL_TTS/DIS_Vector_Embedding_Integration/Data/Malayalam_Male/wav/06_M_set_03_098.wav	Malayalam_Male	യാത്രയെന്ന സംഘടനയില്‍ അംഗമാണെന്ന് ഇയാളുടെ അപേക്ഷയില്‍ പറയുന്നുണ്ടത്രേ
/home/vijay/Desktop/All_Files/ALL_TTS/DIS_Vector_Embedding_Integration/Data/Malayalam_Male/wav/06_M_set_01_025.wav	Malayalam_Male	സ്വാഗതവും നന്ദിയും ഒരേയാളാണ് പറഞ്ഞത്
/home/vijay/Desktop/All_Files/ALL_TTS/DIS_Vector_Embedding_Integration/Data/Malayalam_Male/wav/06_M_set_03_158.wav	Malayalam_Male	മുന്നേറ്റത്തിനു കടിഞ്ഞാണിടാന്‍ മൂന്നു മലയാളികളെ അണിനിരത്തിയിരുന്നു
/home/vijay/Desktop/All_Files/ALL_TTS/DIS_Vector_Embedding_Integration/Data/Malayalam_Male/wav/06_M_set_04_168.wav	Malayalam_Male	പ്രവര്‍ത്തകര്‍ ധാര്‍മിക യോദ്ധാക്കള്‍ ചമഞ്ഞ് ദമ്പതികളടക്കമുള്ളവരെ മര്‍ദിച്ചു
/home/vijay/Desktop/All_Files/ALL_TTS/DIS_Vector_Embedding_Integration/Data/Malayalam_Male/wav/06_M_set_01_155.wav	Malayalam_Male	സംസ്ഥാന സര്‍ക്കാര്‍ മുന്നോട്ടു വച്ച വ്യവസ്ഥകള്‍ പൂര്‍ണമായി പാലിക്കാതെ ഇരുന്നതിനാലാണ് കേന്ദ്ര പൊതു മേഖലാ സ്ഥാപനത്തിന് ഖനനാനുമതി നല്‍കാത്തത്
/home/vijay/Desktop/All_Files/ALL_TTS/DIS_Vector_Embedding_Integration/Data/Malayalam_Male/wav/06_M_set_03_093.wav	Malayalam_Male	യുവജന സംഘടനകള്‍ സമനില നേടി മത്സരം നീട്ടി
/home/vijay/Desktop/All_Files/ALL_TTS/DIS_Vector_Embedding_Integration/Data/Malayalam_Male/wav/06_M_set_03_057.wav	Malayalam_Male	രണ്ട് ഒന്നിനു കീഴടക്കിയ പതിമൂന്ന് മല്‍സരങ്ങളില്‍ സൂചികയില്‍ മുപ്പത്തിമൂന്നിന് ആധിപത്യം തുടര്‍ന്നു
/home/vijay/Desktop/All_Files/ALL_TTS/DIS_Vector_Embedding_Integration/Data/Malayalam_Male/wav/06_M_set_05_068.wav	Malayalam_Male	പുറം രാജ്യങ്ങളില്‍ ഇരുപത്തിരണ്ട് കൊല്ലം ജോലി ചെയ്ത മകളാണ് നാട്ടില്‍ തിരിച്ചെത്തിയത്
/home/vijay/Desktop/All_Files/ALL_TTS/DIS_Vector_Embedding_Integration/Data/Malayalam_Male/wav/06_M_set_05_100.wav	Malayalam_Male	പിന്നീടു വന്ന തൊണ്ണൂറ്റിയേഴാം പന്തില്‍ തൊണ്ണൂറ്റിയൊന്ന് ആഞ്ഞടിച്ചപ്പോള്‍ കത്തിക്കയറി
/home/vijay/Desktop/All_Files/ALL_TTS/DIS_Vector_Embedding_Integration/Data/Malayalam_Male/wav/06_M_set_01_108.wav	Malayalam_Male	സാംസ്കാരിക അഴിമതിക്ക് കൂട്ടുനില്‍ക്കാത്തതുകൊണ്ട് പുറത്തായി
/home/vijay/Desktop/All_Files/ALL_TTS/DIS_Vector_Embedding_Integration/Data/Malayalam_Male/wav/06_M_set_02_189.wav	Malayalam_Male	ലോകത്തെ ഏറ്റവും വലിയ ആണവനിലയങ്ങളില്‍ ഒന്നാണ് അടച്ചുപൂട്ടുന്നത്
/home/vijay/Desktop/All_Files/ALL_TTS/DIS_Vector_Embedding_Integration/Data/Malayalam_Male/wav/06_M_set_03_195.wav	Malayalam_Male	മല്‍സരങ്ങളില്‍ വിജയിച്ചെങ്കിലും പരുക്കു വഷളായതു കാരണം അടുത്ത മല്‍സരങ്ങള്‍ നഷ്ടമായി
/home/vijay/Desktop/All_Files/ALL_TTS/DIS_Vector_Embedding_Integration/Data/Malayalam_Male/wav/06_M_set_02_154.wav	Malayalam_Male	വന്‍കിട വ്യവസായങ്ങള്‍ നിര്‍മിക്കാന്‍ കരാറായി
/home/vijay/Desktop/All_Files/ALL_TTS/DIS_Vector_Embedding_Integration/Data/Malayalam_Male/wav/06_M_set_05_140.wav	Malayalam_Male	പരീക്ഷണം നിന്നെങ്കിലും കുറ്റിത്തെറുപ്പിച്ചു പൂജ്യനായി മടങ്ങി
/home/vijay/Desktop/All_Files/ALL_TTS/DIS_Vector_Embedding_Integration/Data/Malayalam_Male/wav/06_M_set_02_010.wav	Malayalam_Male	ശാസ്ത്രങ്ങളുടെ ശാസ്ത്രമെന്നു പേരിട്ടു വിളിച്ചു
/home/vijay/Desktop/All_Files/ALL_TTS/DIS_Vector_Embedding_Integration/Data/Malayalam_Male/wav/06_M_set_01_145.wav	Malayalam_Male	സദ്യ ഉണ്ടു പിന്നീട് പള്ളിയിലേയ്ക്ക് പോകുകയുണ്ടായി
/home/vijay/Desktop/All_Files/ALL_TTS/DIS_Vector_Embedding_Integration/Data/Malayalam_Male/wav/06_M_set_02_011.wav	Malayalam_Male	ശാരീരികമോ മാനസികമോ ആയ ഏതു മുറിവുകളെയും കരിച്ചു കളയുന്ന സ്‌നേഹമെന്ന ദിവ്യ ഔഷധത്തിന്‍റെ പണ്ഡകശാലയാണിത്
/home/vijay/Desktop/All_Files/ALL_TTS/DIS_Vector_Embedding_Integration/Data/Malayalam_Male/wav/06_M_set_02_031.wav	Malayalam_Male	വൈകീട്ട് വീട്ടില്‍ വന്ന് അതിന്‍റെ പെട്ടി എടുത്തു
/home/vijay/Desktop/All_Files/ALL_TTS/DIS_Vector_Embedding_Integration/Data/Malayalam_Male/wav/06_M_set_02_037.wav	Malayalam_Male	വെള്ളി നേടിയപ്പോള്‍ വെങ്കലവും പ്രാപ്തമായി
/home/vijay/Desktop/All_Files/ALL_TTS/DIS_Vector_Embedding_Integration/Data/Malayalam_Male/wav/06_M_set_05_135.wav	Malayalam_Male	പറയുന്നതൊന്ന് പ്രവര്‍ത്തിക്കുന്നതു മറ്റൊന്ന്
/home/vijay/Desktop/All_Files/ALL_TTS/DIS_Vector_Embedding_Integration/Data/Malayalam_Male/wav/06_M_set_01_047.wav	Malayalam_Male	സ്‌ഫോടനത്തില്‍ ഒട്ടേറെ വാഹനങ്ങള്‍ തകര്‍ന്നു
/home/vijay/Desktop/All_Files/ALL_TTS/DIS_Vector_Embedding_Integration/Data/Malayalam_Male/wav/06_M_set_04_076.wav	Malayalam_Male	ഭൂരിപക്ഷ മേഖലയില്‍ മുപ്പത്തിയഞ്ച് ജഡങ്ങളും ഷിയാമേഖലയില്‍ പതിനഞ്ച് ജഡങ്ങളുമാണു കണ്ടത്
/home/vijay/Desktop/All_Files/ALL_TTS/DIS_Vector_Embedding_Integration/Data/Malayalam_Male/wav/06_M_set_04_033.wav	Malayalam_Male	മനുഷ്യ ശേഷി മന്ത്രിയുടെ സന്ദര്‍ശനത്തോട് അനുബന്ധിച്ച് ആയിരിക്കും ഒപ്പുവയ്ക്കല്‍
/home/vijay/Desktop/All_Files/ALL_TTS/DIS_Vector_Embedding_Integration/Data/Malayalam_Male/wav/06_M_set_05_066.wav	Malayalam_Male	പുറത്താക്കാനുള്ള തീരുമാനം അംഗീകരിക്കാനാവില്ലെന്ന് പ്രതിപക്ഷനേതാവ്
/home/vijay/Desktop/All_Files/ALL_TTS/DIS_Vector_Embedding_Integration/Data/Malayalam_Male/wav/06_M_set_04_054.wav	Malayalam_Male	മത്തി വറുത്തതിന്റെ മണമടിച്ചാല്‍ തത്ത പറയും
/home/vijay/Desktop/All_Files/ALL_TTS/DIS_Vector_Embedding_Integration/Data/Malayalam_Male/wav/06_M_set_02_027.wav	Malayalam_Male	വ്യക്തിഗത കായിക ഇനങ്ങള്‍ നടക്കാന്‍ പോകുന്നു
/home/vijay/Desktop/All_Files/ALL_TTS/DIS_Vector_Embedding_Integration/Data/Malayalam_Male/wav/06_M_set_01_148.wav	Malayalam_Male	സങ്കേതത്തില്‍ അംഗത്വം ലഭിക്കുന്ന അഞ്ചാമത്തെ ശാസ്ത്രജ്ഞനാണ്
/home/vijay/Desktop/All_Files/ALL_TTS/DIS_Vector_Embedding_Integration/Data/Malayalam_Male/wav/06_M_set_04_101.wav	Malayalam_Male	ഭാഗവതോത്സവത്തില്‍ സ്ഥിരം ശ്രോതാക്കളായി പങ്കെടുക്കാന്‍ താല്പര്യമുള്ളവര്‍ക്ക് താമസം ഭക്ഷണം തുടങ്ങിയവ സൌജന്യമായി ഒരുക്കും
/home/vijay/Desktop/All_Files/ALL_TTS/DIS_Vector_Embedding_Integration/Data/Malayalam_Male/wav/06_M_set_03_047.wav	Malayalam_Male	രാജ്ഞിയും അദ്ധ്യാപകരും മറ്റും ആദ്യ പത്ത് സ്ഥാനങ്ങളില്‍ ഉള്‍പ്പെടുന്നു
/home/vijay/Desktop/All_Files/ALL_TTS/DIS_Vector_Embedding_Integration/Data/Malayalam_Male/wav/06_M_set_04_070.wav	Malayalam_Male	ഭ്രൂണത്തിലെ കോശം എടുക്കുന്നതു ഭ്രൂണം നശിപ്പിക്കുന്നതിനു തുല്യമാണെന്നാണ് പ്രതിനിധിയുടെ വാദം
/home/vijay/Desktop/All_Files/ALL_TTS/DIS_Vector_Embedding_Integration/Data/Malayalam_Male/wav/06_M_set_01_163.wav	Malayalam_Male	സംവിധായകന്‍ ഒരുക്കുന്ന ചിത്രത്തില്‍ പല പുതുമുഖങ്ങളുണ്ട്
/home/vijay/Desktop/All_Files/ALL_TTS/DIS_Vector_Embedding_Integration/Data/Malayalam_Male/wav/06_M_set_02_029.wav	Malayalam_Male	വൈദ്യുതി വിഭാഗത്തിലെ ജീവനക്കാര്‍ നേതൃത്വം നല്‍കി
/home/vijay/Desktop/All_Files/ALL_TTS/DIS_Vector_Embedding_Integration/Data/Malayalam_Male/wav/06_M_set_04_174.wav	Malayalam_Male	പ്രമുഖ നിര്‍മാതാക്കള്‍ കെട്ടിടം വാങ്ങുന്നു
/home/vijay/Desktop/All_Files/ALL_TTS/DIS_Vector_Embedding_Integration/Data/Malayalam_Male/wav/06_M_set_02_138.wav	Malayalam_Male	വലിയ പോരാട്ടങ്ങള്‍ വരാനിരിക്കേ പിള്ളേരു കളിക്കായി സമയവും ഊര്‍ജവും പാഴാക്കാന്‍ തയ്യാറായിരുന്നില്ല പടയാളികള്‍
/home/vijay/Desktop/All_Files/ALL_TTS/DIS_Vector_Embedding_Integration/Data/Malayalam_Male/wav/06_M_set_03_148.wav	Malayalam_Male	മുന്‍ വര്‍ണവെറിയന്‍ വാഴ്ചക്കെതിരെ സന്ധിയില്ലാതെ പോരാടിയ വെളുത്ത വര്‍ഗക്കാരിയായ നേതാവ് അന്തരിച്ചു
/home/vijay/Desktop/All_Files/ALL_TTS/DIS_Vector_Embedding_Integration/Data/Malayalam_Male/wav/06_M_set_03_079.wav	Malayalam_Male	രണ്ടാമതൊരു വിമാനവാഹിനിക്കപ്പല്‍ അയക്കുകയും ആക്രമിച്ചേക്കുമെന്ന ആശങ്ക ശക്തമാവുകയും ചെയ്ത സാഹചര്യത്തിലാണ് ഇടപെടല്‍
/home/vijay/Desktop/All_Files/ALL_TTS/DIS_Vector_Embedding_Integration/Data/Malayalam_Male/wav/06_M_set_04_006.wav	Malayalam_Male	മറ്റ് ചില പ്രധാന ഘടകങ്ങളെക്കുറിച്ച് കൂടി കേട്ടോളൂ
/home/vijay/Desktop/All_Files/ALL_TTS/DIS_Vector_Embedding_Integration/Data/Malayalam_Male/wav/06_M_set_02_072.wav	Malayalam_Male	വിലയിടിവിനു ചുവടു പിടിച്ച് സ്വര്‍ണവില ഇനിയും താഴ്‌ന്നേക്കുമെന്നു സൂചന
/home/vijay/Desktop/All_Files/ALL_TTS/DIS_Vector_Embedding_Integration/Data/Malayalam_Male/wav/06_M_set_02_046.wav	Malayalam_Male	വെടിക്കെട്ടോടെ പരമ്പരയ്ക്കു തുടക്കം
/home/vijay/Desktop/All_Files/ALL_TTS/DIS_Vector_Embedding_Integration/Data/Malayalam_Male/wav/06_M_set_03_150.wav	Malayalam_Male	മുന്‍ ചാരന്‍ വിഷബാധ ഏല്‍ക്കുന്നതിന് മുന്‍പ് അദ്ദേഹവുമായി കൂടിക്കാഴ്ച നടത്തിയിരുന്നു
/home/vijay/Desktop/All_Files/ALL_TTS/DIS_Vector_Embedding_Integration/Data/Malayalam_Male/wav/06_M_set_04_146.wav	Malayalam_Male	പ്രായപൂര്‍ത്തിയാകാത്തവരെ കുട്ടികള്‍ നടത്തുന്ന അപരാധങ്ങള്‍ വിചാരണ ചെയ്യുന്ന കോടതിയിലും ഹാജരാക്കും
/home/vijay/Desktop/All_Files/ALL_TTS/DIS_Vector_Embedding_Integration/Data/Malayalam_Male/wav/06_M_set_01_120.wav	Malayalam_Male	സര്‍വകലാശാലയിലെ സര്‍ഗാത്മക രചന മാധ്യമപഠന വിഭാഗങ്ങളിലെ വിദ്യാര്‍ഥികള്‍ രചനയ്ക്ക് സന്നദ്ധ സേവകരാവും
/home/vijay/Desktop/All_Files/ALL_TTS/DIS_Vector_Embedding_Integration/Data/Malayalam_Male/wav/06_M_set_03_090.wav	Malayalam_Male	യുവാവിനെ നിയമപാലകര്‍ അടിച്ചു വീഴ്ത്തി
/home/vijay/Desktop/All_Files/ALL_TTS/DIS_Vector_Embedding_Integration/Data/Malayalam_Male/wav/06_M_set_02_181.wav	Malayalam_Male	വകുപ്പുകള്‍ ഓരോ സാമ്രാജ്യങ്ങളായി മാറുന്നു
/home/vijay/Desktop/All_Files/ALL_TTS/DIS_Vector_Embedding_Integration/Data/Malayalam_Male/wav/06_M_set_01_092.wav	Malayalam_Male	സുഗന്ധ വ്യജ്ഞനങ്ങള്‍ തോട്ടങ്ങളില്‍ ആസ്വദിക്കാവുന്നതാണ്
/home/vijay/Desktop/All_Files/ALL_TTS/DIS_Vector_Embedding_Integration/Data/Malayalam_Male/wav/06_M_set_04_143.wav	Malayalam_Male	പ്രേക്ഷകരെ ആവേശത്തിന്‍റെ മുള്‍മുനയില്‍ നിര്‍ത്തിയ പരിപാടി എത്തുന്നത് കടുത്ത ഗൌരവത്തിലും നര്‍മത്തിന്‍റെ മേമ്പൊടിയോടെയുമാവും
/home/vijay/Desktop/All_Files/ALL_TTS/DIS_Vector_Embedding_Integration/Data/Malayalam_Male/wav/06_M_set_03_121.wav	Malayalam_Male	മൂന്നു പ്രമുഖ നേതാക്കളെ വധിക്കുമെന്ന് ഭീഷണി മുഴക്കിയതായുള്ള വാര്‍ത്ത ആഭ്യന്തര മന്ത്രാലയം നിഷേധിച്ചു
/home/vijay/Desktop/All_Files/ALL_TTS/DIS_Vector_Embedding_Integration/Data/Malayalam_Male/wav/06_M_set_02_196.wav	Malayalam_Male	ലോകകപ്പില്‍ കിരീടങ്ങളുടെ പട്ടിക തികച്ചപ്പോള്‍ ഇവരിലൂടെ നമ്മള്‍ അഭിമാനം നിലനിര്‍ത്തി
/home/vijay/Desktop/All_Files/ALL_TTS/DIS_Vector_Embedding_Integration/Data/Malayalam_Male/wav/06_M_set_04_003.wav	Malayalam_Male	മലമുകളില്‍ കല്ലുരുട്ടിക്കയറ്റി താഴേക്കിട്ട് രസിച്ച ജ്ഞാനിയായ ഭ്രാന്തന് തുലാം ഒന്നിന് ദര്‍ശനം നല്‍കിയെന്നാണ് ഐതിഹ്യം
/home/vijay/Desktop/All_Files/ALL_TTS/DIS_Vector_Embedding_Integration/Data/Malayalam_Male/wav/06_M_set_02_142.wav	Malayalam_Male	വലതുപക്ഷ പ്രവചനങ്ങള്‍ തെറ്റി
/home/vijay/Desktop/All_Files/ALL_TTS/DIS_Vector_Embedding_Integration/Data/Malayalam_Male/wav/06_M_set_04_005.wav	Malayalam_Male	മറ്റ് പല പകര്‍ച്ചവ്യാധികളെയും പോലെ എളുപ്പത്തില്‍ പകരുന്ന ഒന്നല്ല ഇതെന്ന സത്യം അംഗീകരിക്കാന്‍ പലരും തയ്യാറാകുന്നില്ല
/home/vijay/Desktop/All_Files/ALL_TTS/DIS_Vector_Embedding_Integration/Data/Malayalam_Male/wav/06_M_set_01_076.wav	Malayalam_Male	സൈനിക അട്ടിമറിയില്‍ കൊല്ലപ്പെട്ടത് സാരഥിയുടെ പുത്രിയാണ്
/home/vijay/Desktop/All_Files/ALL_TTS/DIS_Vector_Embedding_Integration/Data/Malayalam_Male/wav/06_M_set_05_063.wav	Malayalam_Male	പുറത്താവാതെ നില്‍ക്കുന്ന കളിക്കാരന്‍ നാലാമത്തെ പന്തില്‍ പിടി നല്‍കിയെങ്കിലും പുറത്താവാന്‍ അനുവദിച്ചില്ല
/home/vijay/Desktop/All_Files/ALL_TTS/DIS_Vector_Embedding_Integration/Data/Malayalam_Male/wav/06_M_set_04_160.wav	Malayalam_Male	പ്രശസ്ത ചിത്രകാരന്‍ പ്രദര്‍ശനവേളയില്‍ ഒന്‍പത് ചിത്രങ്ങള്‍ പുറത്തിറക്കി
/home/vijay/Desktop/All_Files/ALL_TTS/DIS_Vector_Embedding_Integration/Data/Malayalam_Male/wav/06_M_set_03_043.wav	Malayalam_Male	രാജ്യങ്ങളില്‍ തോട്ടണ്ടിയുടെ സംസ്കരണം വര്‍ധിച്ചത് ഇറക്കുമതി സാധ്യത കുറയ്ക്കുന്നു
/home/vijay/Desktop/All_Files/ALL_TTS/DIS_Vector_Embedding_Integration/Data/Malayalam_Male/wav/06_M_set_02_096.wav	Malayalam_Male	വിദേശ നിര്‍മിത ഉത്പന്നങ്ങള്‍ വില്‍ക്കുന്ന കട നടത്തുന്ന ആളാണ് തങ്കച്ചന്‍
/home/vijay/Desktop/All_Files/ALL_TTS/DIS_Vector_Embedding_Integration/Data/Malayalam_Male/wav/06_M_set_04_119.wav	Malayalam_Male	ഭക്ഷ്യധാന്യങ്ങളുടെ പൊതുവിതരണത്തിലുള്ള അപാകതയെക്കുറിച്ച് അന്വേഷിക്കാന്‍ കോടതി നിയോഗിച്ച ഉപദേഷ്ടാവ് ഗ്രാമങ്ങളിലെ സര്‍പഞ്ച്മാരുടെ സമ്മേളനം വിളിച്ചു ചേര്‍ത്തിരുന്നു
/home/vijay/Desktop/All_Files/ALL_TTS/DIS_Vector_Embedding_Integration/Data/Malayalam_Male/wav/06_M_set_03_038.wav	Malayalam_Male	രാജ്യത്തെ ആദ്യ യോഗാ പഠന വേദി സ്ഥാപിക്കും
/home/vijay/Desktop/All_Files/ALL_TTS/DIS_Vector_Embedding_Integration/Data/Malayalam_Male/wav/06_M_set_01_122.wav	Malayalam_Male	സര്‍വകലാശാലകളും വൈകാതെ നിരോധിക്കുമെന്ന് സൂചനയുണ്ട്
/home/vijay/Desktop/All_Files/ALL_TTS/DIS_Vector_Embedding_Integration/Data/Malayalam_Male/wav/06_M_set_05_035.wav	Malayalam_Male	പൊതുമേഖല സ്വകാര്യ മേഖല പോലാവുമ്പോള്‍ എന്താ ചെയ്യുക ?
/home/vijay/Desktop/All_Files/ALL_TTS/DIS_Vector_Embedding_Integration/Data/Malayalam_Male/wav/06_M_set_04_011.wav	Malayalam_Male	മറ്റു മൂന്നു മത്സരങ്ങളുടെ മികവില്‍ ദുര്‍ബലരായ മറുസഖ്യത്തെ തകര്‍ത്തു
/home/vijay/Desktop/All_Files/ALL_TTS/DIS_Vector_Embedding_Integration/Data/Malayalam_Male/wav/06_M_set_01_090.wav	Malayalam_Male	സുന്നി ഒളിപ്പോര്‍ സംഘങ്ങള്‍ പ്രഖ്യാപിച്ച ഇസ്ലാമിക രാജ്യത്തിന്‍റെ തലവനാണ്
/home/vijay/Desktop/All_Files/ALL_TTS/DIS_Vector_Embedding_Integration/Data/Malayalam_Male/wav/06_M_set_01_160.wav	Malayalam_Male	സംസ്ഥാനത്തിലെ താലൂക്കിലെ നീലക്കുറിഞ്ഞി ചെടിയെ സംരക്ഷിക്കുന്നതിനായുള്ള സംരക്ഷണ കേന്ദ്രം ഏകദേശം മുപ്പത്തി രണ്ട് ചതുരശ്രയടി ഉണ്ട്
/home/vijay/Desktop/All_Files/ALL_TTS/DIS_Vector_Embedding_Integration/Data/Malayalam_Male/wav/06_M_set_04_102.wav	Malayalam_Male	ഭാഗവതഹംസം യജ്ഞാചാര്യന് നവതിയുടെ ധന്യത
/home/vijay/Desktop/All_Files/ALL_TTS/DIS_Vector_Embedding_Integration/Data/Malayalam_Male/wav/06_M_set_04_156.wav	Malayalam_Male	പ്രസിദ്ധമായ അമ്പലം തോപ്പിന്റെ തൊട്ടടുത്താണ്
/home/vijay/Desktop/All_Files/ALL_TTS/DIS_Vector_Embedding_Integration/Data/Malayalam_Male/wav/06_M_set_03_137.wav	Malayalam_Male	മുപ്പത്തിയൊന്‍പത് കോടിയും നാല്‍പ്പത്തിയഞ്ച് കോടിയുമാണ് തുക കാണിച്ചിരുന്നത്
/home/vijay/Desktop/All_Files/ALL_TTS/DIS_Vector_Embedding_Integration/Data/Malayalam_Male/wav/06_M_set_01_095.wav	Malayalam_Male	സാമ്പത്തികപരാധീനതയാല്‍ അകാലത്തില്‍ അന്തരിക്കുന്നവരുടെ എണ്ണം ഏറെയാണ്
/home/vijay/Desktop/All_Files/ALL_TTS/DIS_Vector_Embedding_Integration/Data/Malayalam_Male/wav/06_M_set_01_180.wav	Malayalam_Male	സംഘടനകളുടെ പ്രതിനിധികള്‍ ഇതില്‍ പങ്കെടുത്തു
/home/vijay/Desktop/All_Files/ALL_TTS/DIS_Vector_Embedding_Integration/Data/Malayalam_Male/wav/06_M_set_02_188.wav	Malayalam_Male	ലോകത്തെ മികച്ച പ്രതിനിധി വിസ്മയവുമായി ഇതാ വരുന്നു ഞങ്ങള്‍
/home/vijay/Desktop/All_Files/ALL_TTS/DIS_Vector_Embedding_Integration/Data/Malayalam_Male/wav/06_M_set_04_075.wav	Malayalam_Male	ഭൂരിഭാഗം ഓഹരികളും സ്ഥാപനത്തിന് സ്വന്തമാകും
/home/vijay/Desktop/All_Files/ALL_TTS/DIS_Vector_Embedding_Integration/Data/Malayalam_Male/wav/06_M_set_02_180.wav	Malayalam_Male	വക്കീല്‍ക്കുപ്പായമണിഞ്ഞ് പോവാതെ രാഷ്ട്രീയം സ്വീകരിച്ചു
/home/vijay/Desktop/All_Files/ALL_TTS/DIS_Vector_Embedding_Integration/Data/Malayalam_Male/wav/06_M_set_03_167.wav	Malayalam_Male	മുഖപത്രമായ ഔദ്യോഗിക വാര്‍ത്താ എന്നിവയൊന്നും ആണവോര്‍ജ സഹകരണ ധാരണയ്ക്ക് അമിത പ്രാധാന്യം നല്‍കിയില്ല
/home/vijay/Desktop/All_Files/ALL_TTS/DIS_Vector_Embedding_Integration/Data/Malayalam_Male/wav/06_M_set_04_163.wav	Malayalam_Male	പ്രവാസികള്‍ക്ക് രാജ്യത്തിന്റെ സാമുഹിക സാമ്പത്തിക വളര്‍ച്ചയില്‍ നിര്‍ണായക പങ്കുണ്ട്
/home/vijay/Desktop/All_Files/ALL_TTS/DIS_Vector_Embedding_Integration/Data/Malayalam_Male/wav/06_M_set_03_021.wav	Malayalam_Male	രാഷ്ട്രപതിയുടെ നിര്‍ദേശ പ്രകാരം ആതുര സേവനം ചെയ്തിരുന്ന വൈദ്യ സംഘത്തിന്‍റെ നേതാവായിരുന്നു സമ്മാനാര്‍ഹനായ വ്യക്തി
/home/vijay/Desktop/All_Files/ALL_TTS/DIS_Vector_Embedding_Integration/Data/Malayalam_Male/wav/06_M_set_04_010.wav	Malayalam_Male	മറ്റെല്ലാ മതത്തെപോലെ മതേതരത്വവും മനുഷ്യത്വവും ഉള്ള മതമാണ് ഇസ്ലാം
/home/vijay/Desktop/All_Files/ALL_TTS/DIS_Vector_Embedding_Integration/Data/Malayalam_Male/wav/06_M_set_05_015.wav	Malayalam_Male	പ്രതിമയെ ചില സാമൂഹികവിരുദ്ധര്‍ അവഹേളിച്ചതുമായി ബന്ധപ്പെട്ട് സംസ്ഥാനത്ത് പലയിടങ്ങളിലും അക്രമം തുടരുന്നു
/home/vijay/Desktop/All_Files/ALL_TTS/DIS_Vector_Embedding_Integration/Data/Malayalam_Male/wav/06_M_set_02_073.wav	Malayalam_Male	വിറ്റു വരവുള്ള തേയില കൃഷി വന്‍തോതില്‍ ചെയ്യുന്നു
/home/vijay/Desktop/All_Files/ALL_TTS/DIS_Vector_Embedding_Integration/Data/Malayalam_Male/wav/06_M_set_03_198.wav	Malayalam_Male	മലയാളി ഉടമസ്ഥതയിലുള്ള ജൈവസങ്കേതം തട്ടിയെടുക്കാനുള്ള നീക്കത്തിനെതിരെ പ്രതിഷേധം വ്യാപകം
/home/vijay/Desktop/All_Files/ALL_TTS/DIS_Vector_Embedding_Integration/Data/Malayalam_Male/wav/06_M_set_05_013.wav	Malayalam_Male	പ്രതിരോധക്കാരന്‍ ആറു വര്‍ഷങ്ങള്‍ പിന്നിട്ടപ്പോള്‍ നാലാം സ്വര്‍ണം സ്വന്തമാക്കി
/home/vijay/Desktop/All_Files/ALL_TTS/DIS_Vector_Embedding_Integration/Data/Malayalam_Male/wav/06_M_set_03_088.wav	Malayalam_Male	യോഗയും ആയുര്‍വേദവും കളരിയും ചേര്‍ന്ന പുതിയ ചികിത്സാ രീതിയുടെ പ്രയോക്താവാണ് ഗുരു
/home/vijay/Desktop/All_Files/ALL_TTS/DIS_Vector_Embedding_Integration/Data/Malayalam_Male/wav/06_M_set_03_085.wav	Malayalam_Male	രക്ഷാസമിതി അംഗത്വത്തിനു യോഗ്യമല്ലെന്നാണ് പരാമര്‍ശം കാണിക്കുന്നതെന്നു തുറന്നടിച്ചു
/home/vijay/Desktop/All_Files/ALL_TTS/DIS_Vector_Embedding_Integration/Data/Malayalam_Male/wav/06_M_set_02_038.wav	Malayalam_Male	വെള്ളിയാഴ്ച മുപ്പത് തികയുന്നതിനാല്‍ ആണിത്
/home/vijay/Desktop/All_Files/ALL_TTS/DIS_Vector_Embedding_Integration/Data/Malayalam_Male/wav/06_M_set_01_060.wav	Malayalam_Male	സ്ഥാപനം ഏതാനും മാസം മുന്‍പ് പേരുമാറ്റിയതിലും ദുരൂഹതകളുണ്ടെന്നു പ്രവര്‍ത്തകര്‍ ആരോപിക്കുന്നു
/home/vijay/Desktop/All_Files/ALL_TTS/DIS_Vector_Embedding_Integration/Data/Malayalam_Male/wav/06_M_set_03_178.wav	Malayalam_Male	മാലിന്യസംസ്കരണ പദ്ധതിയുടെ മറവില്‍ കോടികളുടെ അഴിമതിക്ക് സര്‍ക്കാര്‍ കളമൊരുക്കുന്നു
/home/vijay/Desktop/All_Files/ALL_TTS/DIS_Vector_Embedding_Integration/Data/Malayalam_Male/wav/06_M_set_05_134.wav	Malayalam_Male	പറയുന്നത് പരിശോധനയില്‍ കണ്ടെത്തിയ രാസവസ്തുവിന്റെ കൂടിയ അളവ് തന്‍റെ ശരീരം സ്വാഭാവികമായി ഉത്പാദിപ്പിക്കുന്നതാണെന്നാണ്
/home/vijay/Desktop/All_Files/ALL_TTS/DIS_Vector_Embedding_Integration/Data/Malayalam_Male/wav/06_M_set_03_136.wav	Malayalam_Male	മുപ്പത്തി എണ്ണായിരം അപേക്ഷകര്‍ യോഗ്യത നേടാതെ പുറത്തായി
/home/vijay/Desktop/All_Files/ALL_TTS/DIS_Vector_Embedding_Integration/Data/Malayalam_Male/wav/06_M_set_05_086.wav	Malayalam_Male	പുകവലി നിര്‍ത്താതെ ആരോഗ്യം സംരക്ഷിക്കാന്‍ സാധിക്കില്ലെന്നാണ് മുന്നറിയിപ്പു നല്കുന്നത്
/home/vijay/Desktop/All_Files/ALL_TTS/DIS_Vector_Embedding_Integration/Data/Malayalam_Male/wav/06_M_set_01_147.wav	Malayalam_Male	സത്യപ്രതിജ്ഞയായതിനാല്‍ ഇന്നും നാളെയും അവധിയാണ്
/home/vijay/Desktop/All_Files/ALL_TTS/DIS_Vector_Embedding_Integration/Data/Malayalam_Male/wav/06_M_set_01_176.wav	Malayalam_Male	സംഘത്തലവനുവേണ്ടി സൈന്യം തെരച്ചില്‍ വ്യാപകമാക്കി
/home/vijay/Desktop/All_Files/ALL_TTS/DIS_Vector_Embedding_Integration/Data/Malayalam_Male/wav/06_M_set_04_031.wav	Malayalam_Male	മന്ത്രിക്കു ധനം വേണമെങ്കില്‍ വനംവകുപ്പ് ഉപയോഗിച്ച് ഉണ്ടാക്കിക്കൊടുക്കാമെന്നും അക്കാര്യം അറിയിക്കണമെന്നും ഉത്തരവാദപ്പെട്ട നേതാവിനോടു പറയാന്‍ ധൈര്യം കാട്ടിയ ആളാണ്
/home/vijay/Desktop/All_Files/ALL_TTS/DIS_Vector_Embedding_Integration/Data/Malayalam_Male/wav/06_M_set_05_109.wav	Malayalam_Male	പാലിനു വില കൂട്ടുക എന്നിങ്ങനെയുള്ള കണക്കു കൂട്ടലിലാണ്
/home/vijay/Desktop/All_Files/ALL_TTS/DIS_Vector_Embedding_Integration/Data/Malayalam_Male/wav/06_M_set_05_131.wav	Malayalam_Male	പഴയ പാട്ടിന്റെ സ്വഭാവങ്ങള്‍ പേറി ഒരു പുനര്‍നിര്‍മ്മാണമാണ് സാധിച്ചെടുത്തത് എന്നത് നിസ്സംശയം തെളിയിക്കാം
/home/vijay/Desktop/All_Files/ALL_TTS/DIS_Vector_Embedding_Integration/Data/Malayalam_Male/wav/06_M_set_02_190.wav	Malayalam_Male	ലോകത്തുള്ളതിലെ കരുത്തുറ്റ സാമ്രാജ്യങ്ങളുടെ ആയിരത്തിതൊണ്ണൂറ്റിയെട്ട് ദശാബ്ദം വരെയുള്ള അവകാശം റദ്ദാക്കി
/home/vijay/Desktop/All_Files/ALL_TTS/DIS_Vector_Embedding_Integration/Data/Malayalam_Male/wav/06_M_set_02_174.wav	Malayalam_Male	വടിവാള്‍ മദ്യക്കുപ്പി എന്നിവയും രക്തം പുരണ്ട അടയാളവും കണ്ടെത്തി
/home/vijay/Desktop/All_Files/ALL_TTS/DIS_Vector_Embedding_Integration/Data/Malayalam_Male/wav/06_M_set_03_078.wav	Malayalam_Male	രണ്ടായിരം കോടിയോളം രൂപയുടേതായിരിക്കും കാര്യക്രമം
/home/vijay/Desktop/All_Files/ALL_TTS/DIS_Vector_Embedding_Integration/Data/Malayalam_Male/wav/06_M_set_01_121.wav	Malayalam_Male	സര്‍വകലാശാലകളുള്‍പ്പെടെ പരിസരത്തുമുള്ള പ്രധാന തൊഴില്‍ശാലകളില്‍ പണിമുടക്ക് പൂര്‍ണമായിരുന്നു
/home/vijay/Desktop/All_Files/ALL_TTS/DIS_Vector_Embedding_Integration/Data/Malayalam_Male/wav/06_M_set_04_159.wav	Malayalam_Male	പ്രശസ്ത പ്രകൃതി ശാസ്ത്രജ്ഞനും നിര്‍മാതാവും എണ്‍പത്തിയൊന്‍പത് വയസ്സില്‍ അന്തരിച്ചു
/home/vijay/Desktop/All_Files/ALL_TTS/DIS_Vector_Embedding_Integration/Data/Malayalam_Male/wav/06_M_set_01_093.wav	Malayalam_Male	സാഹസിക യാത്രയുടെ സംഘാടകര്‍ ആണ് ഇക്കാര്യം അറിയിച്ചത്
/home/vijay/Desktop/All_Files/ALL_TTS/DIS_Vector_Embedding_Integration/Data/Malayalam_Male/wav/06_M_set_03_003.wav	Malayalam_Male	ലോകപ്രിയ നാമത്തോടെ മരുന്ന് കമ്പോളത്തില്‍ ഇതിനെ കൊണ്ടുവരുന്നത് മരുന്നു ശാഖയാണ്
/home/vijay/Desktop/All_Files/ALL_TTS/DIS_Vector_Embedding_Integration/Data/Malayalam_Male/wav/06_M_set_05_160.wav	Malayalam_Male	പരിക്കു വകവെക്കാതെയിറങ്ങി ഗുരുതരമായ സാഹചര്യത്തില്‍ കളിയില്‍ നിന്നു തല്‍ക്കാലം വിട്ടുനില്‍ക്കുകയാണ്
/home/vijay/Desktop/All_Files/ALL_TTS/DIS_Vector_Embedding_Integration/Data/Malayalam_Male/wav/06_M_set_02_126.wav	Malayalam_Male	വാടകയ്ക്കു കൊടുക്കാന്‍ വ്യവസ്ഥയില്ലെന്നാരോപിച്ചു ഉത്തരന്ത്യേന്‍ വിപണി പിടിച്ചടക്കാനൊരുങ്ങുന്നു
/home/vijay/Desktop/All_Files/ALL_TTS/DIS_Vector_Embedding_Integration/Data/Malayalam_Male/wav/06_M_set_03_076.wav	Malayalam_Male	രണ്ടായിരത്തിയഞ്ചില്‍ കുറ്റകൃത്യങ്ങള്‍ മൂന്നിരട്ടിയായി
/home/vijay/Desktop/All_Files/ALL_TTS/DIS_Vector_Embedding_Integration/Data/Malayalam_Male/wav/06_M_set_01_059.wav	Malayalam_Male	സ്ഥാപനം നഷ്ടത്തിലാക്കിയതിന്‍റെ പ്രധാന ഉത്തരവാദിയ്ക്ക് മാപ്പു നല്‍കിയത് എന്തടിസ്ഥാനത്തിലാണെന്ന് സ്ഥാപകന്‍ ചോദിക്കുന്നു
/home/vijay/Desktop/All_Files/ALL_TTS/DIS_Vector_Embedding_Integration/Data/Malayalam_Male/wav/06_M_set_05_048.wav	Malayalam_Male	പൂരിപ്പിച്ചു നല്കിയ അപേക്ഷ എടുത്ത് ഒട്ടിച്ചിട്ടു വേണം അറിയിപ്പു ലഭിച്ച തീയതിക്ക് അങ്ങോട്ട് ചെല്ലാന്‍
/home/vijay/Desktop/All_Files/ALL_TTS/DIS_Vector_Embedding_Integration/Data/Malayalam_Male/wav/06_M_set_05_002.wav	Malayalam_Male	പ്രതീക്ഷ വിടാതെ യന്ത്ര സാമഗ്രികളുടെ സഹായത്തോടെ നാല്‍പ്പത്തിയഞ്ച് ദിനങ്ങള്‍ നീണ്ടുനിന്ന തീവ്ര പരിശ്രമത്തിനൊടുവില്‍ നിധി കണ്ടെത്തി
/home/vijay/Desktop/All_Files/ALL_TTS/DIS_Vector_Embedding_Integration/Data/Malayalam_Male/wav/06_M_set_03_031.wav	Malayalam_Male	രാജ്യാന്തര ചലച്ചിത്രമേളയുടെ ഉദ്ഘാടന ചിത്രം വിജയമായിരുന്നു
/home/vijay/Desktop/All_Files/ALL_TTS/DIS_Vector_Embedding_Integration/Data/Malayalam_Male/wav/06_M_set_05_026.wav	Malayalam_Male	പ്രകടനങ്ങള്‍ കാഴ്ചവച്ച കുന്തമുനകള്‍
/home/vijay/Desktop/All_Files/ALL_TTS/DIS_Vector_Embedding_Integration/Data/Malayalam_Male/wav/06_M_set_05_091.wav	Malayalam_Male	പിന്‍ഗാമിയായി സ്വാമിയെ തിരഞ്ഞെടുത്തു
/home/vijay/Desktop/All_Files/ALL_TTS/DIS_Vector_Embedding_Integration/Data/Malayalam_Male/wav/06_M_set_05_133.wav	Malayalam_Male	പള്ളിയില്‍ തിങ്കളാഴ്ച രാവിലെ അഞ്ച് മുപ്പതിന് അന്യ ഭാഷാ കുര്‍ബാനയും എട്ടുമണിക്ക് മലയാളത്തിലുള്ള കുര്‍ബാനയും നടക്കും
/home/vijay/Desktop/All_Files/ALL_TTS/DIS_Vector_Embedding_Integration/Data/Malayalam_Male/wav/06_M_set_05_124.wav	Malayalam_Male	പാചക വാതക വില വര്‍ധിപ്പിച്ചതിനു പിന്നാലെ ഇതുംകൂടെയായപ്പോള്‍ പട്ടിക തികച്ചു
/home/vijay/Desktop/All_Files/ALL_TTS/DIS_Vector_Embedding_Integration/Data/Malayalam_Male/wav/06_M_set_01_071.wav	Malayalam_Male	സൈന്യാധിപന്‍ ഉള്‍‌പ്പെടെയുള്ള പ്രതികളുടെ ശിക്ഷാ കാര്യത്തിലാണ് വാദം കേള്‍ക്കുക
/home/vijay/Desktop/All_Files/ALL_TTS/DIS_Vector_Embedding_Integration/Data/Malayalam_Male/wav/06_M_set_04_176.wav	Malayalam_Male	പ്രമുഖ തേയിലപ്പൊടി നിര്‍മാതാക്കള്‍ പഴയ സാധനം വേറെ പേരില്‍ പുറത്തിറക്കി
/home/vijay/Desktop/All_Files/ALL_TTS/DIS_Vector_Embedding_Integration/Data/Malayalam_Male/wav/06_M_set_04_189.wav	Malayalam_Male	പ്രധാനമന്ത്രി സമ്മേളനത്തില്‍ പങ്കെടുത്തു കൊണ്ടിരുന്ന അവസരത്തിലാണ് അദ്ദേഹത്തിന്‍റെ സര്‍ക്കാരിനെ സൈനിക മേധാവി പുറത്താക്കി അധികാരം പിടിച്ചത്
