/home/vijay/Desktop/All_Files/ALL_TTS/DIS_Vector_Embedding_Integration/Data/Malayalam_Female/wav/07_F_set_27_124.wav	Malayalam_Female	റാഗിങ്ങിനിരയായ വിദ്യാര്‍ഥിയെ അധ്യാപകന്‍ തല്ലിയെന്ന് ആരോപണം
/home/vijay/Desktop/All_Files/ALL_TTS/DIS_Vector_Embedding_Integration/Data/Malayalam_Female/wav/07_F_set_27_063.wav	Malayalam_Female	ഒഴിവാക്കപ്പെട്ടവര്‍ മൂസക്കുട്ടി കരീം എന്നിവരാണ്
/home/vijay/Desktop/All_Files/ALL_TTS/DIS_Vector_Embedding_Integration/Data/Malayalam_Female/wav/07_F_set_11_200.wav	Malayalam_Female	അന്‍പതാം സ്ഥാനക്കാരിയാണ് എതിരാളി
/home/vijay/Desktop/All_Files/ALL_TTS/DIS_Vector_Embedding_Integration/Data/Malayalam_Female/wav/07_F_set_04_071.wav	Malayalam_Female	ഭ്രാന്തന്‍ പോകാന്‍ ശ്രമിച്ച പ്രദേശങ്ങളിലാണ് ദിവ്യാത്ഭുതം കാണാന്‍ ജനം കൂടിയത്
/home/vijay/Desktop/All_Files/ALL_TTS/DIS_Vector_Embedding_Integration/Data/Malayalam_Female/wav/07_F_set_06_187.wav	Malayalam_Female	നഗരത്തിലെ പരിശോധനയില്‍ അന്താരാഷ്ട്ര കമ്പോളത്തില്‍ അസംസ്‌കൃത എണ്ണവിലയിലുണ്ടാകുന്ന ഉയര്‍ച്ചയും താഴ്‌ച്ചയും ജനങ്ങളെ ബാധിയ്ക്കുന്നതായി തെളിഞ്ഞു
/home/vijay/Desktop/All_Files/ALL_TTS/DIS_Vector_Embedding_Integration/Data/Malayalam_Female/wav/07_F_set_13_106.wav	Malayalam_Female	സമരപ്പോരാളികള്‍ സംയുക്തമായി നല്‍കിയ സ്വീകരണത്തില്‍ സംസാരിക്കുകയായിരുന്നു അദ്ദേഹം
/home/vijay/Desktop/All_Files/ALL_TTS/DIS_Vector_Embedding_Integration/Data/Malayalam_Female/wav/07_F_set_18_179.wav	Malayalam_Female	ഉച്ചത്തിലുള്ള നിലവിളി പലപോഴും ഞങ്ങളുടെ കാതുകളെയും എന്റെ മനസിനെയും കുത്തി മുറിച്ചു മറി കടന്നു പോകുന്നതായിരുന്നു
/home/vijay/Desktop/All_Files/ALL_TTS/DIS_Vector_Embedding_Integration/Data/Malayalam_Female/wav/07_F_set_08_200.wav	Malayalam_Female	കാലം തുടങ്ങുമ്പോഴേയ്ക്കും പരിക്ക് പൂര്‍ണമായും മാറുമെന്ന പ്രതീക്ഷയിലാണ്
/home/vijay/Desktop/All_Files/ALL_TTS/DIS_Vector_Embedding_Integration/Data/Malayalam_Female/wav/07_F_set_27_071.wav	Malayalam_Female	ഉള്‍പ്രദേശത്തിന്റെ അധീനതയിലായ തടാകത്തിനടുത്ത് സ്ഥിതി ചെയ്യുന്നു രാമുവിന്റെ താമരക്കുളം
/home/vijay/Desktop/All_Files/ALL_TTS/DIS_Vector_Embedding_Integration/Data/Malayalam_Female/wav/07_F_set_08_161.wav	Malayalam_Female	കൂട്ടുകെട്ട് ഉയര്‍ത്തിയ അഞ്ഞൂറ്റിയെട്ട് കൂറ്റന്‍ വെല്ലുവിളി എതിര്‍ത്ത് മുന്നേറി അഞ്ഞൂറ്റി മുപ്പത്തിയെട്ടിന് പുറത്തായി
/home/vijay/Desktop/All_Files/ALL_TTS/DIS_Vector_Embedding_Integration/Data/Malayalam_Female/wav/07_F_set_27_047.wav	Malayalam_Female	നന്നായി കളിച്ചാല്‍ ഉള്‍പ്പെടുത്തുമെന്നു കരുതിയിരുന്നുവെങ്കിലും ശാരീരിക ക്ഷമതയ്ക്കു പ്രശ്നമില്ലാത്തത് തടസം സൃഷ്ടിച്ചു
/home/vijay/Desktop/All_Files/ALL_TTS/DIS_Vector_Embedding_Integration/Data/Malayalam_Female/wav/07_F_set_26_152.wav	Malayalam_Female	അതിന് കൊമ്പുണ്ടോ ആവോ, കുഞ്ഞനെലി സൂക്ഷിച്ചുനോക്കി
/home/vijay/Desktop/All_Files/ALL_TTS/DIS_Vector_Embedding_Integration/Data/Malayalam_Female/wav/07_F_set_25_187.wav	Malayalam_Female	അവന്‍ തന്‍റെ യാത്രയെക്കുറിച്ചു പറഞ്ഞത് മറ്റൊന്നായിരുന്നു
/home/vijay/Desktop/All_Files/ALL_TTS/DIS_Vector_Embedding_Integration/Data/Malayalam_Female/wav/07_F_set_23_180.wav	Malayalam_Female	പിന്മൊഴിയില്‍ ഇഞ്ചീനെ തപ്പി നടക്കാം
/home/vijay/Desktop/All_Files/ALL_TTS/DIS_Vector_Embedding_Integration/Data/Malayalam_Female/wav/07_F_set_11_128.wav	Malayalam_Female	അള്ളാഹുവിന്‍റെ മഹത്വം ഉദ്‌ഘോഷിക്കുന്ന ബലി പെരുന്നാള്‍ അടുത്തു വരുന്നു
/home/vijay/Desktop/All_Files/ALL_TTS/DIS_Vector_Embedding_Integration/Data/Malayalam_Female/wav/07_F_set_09_012.wav	Malayalam_Female	കാടുകളില്‍ കാണുന്നതും ചിലയിടങ്ങളില്‍ അച്ചാര്‍ നിര്‍മാണത്തിനായി വളര്‍ത്തുന്നതുമായ ചെടിയില്‍ നിന്നാണു ഇവ വേര്‍തിരിച്ചെടുത്തത്
/home/vijay/Desktop/All_Files/ALL_TTS/DIS_Vector_Embedding_Integration/Data/Malayalam_Female/wav/07_F_set_24_015.wav	Malayalam_Female	ശബരിമല ശ്രീ ധര്‍മശാസ്താ ക്ഷേത്രം
/home/vijay/Desktop/All_Files/ALL_TTS/DIS_Vector_Embedding_Integration/Data/Malayalam_Female/wav/07_F_set_10_111.wav	Malayalam_Female	ഇരുന്നൂറ്റി എണ്‍പത്തിരണ്ട് കോടിയുടെ കഞ്ചാവ്‌ പിടിച്ചു
/home/vijay/Desktop/All_Files/ALL_TTS/DIS_Vector_Embedding_Integration/Data/Malayalam_Female/wav/07_F_set_13_166.wav	Malayalam_Female	വെള്ളിയാഴ്ചക്കകം എല്ലാവര്‍ക്കും നല്‍കാമെന്ന് ഉറപ്പു നല്‍കിയതായി അഭയാര്‍ഥികളുടെ സംഘത്തില്‍പ്പെട്ടവര്‍ അറിയിച്ചു
/home/vijay/Desktop/All_Files/ALL_TTS/DIS_Vector_Embedding_Integration/Data/Malayalam_Female/wav/07_F_set_25_125.wav	Malayalam_Female	ശ്രദ്ധിച്ചുകേള്ക്കേണ്ട ഒരു കഥയാണ് സംസാരിക്കുന്ന സിംഹം സമയം രാത്രിയായി
/home/vijay/Desktop/All_Files/ALL_TTS/DIS_Vector_Embedding_Integration/Data/Malayalam_Female/wav/07_F_set_11_061.wav	Malayalam_Female	ആഭരണത്തിനിപ്പോള്‍ അന്‍പത്തിനാലായിരത്തി അഞ്ഞൂറും അന്‍പത്തി ആറായിരത്തി അഞ്ഞൂറും ആകും
/home/vijay/Desktop/All_Files/ALL_TTS/DIS_Vector_Embedding_Integration/Data/Malayalam_Female/wav/07_F_set_25_186.wav	Malayalam_Female	അവന്‍ ഓടിച്ചെന്ന് അതിന്‍റെ വാലില്‍പ്പിടിച്ചു
/home/vijay/Desktop/All_Files/ALL_TTS/DIS_Vector_Embedding_Integration/Data/Malayalam_Female/wav/07_F_set_09_068.wav	Malayalam_Female	കണ്‍‌പോളകള്‍ കണ്‍തടങ്ങളും ചേര്‍ന്നതാണ്
/home/vijay/Desktop/All_Files/ALL_TTS/DIS_Vector_Embedding_Integration/Data/Malayalam_Female/wav/07_F_set_23_227.wav	Malayalam_Female	രക്തക്കുഴലുകളുടെ ആന്തരപാളികളില്‍ കൊഴുപ്പുകണികകള്‍ പറ്റിപ്പിടിച്ച് അവയുടെ ഉള്‍വ്യാസം ചെറുതാക്കുന്നു
/home/vijay/Desktop/All_Files/ALL_TTS/DIS_Vector_Embedding_Integration/Data/Malayalam_Female/wav/07_F_set_04_024.wav	Malayalam_Female	മയക്കുമരുന്ന് കൈവശം വയ്ക്കലും വില്‍ക്കലും തടയുന്ന നിയമത്തിന്‍റെ പരിധിയില്‍ വരുന്ന മയക്കുമരുന്ന് ഗുളികയും പൊടികളുടെ സംയുക്തവുമാണ് വിതരണം ചെയ്യുക
/home/vijay/Desktop/All_Files/ALL_TTS/DIS_Vector_Embedding_Integration/Data/Malayalam_Female/wav/07_F_set_05_170.wav	Malayalam_Female	പരമാവധി ശ്രമിച്ചെങ്കിലും മതില്‍ പോലെ ഉറച്ചു നിന്നു
/home/vijay/Desktop/All_Files/ALL_TTS/DIS_Vector_Embedding_Integration/Data/Malayalam_Female/wav/07_F_set_27_149.wav	Malayalam_Female	തിരിച്ചടിയുടെ പശ്ചാത്തലത്തില്‍ സ്ഥാനം നഷ്ടമാകുന്ന രണ്ടാമനാണ് രാജീവന്‍
/home/vijay/Desktop/All_Files/ALL_TTS/DIS_Vector_Embedding_Integration/Data/Malayalam_Female/wav/07_F_set_08_033.wav	Malayalam_Female	ചെമ്പ് അടിസ്ഥാനമാക്കിയുള്ള കരകൌശലവസ്തുക്കളാണ് മുന്‍നിരയില്‍ നില്ക്കുന്നത്
/home/vijay/Desktop/All_Files/ALL_TTS/DIS_Vector_Embedding_Integration/Data/Malayalam_Female/wav/07_F_set_17_199.wav	Malayalam_Female	കിളിക്കൂടുകള്‍ ഉണ്ടാക്കുന്ന വല കുടത്തുണി തുടങ്ങിയ സാധനങ്ങള്‍ ഉപയോഗിച്ചാണ് ഇതൊരുക്കിയത്
/home/vijay/Desktop/All_Files/ALL_TTS/DIS_Vector_Embedding_Integration/Data/Malayalam_Female/wav/07_F_set_24_328.wav	Malayalam_Female	പെണ്‍കിടാവിന്റെ അകം നെഞ്ചിലെ ആര്‍ദ്രതയും സ്വാതന്ത്ര്യവാഞ്ഞ്ഛയും വിസ്‌ഫോടനങ്ങളും മഹാത്മാ കണ്ടില്ലെന്നുനടിച്ചില്ല
/home/vijay/Desktop/All_Files/ALL_TTS/DIS_Vector_Embedding_Integration/Data/Malayalam_Female/wav/07_F_set_26_172.wav	Malayalam_Female	ഇനി എത്ര പേരുണ്ട് നിങ്ങളുടെ വീട്ടില്‍‍, സിംഹം ചോദിച്ചു
/home/vijay/Desktop/All_Files/ALL_TTS/DIS_Vector_Embedding_Integration/Data/Malayalam_Female/wav/07_F_set_07_157.wav	Malayalam_Female	തകര്‍പ്പന്‍ വിജയവുമായി ഘാന മത്സരത്തില്‍ മുന്നേറുന്നു
/home/vijay/Desktop/All_Files/ALL_TTS/DIS_Vector_Embedding_Integration/Data/Malayalam_Female/wav/07_F_set_23_127.wav	Malayalam_Female	താഴ്‌വരയിലേക്കിറങ്ങി മര്‍വാ കുന്നിലേക്ക്‌ നടന്നു
/home/vijay/Desktop/All_Files/ALL_TTS/DIS_Vector_Embedding_Integration/Data/Malayalam_Female/wav/07_F_set_19_033.wav	Malayalam_Female	ഇനിയും കളികള്‍ നടക്കാനിരിക്കെയാണ് പെട്ടെന്ന് വിരമിക്കാനൊരുങ്ങുന്നത്
/home/vijay/Desktop/All_Files/ALL_TTS/DIS_Vector_Embedding_Integration/Data/Malayalam_Female/wav/07_F_set_09_072.wav	Malayalam_Female	കണ്ടാലും സംസാരിക്കില്ലെന്നു പറയുന്നവരെ സംശയിക്കേണ്ടിയിരിക്കുന്നു
/home/vijay/Desktop/All_Files/ALL_TTS/DIS_Vector_Embedding_Integration/Data/Malayalam_Female/wav/07_F_set_23_014.wav	Malayalam_Female	ഉത്സവത്തിന്റെ പ്രൗഢി ചമയങ്ങളില്‍ തെളിഞ്ഞു
/home/vijay/Desktop/All_Files/ALL_TTS/DIS_Vector_Embedding_Integration/Data/Malayalam_Female/wav/07_F_set_24_172.wav	Malayalam_Female	ദിവാന്‍ജിയോട് ചോദിച്ചു നമ്മോട് എന്തു ചെയ്യാന്‍ കഴിയും
/home/vijay/Desktop/All_Files/ALL_TTS/DIS_Vector_Embedding_Integration/Data/Malayalam_Female/wav/07_F_set_17_188.wav	Malayalam_Female	കുമ്മായവരയ്ക്കു പുറത്ത് തെറിച്ചു വീഴുന്ന പന്തെടുക്കാന്‍ ആവേശത്തോടെ ഓടി നടന്ന പയ്യന്മാരില്‍ ഒരാളായിരുന്നു മകന്‍
/home/vijay/Desktop/All_Files/ALL_TTS/DIS_Vector_Embedding_Integration/Data/Malayalam_Female/wav/07_F_set_03_163.wav	Malayalam_Female	മുഖ്യമന്ത്രി രാജിവയ്ക്കണം എന്നാവശ്യപ്പെട്ടായിരുന്നു ബഹളം
/home/vijay/Desktop/All_Files/ALL_TTS/DIS_Vector_Embedding_Integration/Data/Malayalam_Female/wav/07_F_set_24_012.wav	Malayalam_Female	വേശ്യയുടെ ക്രീഡോദ്യാനത്തിനടുത്തുള്ള വഴി
/home/vijay/Desktop/All_Files/ALL_TTS/DIS_Vector_Embedding_Integration/Data/Malayalam_Female/wav/07_F_set_24_341.wav	Malayalam_Female	വിദഗ്‌ദ ചികിത്സയ്‌ക്കായി നാട്ടിലേക്ക്‌ അയയ്‌ക്കണമെന്ന്‌ ഇന്ത്യ
/home/vijay/Desktop/All_Files/ALL_TTS/DIS_Vector_Embedding_Integration/Data/Malayalam_Female/wav/07_F_set_22_089.wav	Malayalam_Female	യഥാര്‍ത്ഥത്തില്‍ സാമ്പാര്‍ ഒരു കേരളീയ വിഭവമേയല്ല എന്നാണ് എന്റെ അറിവ്
/home/vijay/Desktop/All_Files/ALL_TTS/DIS_Vector_Embedding_Integration/Data/Malayalam_Female/wav/07_F_set_23_141.wav	Malayalam_Female	ധ്യാനം സത്സംഗ് പ്രഭാഷണം എന്നിവയ്ക്കുശേഷം കൊടി താഴ്ത്താം
/home/vijay/Desktop/All_Files/ALL_TTS/DIS_Vector_Embedding_Integration/Data/Malayalam_Female/wav/07_F_set_24_024.wav	Malayalam_Female	ഷോഢശ സംസ്കാരങ്ങളില്‍ ഒന്നാണിത്
/home/vijay/Desktop/All_Files/ALL_TTS/DIS_Vector_Embedding_Integration/Data/Malayalam_Female/wav/07_F_set_13_167.wav	Malayalam_Female	വെള്ളത്തിന്റെ അളവുകോല്‍ അനങ്ങി കള്ളം പുറത്തായി
/home/vijay/Desktop/All_Files/ALL_TTS/DIS_Vector_Embedding_Integration/Data/Malayalam_Female/wav/07_F_set_24_339.wav	Malayalam_Female	വായ്ഭാഗം മറച്ച് ഇത് ശരീരത്തില്‍ പ്രവേശിച്ച് അന്തഃസ്രാവി ഗ്രന്ഥിയുടെ പ്രവര്‍ത്തനത്തെയും മറ്റും താറുമാറാക്കും
/home/vijay/Desktop/All_Files/ALL_TTS/DIS_Vector_Embedding_Integration/Data/Malayalam_Female/wav/07_F_set_06_088.wav	Malayalam_Female	നിലയത്തിന്‍റെ നിര്‍മാണ പ്രവര്‍ത്തനത്തിലായിരുന്ന വാനശാസ്ത്രജ്ഞന്‍ സംഘത്തോടൊപ്പം തിരിച്ചു ഭൂമിയിലേക്കു മടങ്ങും
/home/vijay/Desktop/All_Files/ALL_TTS/DIS_Vector_Embedding_Integration/Data/Malayalam_Female/wav/07_F_set_27_061.wav	Malayalam_Female	കണ്ണൂരില്‍ പിടിയിലായത് പ്രാദേശികനേതാവും ബന്ധുവും
/home/vijay/Desktop/All_Files/ALL_TTS/DIS_Vector_Embedding_Integration/Data/Malayalam_Female/wav/07_F_set_27_132.wav	Malayalam_Female	മാര്‍ച്ചുമുതല്‍ പുതിയ രീതി പ്രാബല്യത്തില്‍ വരും
/home/vijay/Desktop/All_Files/ALL_TTS/DIS_Vector_Embedding_Integration/Data/Malayalam_Female/wav/07_F_set_11_165.wav	Malayalam_Female	അമ്മയുടെ ജ്യേഷ്ഠന്‍ വീട്ടിലെത്തിയിട്ടുണ്ട്
/home/vijay/Desktop/All_Files/ALL_TTS/DIS_Vector_Embedding_Integration/Data/Malayalam_Female/wav/07_F_set_13_116.wav	Malayalam_Female	സഖ്യകക്ഷികളോട് ചേര്‍ന്ന് ഭരിക്കാന്‍ ധാരണയായിട്ടുണ്ട്
/home/vijay/Desktop/All_Files/ALL_TTS/DIS_Vector_Embedding_Integration/Data/Malayalam_Female/wav/07_F_set_12_105.wav	Malayalam_Female	അതിലൂടെ മാത്രമേ അദ്ദേഹം മുന്നോട്ടു നീങ്ങൂ
/home/vijay/Desktop/All_Files/ALL_TTS/DIS_Vector_Embedding_Integration/Data/Malayalam_Female/wav/07_F_set_16_190.wav	Malayalam_Female	തൊണ്ണൂറ്റിമൂന്നിലെ സ്ഥോടനക്കേസിന്റെ വിധി കാത്ത് കഴിയുകയാണ്
/home/vijay/Desktop/All_Files/ALL_TTS/DIS_Vector_Embedding_Integration/Data/Malayalam_Female/wav/07_F_set_07_049.wav	Malayalam_Female	തൊണ്ണൂറ്റിയൊന്നില്‍ സര്‍ക്കാരില്‍ ധനമന്ത്രിയായി വന്നത് അദ്ദേഹത്തിന്റെ നിര്‍ദ്ദേശമനുസരിച്ചാണെന്നാണ് ആരോപിച്ചിരിക്കുന്നത്
/home/vijay/Desktop/All_Files/ALL_TTS/DIS_Vector_Embedding_Integration/Data/Malayalam_Female/wav/07_F_set_17_019.wav	Malayalam_Female	തമിഴ്പുലികളുടെ നാവിക വിഭാഗം തലവന്‍ ബുധനാഴ്ച ഉത്തരവു പുറപ്പെടുവിച്ചു
/home/vijay/Desktop/All_Files/ALL_TTS/DIS_Vector_Embedding_Integration/Data/Malayalam_Female/wav/07_F_set_27_084.wav	Malayalam_Female	ഇഞ്ചോടിഞ്ചു പൊരുതിയെങ്കിലും അഞ്ചു പടികളുടെ വ്യത്യാസത്തില്‍ കീഴടങ്ങിയ ഗാന എഴുപത്തിയഞ്ച് കിലോ വിഭാഗത്തില്‍ വെങ്കലം കരസ്ഥമാക്കി
/home/vijay/Desktop/All_Files/ALL_TTS/DIS_Vector_Embedding_Integration/Data/Malayalam_Female/wav/07_F_set_18_139.wav	Malayalam_Female	എതിരാളിയെ നിലം തൊടാതെ പറപ്പിച്ചാണ് ജൈത്രയാത്രയ്ക്ക് തുടക്കമിട്ടത്
/home/vijay/Desktop/All_Files/ALL_TTS/DIS_Vector_Embedding_Integration/Data/Malayalam_Female/wav/07_F_set_27_142.wav	Malayalam_Female	നീന്തല്‍ താരമായിരുന്ന രമേശിന് ആറാം വയസ്സില്‍ കാലിന് പരിക്കേറ്റു
/home/vijay/Desktop/All_Files/ALL_TTS/DIS_Vector_Embedding_Integration/Data/Malayalam_Female/wav/07_F_set_06_147.wav	Malayalam_Female	നായികക്കൊപ്പം പിന്നിട്ട നിമിഷങ്ങളില്‍ അഭിമുഖ സന്ദര്‍ശനത്തില്‍ ലക്ഷ്യം കണ്ടു
/home/vijay/Desktop/All_Files/ALL_TTS/DIS_Vector_Embedding_Integration/Data/Malayalam_Female/wav/07_F_set_09_127.wav	Malayalam_Female	ഏഴു മാസങ്ങള്‍ക്കുള്ളില്‍ പ്രസിദ്ധീകരിക്കാന്‍ സജ്ജം ആയിക്കഴിഞ്ഞു
/home/vijay/Desktop/All_Files/ALL_TTS/DIS_Vector_Embedding_Integration/Data/Malayalam_Female/wav/07_F_set_17_023.wav	Malayalam_Female	തന്നെ ഭിത്തിയിലിടിച്ചു തകര്‍ന്നു
/home/vijay/Desktop/All_Files/ALL_TTS/DIS_Vector_Embedding_Integration/Data/Malayalam_Female/wav/07_F_set_09_062.wav	Malayalam_Female	കബഡി മല്‍സരം നടക്കേണ്ട മൈദാനം മാറ്റുമെന്ന് ഏകദേശം ഉറപ്പായിട്ടുണ്ട്
/home/vijay/Desktop/All_Files/ALL_TTS/DIS_Vector_Embedding_Integration/Data/Malayalam_Female/wav/07_F_set_10_049.wav	Malayalam_Female	ഉണക്കമുന്തിരിങ്ങയും നെല്ലിക്കയും മറ്റ് ഔഷധങ്ങളും മുടിയുടെ വളര്‍ച്ചയെ സഹായിക്കുകയും മുടികൊഴിച്ചില്‍ തടയുകയും ചെയ്യുന്നതായിക്കാണുന്നു
/home/vijay/Desktop/All_Files/ALL_TTS/DIS_Vector_Embedding_Integration/Data/Malayalam_Female/wav/07_F_set_26_059.wav	Malayalam_Female	കണ്ടില്ലേ അനാവശ്യമായി നേതാവ് ചമയാന്‍ നിന്നാല്‍‍ വന്നുപെടുന്ന അപകടം
/home/vijay/Desktop/All_Files/ALL_TTS/DIS_Vector_Embedding_Integration/Data/Malayalam_Female/wav/07_F_set_06_108.wav	Malayalam_Female	നിയമസഭാ ഉപതെരഞ്ഞെടുപ്പില്‍ സ്ഥാനാര്‍ത്ഥി വിജയിച്ചു
/home/vijay/Desktop/All_Files/ALL_TTS/DIS_Vector_Embedding_Integration/Data/Malayalam_Female/wav/07_F_set_19_091.wav	Malayalam_Female	ആരംഭം മുതലുള്ളതാണ് പഴയ ചിന്തകള്‍
/home/vijay/Desktop/All_Files/ALL_TTS/DIS_Vector_Embedding_Integration/Data/Malayalam_Female/wav/07_F_set_14_063.wav	Malayalam_Female	ലോകത്ത് നിര്‍മാണ രംഗത്തെ പ്രമുഖര്‍ ചേര്‍ന്നാണ് അത് ഉണ്ടാക്കിയത്
/home/vijay/Desktop/All_Files/ALL_TTS/DIS_Vector_Embedding_Integration/Data/Malayalam_Female/wav/07_F_set_03_122.wav	Malayalam_Female	മൂന്നുമലകളുടെ നിരയായ കുരിശു മലയെ മതങ്ങളുടെ യോജിപ്പായി കാണാന്‍ സാധിയ്ക്കും
/home/vijay/Desktop/All_Files/ALL_TTS/DIS_Vector_Embedding_Integration/Data/Malayalam_Female/wav/07_F_set_08_035.wav	Malayalam_Female	ചെണ്ടമേളം താലപ്പൊലി എന്നിവയൊക്കെയുള്ള സ്വീകരണച്ചടങ്ങില്‍ വിദ്യാഭ്യാസ വിചക്ഷണന്‍ മറ്റു പ്രമുഖരും മലയാളികളടക്കം ഒട്ടേറെ ഭക്തരും പങ്കുചേര്‍ന്നു
/home/vijay/Desktop/All_Files/ALL_TTS/DIS_Vector_Embedding_Integration/Data/Malayalam_Female/wav/07_F_set_24_331.wav	Malayalam_Female	പ്രശസ്തമായ മധുസ്‌നുഹീരസായനം
/home/vijay/Desktop/All_Files/ALL_TTS/DIS_Vector_Embedding_Integration/Data/Malayalam_Female/wav/07_F_set_09_130.wav	Malayalam_Female	ഏഴര മണിക്കൂര്‍ നീണ്ട തിരച്ചിലിനുശേഷം അനധികൃതമായി സൂക്ഷിച്ചിരുന്ന അഞ്ഞൂറു രൂപയുടെ കെട്ടുകളും കണ്ടെത്തി
/home/vijay/Desktop/All_Files/ALL_TTS/DIS_Vector_Embedding_Integration/Data/Malayalam_Female/wav/07_F_set_06_077.wav	Malayalam_Female	നീന്തല്‍താരമായ ദേശത്തിന്റെ പുത്രി ആയിരത്തി തൊള്ളായിരത്തി തൊണ്ണൂറ്റിയൊന്‍പതിലാണ് ജനിച്ചത്
/home/vijay/Desktop/All_Files/ALL_TTS/DIS_Vector_Embedding_Integration/Data/Malayalam_Female/wav/07_F_set_23_218.wav	Malayalam_Female	മുകള്‍ ഭാഗത്ത് ഊര്‍ദ്ധ്വമഹാസിര ചേരുന്നു
/home/vijay/Desktop/All_Files/ALL_TTS/DIS_Vector_Embedding_Integration/Data/Malayalam_Female/wav/07_F_set_22_170.wav	Malayalam_Female	സാധാരണമത്സ്യങ്ങളും ചെമ്മീന്‍ പോലുള്ള ഷെല്‍ മത്സ്യങ്ങളും കഴിച്ചാല്‍ ഇരുമ്പിന്‍റെ ആഗിരണശേഷി കൂടും
/home/vijay/Desktop/All_Files/ALL_TTS/DIS_Vector_Embedding_Integration/Data/Malayalam_Female/wav/07_F_set_17_025.wav	Malayalam_Female	തന്ത്രിയെ ഭീഷണിപ്പെടുത്തി സ്വര്‍ണവും പണവും തട്ടിയ പ്രതിയാണത്
/home/vijay/Desktop/All_Files/ALL_TTS/DIS_Vector_Embedding_Integration/Data/Malayalam_Female/wav/07_F_set_05_166.wav	Malayalam_Female	പരസ്യം ചെയ്യാന്‍ ഫലപ്രദവും ചെലവ് കുറഞ്ഞതുമായൊരു സംവിധാനം ചെയ്തതാണവര്‍
/home/vijay/Desktop/All_Files/ALL_TTS/DIS_Vector_Embedding_Integration/Data/Malayalam_Female/wav/07_F_set_23_123.wav	Malayalam_Female	തളര്‍വാത രോഗീ പുനരധിവാസ പരിശീലനം തുടങ്ങി
/home/vijay/Desktop/All_Files/ALL_TTS/DIS_Vector_Embedding_Integration/Data/Malayalam_Female/wav/07_F_set_24_182.wav	Malayalam_Female	നമ്മാള്‍വാര്‍ രചിച്ച ആറാം തിരുവായ്മൊഴിയില്‍ ക്ഷേത്രത്തെക്കുറിച്ചു പരാമര്‍ശമുണ്ട്
/home/vijay/Desktop/All_Files/ALL_TTS/DIS_Vector_Embedding_Integration/Data/Malayalam_Female/wav/07_F_set_24_173.wav	Malayalam_Female	ദീനം തണ്ണീര്‍ദാഹമായിരുന്നു
/home/vijay/Desktop/All_Files/ALL_TTS/DIS_Vector_Embedding_Integration/Data/Malayalam_Female/wav/07_F_set_13_162.wav	Malayalam_Female	വേലക്കാരനെ നിഷ്ഠൂരമായി വധിച്ചതിനെതിരെ സംസ്ഥാനത്ത് ഞായറാഴ്ചയും രോഷമിരമ്പി
/home/vijay/Desktop/All_Files/ALL_TTS/DIS_Vector_Embedding_Integration/Data/Malayalam_Female/wav/07_F_set_13_169.wav	Malayalam_Female	വെള്ളം കണ്ടെത്താന്‍ മടക്കിയയച്ച കപ്പല്‍ ഇപ്പോഴും താളം കണ്ടെത്തിയിട്ടില്ല എന്നതു തന്നെ കാരണം
/home/vijay/Desktop/All_Files/ALL_TTS/DIS_Vector_Embedding_Integration/Data/Malayalam_Female/wav/07_F_set_13_010.wav	Malayalam_Female	സൗഹൃദത്തില്‍ സ്ത്രീകളെ കുരുക്കി പണം തട്ടിയയാള്‍ പിടിയില്‍
/home/vijay/Desktop/All_Files/ALL_TTS/DIS_Vector_Embedding_Integration/Data/Malayalam_Female/wav/07_F_set_07_107.wav	Malayalam_Female	തിരിച്ചുവരവിനെ പറ്റി പഠനം നടത്തിയ വിദ്യാര്‍ഥികളും മഹാരഥന്‍മാരെ എതിരേറ്റു
/home/vijay/Desktop/All_Files/ALL_TTS/DIS_Vector_Embedding_Integration/Data/Malayalam_Female/wav/07_F_set_06_101.wav	Malayalam_Female	നിരോധിക്കപ്പെട്ട സംഘടനയുടെ പുതിയ പേരാണ് പത്രത്തില്‍ വന്നത്
/home/vijay/Desktop/All_Files/ALL_TTS/DIS_Vector_Embedding_Integration/Data/Malayalam_Female/wav/07_F_set_08_096.wav	Malayalam_Female	ഗുസ്തി അന്‍പത്തിയഞ്ച് കിലോ ഭാരമുള്ള ആളെ മറി കടന്നാണ് വെങ്കലം നേടിയത്
/home/vijay/Desktop/All_Files/ALL_TTS/DIS_Vector_Embedding_Integration/Data/Malayalam_Female/wav/07_F_set_23_038.wav	Malayalam_Female	ഓരോ കരള്‍ദാനവും മനുഷ്യസ്‌നേഹത്തിന്‍റെയും നന്മയുടെയും ബന്ധങ്ങളുടെയുമൊക്കെ ഓരോ കഥയാണ്
/home/vijay/Desktop/All_Files/ALL_TTS/DIS_Vector_Embedding_Integration/Data/Malayalam_Female/wav/07_F_set_06_142.wav	Malayalam_Female	നാലാം സ്ഥാനത്തു തുടരുകയാണു കക്ഷികള്‍
/home/vijay/Desktop/All_Files/ALL_TTS/DIS_Vector_Embedding_Integration/Data/Malayalam_Female/wav/07_F_set_18_042.wav	Malayalam_Female	കഥകളി ഗുരുക്കന്‍മാര്‍ തെളിച്ച പാതയിലൂടെ സഞ്ചരിക്കണം
/home/vijay/Desktop/All_Files/ALL_TTS/DIS_Vector_Embedding_Integration/Data/Malayalam_Female/wav/07_F_set_17_162.wav	Malayalam_Female	കൈകാര്യം ചെയ്യാനുള്ള അധികാരം എനിക്കുണ്ട്
/home/vijay/Desktop/All_Files/ALL_TTS/DIS_Vector_Embedding_Integration/Data/Malayalam_Female/wav/07_F_set_14_011.wav	Malayalam_Female	വിട്ടയയ്ക്കപ്പെട്ട ഭര്‍ത്താവിന് പുനര്‍വിചാരണയില്‍ ജീവപര്യന്തം
/home/vijay/Desktop/All_Files/ALL_TTS/DIS_Vector_Embedding_Integration/Data/Malayalam_Female/wav/07_F_set_19_188.wav	Malayalam_Female	അരലക്ഷം ഇപ്പോഴും ഭവന രഹിതരാണ്
/home/vijay/Desktop/All_Files/ALL_TTS/DIS_Vector_Embedding_Integration/Data/Malayalam_Female/wav/07_F_set_09_098.wav	Malayalam_Female	ഒളിപ്പോരാളികളുമായുണ്ടായ ഏറ്റുമുട്ടലില്‍ സൈനികരുള്‍പ്പടെ സുരക്ഷാഭടന്‍ന്മാര്‍ കൊല്ലപ്പെട്ടു
/home/vijay/Desktop/All_Files/ALL_TTS/DIS_Vector_Embedding_Integration/Data/Malayalam_Female/wav/07_F_set_23_220.wav	Malayalam_Female	മൂക്കിനുള്ളിലെ ശ്ലേഷ്മസ്തരത്തിനുണ്ടാകുന്ന വീക്കം ആസ്മ മനം പിരട്ടല്‍ ഛര്‍ദ്ദില്‍ ക്ഷീണം തൊണ്ടവേദന ചെറിയചുമ തുടങ്ങിയ ലക്ഷണങ്ങള്‍ കാണിക്കും
/home/vijay/Desktop/All_Files/ALL_TTS/DIS_Vector_Embedding_Integration/Data/Malayalam_Female/wav/07_F_set_07_151.wav	Malayalam_Female	തട്ടകമായ പറമ്പില്‍ കളി തീരാന്‍ ആറു ക്ഷണം ശേഷിക്കെ കളിക്കാരനെ നേടിയത് ആതിഥേയരെ തളച്ചു
/home/vijay/Desktop/All_Files/ALL_TTS/DIS_Vector_Embedding_Integration/Data/Malayalam_Female/wav/07_F_set_23_142.wav	Malayalam_Female	നഗരത്തിന്റെ പരിചിതമായ വഴികള്‍ വിട്ട് പര്‍വ്വതങ്ങളുടെ പാര്‍ശ്വങ്ങളിലുരുമ്മി മുക്കാല്‍ മണിക്കൂറിലധികം ഓടി അല്ലെങ്കില്‍ പിന്നെ വ്യോമ മാര്‍‌ഗ്ഗേണ ഇവിടെയെത്തിച്ചേരവുന്നതാണ്
/home/vijay/Desktop/All_Files/ALL_TTS/DIS_Vector_Embedding_Integration/Data/Malayalam_Female/wav/07_F_set_10_059.wav	Malayalam_Female	ഈ ഉപകരണങ്ങള്‍ ഇറക്കുമതി ചെയ്തതാണ്
/home/vijay/Desktop/All_Files/ALL_TTS/DIS_Vector_Embedding_Integration/Data/Malayalam_Female/wav/07_F_set_23_240.wav	Malayalam_Female	ലോകത്തേറ്റവുമധികം പാരായണം ചെയ്യപ്പെടുന്ന ഗ്രന്ഥം വിശുദ്ധ ഖുര്‍ആന്‍
/home/vijay/Desktop/All_Files/ALL_TTS/DIS_Vector_Embedding_Integration/Data/Malayalam_Female/wav/07_F_set_08_146.wav	Malayalam_Female	കേന്ദ്ര കൃഷിമന്ത്രി മുഖ്യമന്ത്രി പൊതുമരാമത്തു മന്ത്രി തുടങ്ങിയ പ്രമുഖര്‍ക്ക് കോടിക്കണക്കിനു രൂപ നല്‍കിയെന്നായിരുന്നു വെളിപ്പെടുത്തല്‍
/home/vijay/Desktop/All_Files/ALL_TTS/DIS_Vector_Embedding_Integration/Data/Malayalam_Female/wav/07_F_set_14_116.wav	Malayalam_Female	രണ്ടായിരത്തിരണ്ട് രണ്ടായിരത്തിയാറ് കാലത്ത് സൃഷ്ടി പരമായ നയതന്ത്രത്തില്‍ പൂര്‍ണമായി ഏര്‍പ്പെടേണ്ടത് വളരെ പ്രധാനമാണ്
/home/vijay/Desktop/All_Files/ALL_TTS/DIS_Vector_Embedding_Integration/Data/Malayalam_Female/wav/07_F_set_04_132.wav	Malayalam_Female	ബഹുവിഭവ ഭക്ഷണശാലയ്ക്കു പുറമെ അവശ്യസേവനത്തിന് അതിവേഗ ചികിത്സാവാഹനലഭ്യത എന്നിവയുണ്ട്
/home/vijay/Desktop/All_Files/ALL_TTS/DIS_Vector_Embedding_Integration/Data/Malayalam_Female/wav/07_F_set_12_043.wav	Malayalam_Female	അധ്യാപകരുള്‍‌പ്പെടെയുള്ളവര്‍ മുറിയിലിരുന്ന് പത്രം വായിക്കവേ പതിനൊന്നേമുക്കാലോടെ പത്തോളംപേര്‍ മുദ്രാവാക്യം മുഴക്കി ഉള്ളിലെത്തി
/home/vijay/Desktop/All_Files/ALL_TTS/DIS_Vector_Embedding_Integration/Data/Malayalam_Female/wav/07_F_set_10_153.wav	Malayalam_Female	ഇതില്‍ ചിലത്‌ ഗുണകരമായിരുന്നെങ്കില്‍ മറ്റുള്ളവ സംസ്ഥാനത്തിന്റെ മുന്നോട്ടുള്ള പ്രയാണത്തിന്‌ ദോഷകരമായിത്തീര്‍ന്നു
/home/vijay/Desktop/All_Files/ALL_TTS/DIS_Vector_Embedding_Integration/Data/Malayalam_Female/wav/07_F_set_09_097.wav	Malayalam_Female	ഒഴിഞ്ഞ പ്രദേശത്ത് എത്തി രാത്രി എട്ടു മണിയോടെയാണ് പള്ളിയില്‍ ഉണ്ടായിരുന്നവര്‍ക്കു നേരെ ചിലര്‍ വെടിവെച്ചത്
/home/vijay/Desktop/All_Files/ALL_TTS/DIS_Vector_Embedding_Integration/Data/Malayalam_Female/wav/07_F_set_07_007.wav	Malayalam_Female	ദ്രുമകുല്യയിലെ കള്ളന്മാര്‍ കൊല്ലപ്പെടുകയും ചെയ്തു
/home/vijay/Desktop/All_Files/ALL_TTS/DIS_Vector_Embedding_Integration/Data/Malayalam_Female/wav/07_F_set_24_229.wav	Malayalam_Female	ഭാഗ്യദോഷിയുടേതായിരിക്കുമെന്നത് തര്‍ക്കമില്ലാത്ത വസ്തുതയാണ്
/home/vijay/Desktop/All_Files/ALL_TTS/DIS_Vector_Embedding_Integration/Data/Malayalam_Female/wav/07_F_set_17_152.wav	Malayalam_Female	കോടതി ശിക്ഷ ശരിവച്ചാലും അംഗീകരിക്കണം
/home/vijay/Desktop/All_Files/ALL_TTS/DIS_Vector_Embedding_Integration/Data/Malayalam_Female/wav/07_F_set_11_065.wav	Malayalam_Female	ആദ്യ ഘട്ടം ജില്ലയിലെ കയര്‍ വിഭാഗത്തിലെ തൊഴിലാളികളെ കേന്ദ്രീകരിച്ചാണ്
/home/vijay/Desktop/All_Files/ALL_TTS/DIS_Vector_Embedding_Integration/Data/Malayalam_Female/wav/07_F_set_23_048.wav	Malayalam_Female	ഔഷധസമൃദ്ധവുമായ ഒരു രസായനയോഗമാണ് ച്യവനപ്രാശം
/home/vijay/Desktop/All_Files/ALL_TTS/DIS_Vector_Embedding_Integration/Data/Malayalam_Female/wav/07_F_set_13_055.wav	Malayalam_Female	സ്ത്രീ അമ്മയാണ് പെങ്ങളാണ് മകളാണ്
/home/vijay/Desktop/All_Files/ALL_TTS/DIS_Vector_Embedding_Integration/Data/Malayalam_Female/wav/07_F_set_09_061.wav	Malayalam_Female	കമ്പോളനിലവാരത്തില്‍ വ്യാഴാഴ്ച ഇടിവ്
/home/vijay/Desktop/All_Files/ALL_TTS/DIS_Vector_Embedding_Integration/Data/Malayalam_Female/wav/07_F_set_10_047.wav	Malayalam_Female	ഉത്ക്കണ്ഠാകുലയായി തോല്‍വി വഴങ്ങിയ രാജകുമാരി മൂന്ന് ഒന്നിന് രാജാവിന്റെ മുന്നിലെത്തി
/home/vijay/Desktop/All_Files/ALL_TTS/DIS_Vector_Embedding_Integration/Data/Malayalam_Female/wav/07_F_set_10_159.wav	Malayalam_Female	ഇതിനെ തുടര്‍ന്ന് മുഖ്യമന്ത്രിയുടെ തുക വര്‍ധിപ്പിക്കാനുള്ള നിര്‍ദേശം സര്‍ക്കാരിന്‍റെ പരിഗണനയ്ക്ക് അയയ്ക്കാന്‍ സൂചന നല്‍കി
/home/vijay/Desktop/All_Files/ALL_TTS/DIS_Vector_Embedding_Integration/Data/Malayalam_Female/wav/07_F_set_26_111.wav	Malayalam_Female	പാവം കുഞ്ഞന്‍ പൂച്ച അവന്‍ മ്യാവൂ മ്യാവൂ എന്ന് ഉറക്കെ നിലവിളിച്ചു
/home/vijay/Desktop/All_Files/ALL_TTS/DIS_Vector_Embedding_Integration/Data/Malayalam_Female/wav/07_F_set_26_047.wav	Malayalam_Female	ഒടുവില്‍‍ ഇക്കാര്യം അവര്‍‍ ഗുരുവിനോട് ചോദിച്ചു
/home/vijay/Desktop/All_Files/ALL_TTS/DIS_Vector_Embedding_Integration/Data/Malayalam_Female/wav/07_F_set_25_044.wav	Malayalam_Female	ഒരിടത്തൊരിടത്ത് ഒരു വീട്ടില്‍‍ ഒരമ്മയും രണ്ടു ആണ്മക്കളുമുണ്ടായിരുന്നു
/home/vijay/Desktop/All_Files/ALL_TTS/DIS_Vector_Embedding_Integration/Data/Malayalam_Female/wav/07_F_set_06_104.wav	Malayalam_Female	നിരപരാധികള്‍ ഏതു വിഭാഗക്കാരും ആകട്ടെ അവരുടെ പേരില്‍ ഞാന്‍ ദുഃഖിക്കുന്നു
/home/vijay/Desktop/All_Files/ALL_TTS/DIS_Vector_Embedding_Integration/Data/Malayalam_Female/wav/07_F_set_22_166.wav	Malayalam_Female	സമ്പന്ന രാജ്യങ്ങളിലും ദരിദ്ര രാജ്യങ്ങളിലും ഉള്ളവരുടെ ഐക്യദാര്‍ഢ്യ പ്രസ്ഥാനമായി മാറിയ ലോക സാമൂഹ്യവേദിയാണ് ഇതില്‍ പ്രത്യേകം ശ്രദ്ധ അര്‍ഹിക്കുന്നത്
/home/vijay/Desktop/All_Files/ALL_TTS/DIS_Vector_Embedding_Integration/Data/Malayalam_Female/wav/07_F_set_04_032.wav	Malayalam_Female	മനോവേദനയുടെ കൊടുമുടിയിലായിരുന്നു വിടചൊല്ലല്‍
/home/vijay/Desktop/All_Files/ALL_TTS/DIS_Vector_Embedding_Integration/Data/Malayalam_Female/wav/07_F_set_26_153.wav	Malayalam_Female	ഇനി ആരുടെ വാലു പിടിക്കും, ഇങ്ങനെ ചിന്തിച്ചു നടക്കുമ്പോഴാണ് ഒരു ഗുഹ കണ്ടത്
/home/vijay/Desktop/All_Files/ALL_TTS/DIS_Vector_Embedding_Integration/Data/Malayalam_Female/wav/07_F_set_11_081.wav	Malayalam_Female	ആണ്‍കുട്ടികളുടെ പതിനെട്ടിനു താഴെയുള്ള വിഭാഗത്തിലെ അന്‍പത്തിമൂന്ന് ദശാംശം ആറ് മൂന്നെന്ന ദേശീയ നിലവാരം മാറ്റിയെഴുതി
/home/vijay/Desktop/All_Files/ALL_TTS/DIS_Vector_Embedding_Integration/Data/Malayalam_Female/wav/07_F_set_09_185.wav	Malayalam_Female	എണ്‍പത്തിരണ്ടിലെ കൂട്ടക്കൊല ഞായറാഴ്ചയാണു വധശിക്ഷയ്ക്കു വിധിച്ചത്
/home/vijay/Desktop/All_Files/ALL_TTS/DIS_Vector_Embedding_Integration/Data/Malayalam_Female/wav/07_F_set_23_232.wav	Malayalam_Female	രാപ്പാടിയുടെ നെഞ്ചിലേക്കു ആഴ്ന്നാഴ്ന്നിറങ്ങി
/home/vijay/Desktop/All_Files/ALL_TTS/DIS_Vector_Embedding_Integration/Data/Malayalam_Female/wav/07_F_set_27_121.wav	Malayalam_Female	സഹപാഠിയെ ഒപ്പം താമസിപ്പിച്ച വിദ്യാര്‍ത്ഥിക്ക് പൊലീസിന്റെ വക ക്രൂരമര്‍ദ്ദനം
/home/vijay/Desktop/All_Files/ALL_TTS/DIS_Vector_Embedding_Integration/Data/Malayalam_Female/wav/07_F_set_18_134.wav	Malayalam_Female	എനിക്കു കൂടുതലിഷ്ടവുമുണ്ട് അതിനോട്
/home/vijay/Desktop/All_Files/ALL_TTS/DIS_Vector_Embedding_Integration/Data/Malayalam_Female/wav/07_F_set_27_005.wav	Malayalam_Female	സിനിമയിലെ വ്യത്യസ്ത ശ്രേണിയില്‍ പെടുന്ന പടത്തിന് പുതുമ ഉണ്ട്
/home/vijay/Desktop/All_Files/ALL_TTS/DIS_Vector_Embedding_Integration/Data/Malayalam_Female/wav/07_F_set_10_155.wav	Malayalam_Female	ഇതിന്‍റെ ഭാഗമായി പ്രദേശത്തു കടന്നു കയറി ഒരുനൂറ് സൈനികരെ തടവിലാക്കിയ നടപടി രാജ്യത്തെ വല്ലാതെ ചൊടിപ്പിച്ചു
/home/vijay/Desktop/All_Files/ALL_TTS/DIS_Vector_Embedding_Integration/Data/Malayalam_Female/wav/07_F_set_24_060.wav	Malayalam_Female	ആയിരം രൂപ കൊടുത്താല്‍ ഈ ചുരുളല്‍ ഏതാനം നിമിഷങ്ങള്‍ കൊണ്ട് മാറ്റി തരും
/home/vijay/Desktop/All_Files/ALL_TTS/DIS_Vector_Embedding_Integration/Data/Malayalam_Female/wav/07_F_set_17_151.wav	Malayalam_Female	ക്രീഡയിലെ വിനോദങ്ങളില്‍ നന്മയെയും തിന്മയെയും പ്രതിനിധാനം ചെയ്യുന്ന ദേവഗണങ്ങളും അസുരഗണങ്ങളും ഉണ്ട്
/home/vijay/Desktop/All_Files/ALL_TTS/DIS_Vector_Embedding_Integration/Data/Malayalam_Female/wav/07_F_set_12_052.wav	Malayalam_Female	അധിനിവേശസേനയുടെ ആക്രമണത്തില്‍ കലുഷിതമായ രണ്ടായിരത്തിയാറില്‍ പതിനാറായിരത്തി ഇരുന്നൂറ്റി എഴുപത്തിമൂന്ന് പേര്‍‌ കൊല്ലപ്പെട്ടതായി സര്‍ക്കാര്‍ വക്താവ്
/home/vijay/Desktop/All_Files/ALL_TTS/DIS_Vector_Embedding_Integration/Data/Malayalam_Female/wav/07_F_set_12_169.wav	Malayalam_Female	അഞ്ചാം തവണയും പരീക്ഷയില്‍ കൂട്ടത്തോല്‍വി
/home/vijay/Desktop/All_Files/ALL_TTS/DIS_Vector_Embedding_Integration/Data/Malayalam_Female/wav/07_F_set_08_124.wav	Malayalam_Female	കോടതിയില്‍ ഹാജരാക്കിയ ഇവരെ പതിനഞ്ച് ദിവസത്തേക്ക് റിമാണ്ട് ചെയ്തു
/home/vijay/Desktop/All_Files/ALL_TTS/DIS_Vector_Embedding_Integration/Data/Malayalam_Female/wav/07_F_set_19_102.wav	Malayalam_Female	ആയിരത്തി ഇരുന്നൂറ്റി പതിനഞ്ച് ആണ് വില
/home/vijay/Desktop/All_Files/ALL_TTS/DIS_Vector_Embedding_Integration/Data/Malayalam_Female/wav/07_F_set_23_019.wav	Malayalam_Female	എടാ സമര്‍ത്ഥാ നീ കുഞ്ചിക്കുട്ടിയല്ല ആനക്കുട്ടിയാണ്
/home/vijay/Desktop/All_Files/ALL_TTS/DIS_Vector_Embedding_Integration/Data/Malayalam_Female/wav/07_F_set_25_110.wav	Malayalam_Female	മടങ്ങിവന്ന് അവിടത്തെ വിശേഷങ്ങള്‍ എന്നെ അറിയിക്കുകയും വേണം
/home/vijay/Desktop/All_Files/ALL_TTS/DIS_Vector_Embedding_Integration/Data/Malayalam_Female/wav/07_F_set_13_038.wav	Malayalam_Female	സ്ഥിര അംഗത്വമില്ലാത്ത ഏക രാജ്യമാണ് അവരുടേത്
/home/vijay/Desktop/All_Files/ALL_TTS/DIS_Vector_Embedding_Integration/Data/Malayalam_Female/wav/07_F_set_12_104.wav	Malayalam_Female	അതിലേറെ ഞെട്ടിച്ചത് ആണവനിലയങ്ങളെക്കുറിച്ച് പ്രധാനമന്ത്രി ഉന്നയിച്ച പ്രസ്താവനയാണ്
/home/vijay/Desktop/All_Files/ALL_TTS/DIS_Vector_Embedding_Integration/Data/Malayalam_Female/wav/07_F_set_13_103.wav	Malayalam_Female	സമാധാന ശ്രമവുമായി പ്രതിനിധി
/home/vijay/Desktop/All_Files/ALL_TTS/DIS_Vector_Embedding_Integration/Data/Malayalam_Female/wav/07_F_set_07_039.wav	Malayalam_Female	തോല്പിച്ച് മറികടന്ന് സംഘം ഇരുപത്തി രണ്ടാം കടമ്പ കടന്നിട്ടുണ്ട്
/home/vijay/Desktop/All_Files/ALL_TTS/DIS_Vector_Embedding_Integration/Data/Malayalam_Female/wav/07_F_set_22_090.wav	Malayalam_Female	യാത്രക്കാരന്‍തുണിയില്‍ ‍പൊതിഞ്ഞുവെച്ചിരുന്ന സ്വര്‍ണ്ണക്കട്ട പുറത്തെടുത്ത് പറഞ്ഞു ഇത് ലക്ഷങ്ങള്‍വിലമതിക്കുന്ന സ്വര്‍ണ്ണക്കട്ടയാണ്
/home/vijay/Desktop/All_Files/ALL_TTS/DIS_Vector_Embedding_Integration/Data/Malayalam_Female/wav/07_F_set_25_041.wav	Malayalam_Female	ഐലേസാ മുളച്ചേ അയ്യയ്യേ വാലു മുളച്ച കണ്ട് വീട്ടുമുറ്റത്തുണ്ടായിരുന്ന കുഞ്ഞന് പൂച്ചയ്ക്ക് ചിരിയടക്കാനായില്ല
/home/vijay/Desktop/All_Files/ALL_TTS/DIS_Vector_Embedding_Integration/Data/Malayalam_Female/wav/07_F_set_19_030.wav	Malayalam_Female	ഇന്നത്തെ സംഭവങ്ങള്‍ എല്ലാം പുതിയതാണ്
/home/vijay/Desktop/All_Files/ALL_TTS/DIS_Vector_Embedding_Integration/Data/Malayalam_Female/wav/07_F_set_19_105.wav	Malayalam_Female	ആയിരത്തിതൊള്ളായിരത്തി അറുപത്തിരണ്ടില്‍ സര്‍വകലാശാലയില്‍ നിന്നു ബിരുദം സമ്പാദിച്ചു
/home/vijay/Desktop/All_Files/ALL_TTS/DIS_Vector_Embedding_Integration/Data/Malayalam_Female/wav/07_F_set_25_185.wav	Malayalam_Female	അവനെ സൂക്ഷിക്കണം അവന്‍റെ കളിയും ചിരിയുമെല്ലം മാഞ്ഞു
/home/vijay/Desktop/All_Files/ALL_TTS/DIS_Vector_Embedding_Integration/Data/Malayalam_Female/wav/07_F_set_26_158.wav	Malayalam_Female	രാജാവിന്‍റെ ഊഹം ശരിയായിരുന്നു
/home/vijay/Desktop/All_Files/ALL_TTS/DIS_Vector_Embedding_Integration/Data/Malayalam_Female/wav/07_F_set_27_156.wav	Malayalam_Female	കിഷന്‍ഗംഗ ജല വൈദ്യുത പദ്ധതിയുമായി മുന്നോട്ടു പോകാന്‍ ഇന്ത്യക്ക് അനുമതി
/home/vijay/Desktop/All_Files/ALL_TTS/DIS_Vector_Embedding_Integration/Data/Malayalam_Female/wav/07_F_set_11_054.wav	Malayalam_Female	ആയിരത്തി തൊള്ളായിരത്തി മുപ്പത്തിയൊന്‍പതില്‍ പത്ത് പവന്‍ സ്വര്‍ണത്തിന്‍റെ വില മുപ്പത്തിയൊന്ന് രൂപയായിരുന്നു
/home/vijay/Desktop/All_Files/ALL_TTS/DIS_Vector_Embedding_Integration/Data/Malayalam_Female/wav/07_F_set_07_116.wav	Malayalam_Female	താലൂക്ക് ആശുപത്രിയില്‍ കൊണ്ടുപോയ ശേഷം പള്ളിയില്‍ ശവസംസ്കാരം നടത്തി
/home/vijay/Desktop/All_Files/ALL_TTS/DIS_Vector_Embedding_Integration/Data/Malayalam_Female/wav/07_F_set_13_111.wav	Malayalam_Female	സന്യാസിനീ സമൂഹത്തെ ഉന്നതപദവിയിലേക്ക് ഉയര്‍ത്തും
/home/vijay/Desktop/All_Files/ALL_TTS/DIS_Vector_Embedding_Integration/Data/Malayalam_Female/wav/07_F_set_11_020.wav	Malayalam_Female	ആറിനും പത്തിനും സംഘം പ്രതിജ്ഞ എടുത്തു
/home/vijay/Desktop/All_Files/ALL_TTS/DIS_Vector_Embedding_Integration/Data/Malayalam_Female/wav/07_F_set_13_124.wav	Malayalam_Female	സംസ്ഥാനം ഇത് ഗൌരവത്തോടെ കാണേണ്ടതാണ് അയച്ച കത്തില്‍ പറയുന്നു
/home/vijay/Desktop/All_Files/ALL_TTS/DIS_Vector_Embedding_Integration/Data/Malayalam_Female/wav/07_F_set_10_003.wav	Malayalam_Female	എട്ട് ഒന്‍പത് പത്ത് തീയതികളില്‍ വാര്‍ഷിക മഹോത്സവത്തില്‍ പങ്കെടുക്കാന്‍ നഗരത്തിലെത്തും
/home/vijay/Desktop/All_Files/ALL_TTS/DIS_Vector_Embedding_Integration/Data/Malayalam_Female/wav/07_F_set_08_048.wav	Malayalam_Female	ചിന്തകള്‍ക്ക് തീക്കൊളുത്തിയ കേന്ദ്രമാണത്
/home/vijay/Desktop/All_Files/ALL_TTS/DIS_Vector_Embedding_Integration/Data/Malayalam_Female/wav/07_F_set_24_336.wav	Malayalam_Female	വന്‍‌ക്ഷേത്രങ്ങളും വിഹാരങ്ങളും സന്ദര്‍ശിച്ച് പുഷ്പാര്‍ച്ചന നടത്തി ദുഷ്ഫലങ്ങളും ദുഷ്‌പ്പേരുകളും അകലണമെങ്കില്‍ ശരീരം വൃത്തിയായി വെക്കണം
/home/vijay/Desktop/All_Files/ALL_TTS/DIS_Vector_Embedding_Integration/Data/Malayalam_Female/wav/07_F_set_08_150.wav	Malayalam_Female	കേടു കൂടാതെ ദീര്‍ഘ കാലം ഉപയോഗിക്കാന്‍ അനിവാര്യമാണിത്
/home/vijay/Desktop/All_Files/ALL_TTS/DIS_Vector_Embedding_Integration/Data/Malayalam_Female/wav/07_F_set_17_190.wav	Malayalam_Female	കുപ്പിയില്‍ സൂക്ഷിച്ചിരുന്നവക്കൊപ്പം മറ്റൊരു ചട്ടിയും കണ്ടെത്തി
/home/vijay/Desktop/All_Files/ALL_TTS/DIS_Vector_Embedding_Integration/Data/Malayalam_Female/wav/07_F_set_04_031.wav	Malayalam_Female	മന്ത്രിക്കു ധനം വേണമെങ്കില്‍ വനംവകുപ്പ് ഉപയോഗിച്ച് ഉണ്ടാക്കിക്കൊടുക്കാമെന്നും അക്കാര്യം അറിയിക്കണമെന്നും ഉത്തരവാദപ്പെട്ട നേതാവിനോടു പറയാന്‍ ധൈര്യം കാട്ടിയ ആളാണ്
/home/vijay/Desktop/All_Files/ALL_TTS/DIS_Vector_Embedding_Integration/Data/Malayalam_Female/wav/07_F_set_22_161.wav	Malayalam_Female	സത്യത്തില്‍ പെണ്മേല്‍‌ക്കോയ്മയും ആണ്മേല്‍‌ക്കോയ്മയുമാണ് ഇവ രണ്ടും
/home/vijay/Desktop/All_Files/ALL_TTS/DIS_Vector_Embedding_Integration/Data/Malayalam_Female/wav/07_F_set_06_087.wav	Malayalam_Female	നിലവിലുള്ള തെരഞ്ഞെടുപ്പില്‍ വന്‍ വിജയം കരസ്ഥമാക്കും
/home/vijay/Desktop/All_Files/ALL_TTS/DIS_Vector_Embedding_Integration/Data/Malayalam_Female/wav/07_F_set_09_121.wav	Malayalam_Female	ഒടുവില്‍ പണി ചെയ്യുമ്പോള്‍ ബഹളം സഹിക്കവയ്യാതെ അറിയാതെ പറഞ്ഞുപോയി ശ്ശ്
/home/vijay/Desktop/All_Files/ALL_TTS/DIS_Vector_Embedding_Integration/Data/Malayalam_Female/wav/07_F_set_07_087.wav	Malayalam_Female	തുടങ്ങിയ പാഠ്യപദ്ധതിയില്‍നിന്നു മനഃപാഠമാക്കേണ്ട രണ്ട് പദ്യങ്ങള്‍ ലഭ്യമാവും
/home/vijay/Desktop/All_Files/ALL_TTS/DIS_Vector_Embedding_Integration/Data/Malayalam_Female/wav/07_F_set_25_075.wav	Malayalam_Female	ഗുലുമാലായില്ലേ എല്ലാ എലികളും അന്നു രാത്രി തട്ടിന്പുറത്ത് അടിയന്തരമായി യോഗംചേര്‍ന്നു
/home/vijay/Desktop/All_Files/ALL_TTS/DIS_Vector_Embedding_Integration/Data/Malayalam_Female/wav/07_F_set_23_138.wav	Malayalam_Female	ദാരികാസുരനെ വധിച്ചു തലയറുത്ത് നില്‍ക്കുന്നത് കാളീ രൂപമാണ്
/home/vijay/Desktop/All_Files/ALL_TTS/DIS_Vector_Embedding_Integration/Data/Malayalam_Female/wav/07_F_set_10_105.wav	Malayalam_Female	ഇരുപത്തിയയ്യായിരം രൂപയുടെ സ്വന്തം ജാമ്യത്തിലും അത്രയും തുകയ്ക്കുള്ള രണ്ട് ആള്‍ ജാമ്യത്തിലുമാണ് ഇയാളെ വിട്ടയക്കാന്‍ ഉത്തരവിട്ടത്
/home/vijay/Desktop/All_Files/ALL_TTS/DIS_Vector_Embedding_Integration/Data/Malayalam_Female/wav/07_F_set_14_057.wav	Malayalam_Female	വംശനാശ ഭീഷണിയുള്ള പലതരം പക്ഷി മൃഗാദികള്‍ വസിക്കുന്ന കടുവാ സംരക്ഷണ കേന്ദ്രത്തിലെ ഭീഷണി അകറ്റിയില്ലെങ്കില്‍ അത്യപൂര്‍വമായ പല ജീവികളും ഭൂമുഖത്തു നിന്ന് തന്നെ ഇല്ലാതാകാന്‍ സാധ്യതയുണ്ട്
/home/vijay/Desktop/All_Files/ALL_TTS/DIS_Vector_Embedding_Integration/Data/Malayalam_Female/wav/07_F_set_07_155.wav	Malayalam_Female	തടങ്കലില്‍ കഴിയുമ്പോഴാണു സഹ തടവുകാരില്‍ നിന്നു ചിത്രമെഴുത്തു പഠിച്ചത്
/home/vijay/Desktop/All_Files/ALL_TTS/DIS_Vector_Embedding_Integration/Data/Malayalam_Female/wav/07_F_set_08_199.wav	Malayalam_Female	കാലഗണനാരീതിയ്ക്കു അനുസൃതമായി ലയിക്കുന്ന നാലാമത്തെ രാജ്യമാണ്
/home/vijay/Desktop/All_Files/ALL_TTS/DIS_Vector_Embedding_Integration/Data/Malayalam_Female/wav/07_F_set_14_012.wav	Malayalam_Female	വിടവാങ്ങല്‍ ചടങ്ങില്‍ മറ്റൊരു ചരിത്ര മുഹൂര്‍ത്തത്തിനും കൂടി വഴിതെളിയും
/home/vijay/Desktop/All_Files/ALL_TTS/DIS_Vector_Embedding_Integration/Data/Malayalam_Female/wav/07_F_set_05_078.wav	Malayalam_Female	പുനഃസംഘടനയ്ക്കു ശേഷം മാധ്യമ രംഗത്തു പ്രവര്‍ത്തിക്കുന്ന ഓഹരികളുടെ വ്യാപാരം പുനരാരംഭിച്ചു
/home/vijay/Desktop/All_Files/ALL_TTS/DIS_Vector_Embedding_Integration/Data/Malayalam_Female/wav/07_F_set_27_074.wav	Malayalam_Female	ഈ വര്‍ഷത്തെ രാമാനുജന്‍ പുരസ്കാരത്തിന് ഗണിത ശാസ്ത്രജ്ഞ അര്‍ഹയായി
/home/vijay/Desktop/All_Files/ALL_TTS/DIS_Vector_Embedding_Integration/Data/Malayalam_Female/wav/07_F_set_11_024.wav	Malayalam_Female	ആറാം തീയതി പ്രമുഖ വാസ്തു ശാസ്ത്ര വിദഗ്ധന്‍ എത്തുകയും ഏഴിനു വിദഗ്ധ ഉപദേശം കേള്‍ക്കുകയും ചെയ്യും
/home/vijay/Desktop/All_Files/ALL_TTS/DIS_Vector_Embedding_Integration/Data/Malayalam_Female/wav/07_F_set_27_083.wav	Malayalam_Female	ഇടികളെ തന്റെ സമൃദ്ധമായ പുറം കൊണ്ട് തടുത്തപ്പോള്‍ മാത്തപ്പന്‍ ചേട്ടന്റെ ശുഷ്കമായ പുറം നോക്കി
/home/vijay/Desktop/All_Files/ALL_TTS/DIS_Vector_Embedding_Integration/Data/Malayalam_Female/wav/07_F_set_04_017.wav	Malayalam_Female	മറച്ച ഭാഗങ്ങളെ നികുതിയില്‍ നിന്നു ഒഴിവാക്കാന്‍ കെട്ടിട നികുതി നിയമത്തില്‍ യാതൊരു വ്യവസ്ഥയുമില്ല എന്നാണു കത്തില്‍ പറയുന്നത്
/home/vijay/Desktop/All_Files/ALL_TTS/DIS_Vector_Embedding_Integration/Data/Malayalam_Female/wav/07_F_set_26_010.wav	Malayalam_Female	ആ പാത്രം എന്‍റെ വായയുടെ താഴെ പിടിക്കണം
/home/vijay/Desktop/All_Files/ALL_TTS/DIS_Vector_Embedding_Integration/Data/Malayalam_Female/wav/07_F_set_18_085.wav	Malayalam_Female	ഐക്യമുന്നണി നിലംപതിക്കുമെന്ന പ്രചാരണം ഇടതുമുന്നണിയിലെ അഭിപ്രായ വ്യത്യാസങ്ങള്‍ മൂടിവെക്കാനാണ്
/home/vijay/Desktop/All_Files/ALL_TTS/DIS_Vector_Embedding_Integration/Data/Malayalam_Female/wav/07_F_set_14_059.wav	Malayalam_Female	ലോക തൊഴിലാളി വര്‍ഗത്തിന്റെ മുഖ്യശത്രു ധനമൂലധനമാണ്
/home/vijay/Desktop/All_Files/ALL_TTS/DIS_Vector_Embedding_Integration/Data/Malayalam_Female/wav/07_F_set_23_236.wav	Malayalam_Female	റാഗികൊണ്ടുണ്ടാക്കുന്ന മുദ്ദ ഇഷ്ട ആഹാരമാണ്
/home/vijay/Desktop/All_Files/ALL_TTS/DIS_Vector_Embedding_Integration/Data/Malayalam_Female/wav/07_F_set_26_156.wav	Malayalam_Female	എടോ വിഡ്ഢി, അവന്‍ ജീവിതമെന്നെഴുതിയ കടലാസ് എടുത്താല്‍‍ നമ്മള്‍ തോറ്റുപോവില്ലേ
/home/vijay/Desktop/All_Files/ALL_TTS/DIS_Vector_Embedding_Integration/Data/Malayalam_Female/wav/07_F_set_06_085.wav	Malayalam_Female	നിലവിലെ ജേതാക്കളായ അദ്ധ്യാപകരെ മൂന്ന് പൂജ്യത്തിന് തോല്‍പ്പിച്ചപ്പോള്‍ സ്വര്‍ണ്ണം ഉള്‍‌പ്പെടെ അഞ്ച് പൂജ്യത്തിന് തകര്‍ത്തു
/home/vijay/Desktop/All_Files/ALL_TTS/DIS_Vector_Embedding_Integration/Data/Malayalam_Female/wav/07_F_set_27_141.wav	Malayalam_Female	പത്തൊന്‍പത് കിലോ സ്വര്‍ണവും ഇരുപത്തി രണ്ട്‍ വെള്ളി നാണയവും ഇരുപത്തി രണ്ട്‍ വെങ്കലവുമടക്കം അറുപത്തി മൂന്നെണ്ണമാണ് സമ്പാദ്യം
/home/vijay/Desktop/All_Files/ALL_TTS/DIS_Vector_Embedding_Integration/Data/Malayalam_Female/wav/07_F_set_11_009.wav	Malayalam_Female	ആഴ്ചകള്‍ പിന്നിട്ടപ്പോള്‍ അധികാരത്തില്‍ തിരിച്ചെത്തുമെന്ന പ്രതീക്ഷ ജനിച്ചു
/home/vijay/Desktop/All_Files/ALL_TTS/DIS_Vector_Embedding_Integration/Data/Malayalam_Female/wav/07_F_set_09_020.wav	Malayalam_Female	കഴിഞ്ഞ ഇരുപത്തി മൂന്നിന് ചുമതല ഒഴിഞ്ഞപ്പോള്‍ പുതിയ ആളെ നിയമിച്ചില്ല
/home/vijay/Desktop/All_Files/ALL_TTS/DIS_Vector_Embedding_Integration/Data/Malayalam_Female/wav/07_F_set_11_161.wav	Malayalam_Female	അയാളുടെ നേതൃത്വത്തിലുള്ള പത്തംഗ സംഘത്തില്‍ വ്യവസായികളും വിദഗ്ദ്ധരുമുണ്ട്
/home/vijay/Desktop/All_Files/ALL_TTS/DIS_Vector_Embedding_Integration/Data/Malayalam_Female/wav/07_F_set_05_176.wav	Malayalam_Female	പന്ത്രണ്ട് പത്ത് പതിനഞ്ച് എന്നിങ്ങനെ തുക വാര്‍ഷികത്തിനു നല്‍കണം
/home/vijay/Desktop/All_Files/ALL_TTS/DIS_Vector_Embedding_Integration/Data/Malayalam_Female/wav/07_F_set_24_063.wav	Malayalam_Female	ആറാംനാള്‍ ആകുമ്പോഴേക്ക് നേര്‍‌ത്തൊരു സ്പര്‍ശത്താല്‍ പയ്യെ പുറംതൊലി അടര്‍ന്നുപോവും
/home/vijay/Desktop/All_Files/ALL_TTS/DIS_Vector_Embedding_Integration/Data/Malayalam_Female/wav/07_F_set_16_171.wav	Malayalam_Female	തോക്കുകള്‍ക്കെല്ലാം പ്രഹര ശേഷി കുറവാണെന്നും ആണ് ഇവരുടെ പ്രാഥമിക നിഗമനം
/home/vijay/Desktop/All_Files/ALL_TTS/DIS_Vector_Embedding_Integration/Data/Malayalam_Female/wav/07_F_set_22_056.wav	Malayalam_Female	മണ്ണ് വേര് വെള്ളം വെയില്‍പൂക്കള്ളന്‍ ഇതള്‍ തണ്ട് വാട്ടം
/home/vijay/Desktop/All_Files/ALL_TTS/DIS_Vector_Embedding_Integration/Data/Malayalam_Female/wav/07_F_set_17_013.wav	Malayalam_Female	താരനിരയുമായി ഇറങ്ങിയ താരങ്ങള്‍ക്ക് മുന്‍പില്‍ പൊരുതി നില്‍ക്കാനാവാത്തത് ഒരിക്കല്‍ പോലും പ്രശ്നമായി ഉയര്‍ന്നില്ല
/home/vijay/Desktop/All_Files/ALL_TTS/DIS_Vector_Embedding_Integration/Data/Malayalam_Female/wav/07_F_set_06_141.wav	Malayalam_Female	നാലാം സ്വര്‍ണം വെള്ളിയാഴ്ച രാവിലെയാണ് നേടിയത്
/home/vijay/Desktop/All_Files/ALL_TTS/DIS_Vector_Embedding_Integration/Data/Malayalam_Female/wav/07_F_set_24_088.wav	Malayalam_Female	എന്ന യുദ്ധവിദഗ്ദ്ധന്‍ മാലിദ്വീപുകള്‍ പിടിച്ചടക്കി
/home/vijay/Desktop/All_Files/ALL_TTS/DIS_Vector_Embedding_Integration/Data/Malayalam_Female/wav/07_F_set_08_039.wav	Malayalam_Female	ചുരുങ്ങല്‍ ശേഷിയെക്കുറിച്ചാണ് പഠനം നടത്തിയത്
/home/vijay/Desktop/All_Files/ALL_TTS/DIS_Vector_Embedding_Integration/Data/Malayalam_Female/wav/07_F_set_12_175.wav	Malayalam_Female	അച്ഛന്‍റെ പേര് എന്നാണു കുട്ടി അറിയിച്ചത്
/home/vijay/Desktop/All_Files/ALL_TTS/DIS_Vector_Embedding_Integration/Data/Malayalam_Female/wav/07_F_set_25_124.wav	Malayalam_Female	വള്ളം അകന്നു പോയി വഴിയേ പോകുന്ന പൂവാലിപ്പശുവിനെ മക്രുണ്ണി കണ്ടത്
/home/vijay/Desktop/All_Files/ALL_TTS/DIS_Vector_Embedding_Integration/Data/Malayalam_Female/wav/07_F_set_18_082.wav	Malayalam_Female	ഒന്നാം ഘട്ടം പണി ചെയ്യാന്‍ ആരംഭിക്കുന്നതെയുള്ളു
/home/vijay/Desktop/All_Files/ALL_TTS/DIS_Vector_Embedding_Integration/Data/Malayalam_Female/wav/07_F_set_13_122.wav	Malayalam_Female	സംസ്ഥാനത്തിലെ സുല്‍ത്താന്‍റെ പേരമകനാണ് യാത്ര പുറപ്പെട്ടത്
/home/vijay/Desktop/All_Files/ALL_TTS/DIS_Vector_Embedding_Integration/Data/Malayalam_Female/wav/07_F_set_23_012.wav	Malayalam_Female	ഉടന്‍തന്നെ പാണ്ഡവരെ ക്ഷണിച്ചുവരുത്തി ദ്യൂതമത്സരം നടത്താന്‍ അനുവദിക്കേണ്ടതാണ്
/home/vijay/Desktop/All_Files/ALL_TTS/DIS_Vector_Embedding_Integration/Data/Malayalam_Female/wav/07_F_set_14_053.wav	Malayalam_Female	വക്താവ് അറിയിച്ചതാണിക്കാര്യം
/home/vijay/Desktop/All_Files/ALL_TTS/DIS_Vector_Embedding_Integration/Data/Malayalam_Female/wav/07_F_set_07_122.wav	Malayalam_Female	താരനും മുടികൊഴിച്ചിലും അകറ്റി മുടി സമൃദ്ധമായി വളരുന്നതിനും തലയ്ക്ക് കുളിര്‍മയേകുന്നതിനും ഉതകുന്ന ഉല്‍പ്പന്നം വിപണിയിലെത്തി
/home/vijay/Desktop/All_Files/ALL_TTS/DIS_Vector_Embedding_Integration/Data/Malayalam_Female/wav/07_F_set_23_049.wav	Malayalam_Female	കച്ചവടക്കാര്‍ ഖുര്‍ആന്‍ വായിക്കുകയായിരുന്നു
/home/vijay/Desktop/All_Files/ALL_TTS/DIS_Vector_Embedding_Integration/Data/Malayalam_Female/wav/07_F_set_05_128.wav	Malayalam_Female	അക്കാര്യം മുന്‍കൂട്ടി അറിയിക്കുകയും ചെയ്തിരുന്നു
/home/vijay/Desktop/All_Files/ALL_TTS/DIS_Vector_Embedding_Integration/Data/Malayalam_Female/wav/07_F_set_22_020.wav	Malayalam_Female	പൊടുന്നനെ പ്രത്യക്ഷപ്പെടുകയും സംഭവ ബഹുലമായ കുറച്ച് ദിവസങ്ങള്‍ക്കു ശേഷം അപ്രത്യക്ഷനാവുകയും ചെയ്ത ഒരു കുട്ടിയെച്ചുറ്റിയാണ് ക്ഷേത്രോത്പത്തിയുടെ ഐതിഹ്യം
/home/vijay/Desktop/All_Files/ALL_TTS/DIS_Vector_Embedding_Integration/Data/Malayalam_Female/wav/07_F_set_17_197.wav	Malayalam_Female	കീഴടക്കിയത് ആറ് രണ്ട് ആറ് മൂന്ന് ആറ് രണ്ട് എന്ന നിലയില്‍ ആണ്
/home/vijay/Desktop/All_Files/ALL_TTS/DIS_Vector_Embedding_Integration/Data/Malayalam_Female/wav/07_F_set_23_018.wav	Malayalam_Female	ഊട്ടി ഉള്‍‌പ്പെടുന്ന നീലഗിരി മലനിരകള്‍ ഏകദേശം മൈല്‍ നീളവും മൈല്‍ വീതിയും ഏകദേശം അടി ശരാശരി ഉയരവുമുള്ള പീഠഭൂമിയാണ്
/home/vijay/Desktop/All_Files/ALL_TTS/DIS_Vector_Embedding_Integration/Data/Malayalam_Female/wav/07_F_set_13_170.wav	Malayalam_Female	വെടിക്കെട്ടു പ്രകടനം സംഗീത ആല്‍ബത്തിലും
/home/vijay/Desktop/All_Files/ALL_TTS/DIS_Vector_Embedding_Integration/Data/Malayalam_Female/wav/07_F_set_23_133.wav	Malayalam_Female	തെറ്റുകള്‍ സ്‌നേഹബുദ്ധ്യാ ചൂണ്ടികാണിച്ച് വിലപ്പെട്ട നിര്‍‌ദ്ദേശങ്ങളും അഭിപ്രായങ്ങളും അറിയിക്കുക
/home/vijay/Desktop/All_Files/ALL_TTS/DIS_Vector_Embedding_Integration/Data/Malayalam_Female/wav/07_F_set_24_240.wav	Malayalam_Female	മുഗള്‍ സാമ്രാജ്യത്തിലെ നാലാമത്തെ ചക്രവര്‍ത്തിയാണ്‌ ജഹാംഗീര്‍
/home/vijay/Desktop/All_Files/ALL_TTS/DIS_Vector_Embedding_Integration/Data/Malayalam_Female/wav/07_F_set_19_024.wav	Malayalam_Female	ഇന്ന് പുലര്‍ച്ചെ സ്വകാര്യ ആശുപത്രിയിലായിരുന്നു അന്ത്യം
/home/vijay/Desktop/All_Files/ALL_TTS/DIS_Vector_Embedding_Integration/Data/Malayalam_Female/wav/07_F_set_24_140.wav	Malayalam_Female	ചര്‍ദ്ദില്‍ വീണ്‌ ഈ നടുമുറ്റം വൃത്തികേടാകും
/home/vijay/Desktop/All_Files/ALL_TTS/DIS_Vector_Embedding_Integration/Data/Malayalam_Female/wav/07_F_set_05_181.wav	Malayalam_Female	പന്തുകള്‍ക്കു മുന്നില്‍ പരാജയപ്പെടാനിടയുണ്ട്
/home/vijay/Desktop/All_Files/ALL_TTS/DIS_Vector_Embedding_Integration/Data/Malayalam_Female/wav/07_F_set_07_104.wav	Malayalam_Female	തിരുപ്പിറവിയെ വാഴ്ത്തി ഗായകനായി കേന്ദ്രമന്ത്രി
/home/vijay/Desktop/All_Files/ALL_TTS/DIS_Vector_Embedding_Integration/Data/Malayalam_Female/wav/07_F_set_10_200.wav	Malayalam_Female	ആസ്തി പൂജ്യം ദശാംശം ഒന്‍പത് അഞ്ച് ശതമാനത്തിലെത്തി
/home/vijay/Desktop/All_Files/ALL_TTS/DIS_Vector_Embedding_Integration/Data/Malayalam_Female/wav/07_F_set_18_194.wav	Malayalam_Female	ഇവിടെ കാടുകളിലും പുല്‍മേടുകളിലും കണ്ടുവരാറുള്ള ആകര്‍ഷകമായ സസ്യജാലങ്ങളില്‍ ഉള്ളതാണ് നീലക്കുറിഞ്ഞി
/home/vijay/Desktop/All_Files/ALL_TTS/DIS_Vector_Embedding_Integration/Data/Malayalam_Female/wav/07_F_set_27_067.wav	Malayalam_Female	ഒടുവില്‍ ഒരൊറ്റ വസ്ത്രം മാറിമാറി ധരിച്ചാണു ഭാഷാപാഠ വിഭാഗക്കാരനായ സെബാസ്‌റ്റ്യന്‍ ഭയപ്പെടുത്തുന്ന വിഭാഗക്കാരായ നമ്മെ അറിയിച്ചത്
/home/vijay/Desktop/All_Files/ALL_TTS/DIS_Vector_Embedding_Integration/Data/Malayalam_Female/wav/07_F_set_12_054.wav	Malayalam_Female	അധികൃതരുടെ അനുമതിയില്ലാതെ വന്‍നികുതി വെട്ടിപ്പിനായി സാധനങ്ങള്‍ ഒളിച്ചുകടത്തിയെന്ന ആരോപണം മാത്രമേ നിലനില്‍ക്കൂ
/home/vijay/Desktop/All_Files/ALL_TTS/DIS_Vector_Embedding_Integration/Data/Malayalam_Female/wav/07_F_set_18_041.wav	Malayalam_Female	കഥ അടിച്ചുമാറ്റല്‍ മലയാള ഭൂമിയില്‍ പുത്തരിയല്ല
/home/vijay/Desktop/All_Files/ALL_TTS/DIS_Vector_Embedding_Integration/Data/Malayalam_Female/wav/07_F_set_27_136.wav	Malayalam_Female	പ്രതീക്ഷിച്ച നിലവാരത്തില്‍ ഉയരാനാകാത്തതിന്‍റെ ഞെട്ടലിലാണ് രാജീവന്‍
/home/vijay/Desktop/All_Files/ALL_TTS/DIS_Vector_Embedding_Integration/Data/Malayalam_Female/wav/07_F_set_27_021.wav	Malayalam_Female	രാവിലെ പതിനൊന്നിന് ആരംഭിക്കുന്ന സമ്മേളനം സിനിമാതാരം ഉദ്ഘാടനം ചെയ്യും
/home/vijay/Desktop/All_Files/ALL_TTS/DIS_Vector_Embedding_Integration/Data/Malayalam_Female/wav/07_F_set_13_159.wav	Malayalam_Female	വൈദ്യുതി ലഭിക്കുമെന്നും വാഗ്ദാനം ചെയ്യുന്നു
/home/vijay/Desktop/All_Files/ALL_TTS/DIS_Vector_Embedding_Integration/Data/Malayalam_Female/wav/07_F_set_06_094.wav	Malayalam_Female	നിര്‍മാണത്തില്‍ വൈദഗ്ദ്ധ്യം നേടിയവരാണ് പിന്നില്‍
/home/vijay/Desktop/All_Files/ALL_TTS/DIS_Vector_Embedding_Integration/Data/Malayalam_Female/wav/07_F_set_16_192.wav	Malayalam_Female	തൊണ്ണൂറുകളുടെ തുടക്കത്തില്‍ രൂപം കൊള്ളുകയും പിന്നീട് പ്രശസ്തി നേടുകയും ചെയ്ത നാടക സംഘത്തിന്‍റെ പ്രധാന സംഘാടകനും സംവിധായകനുമാണ്
/home/vijay/Desktop/All_Files/ALL_TTS/DIS_Vector_Embedding_Integration/Data/Malayalam_Female/wav/07_F_set_17_069.wav	Malayalam_Female	ജന്മിയ്ക്കെതിരെ കുടികിടപ്പുകാരുടെ നേതൃത്വത്തിലായിരുന്നു സമരം
/home/vijay/Desktop/All_Files/ALL_TTS/DIS_Vector_Embedding_Integration/Data/Malayalam_Female/wav/07_F_set_11_199.wav	Malayalam_Female	അന്‍പതിനു മുകളില്‍ സ്വര്‍ണം വേണ്ട അന്‍പതില്‍ താഴെയുള്ള സ്വര്‍ണം വാങ്ങാം
/home/vijay/Desktop/All_Files/ALL_TTS/DIS_Vector_Embedding_Integration/Data/Malayalam_Female/wav/07_F_set_24_234.wav	Malayalam_Female	മദ്ധ്യാഹ്നം ആയപ്പോള്‍ അയാള്‍ ചോദിച്ചു എനിക്കു മുതലാളിയോടു സംസാരിക്കാമൊ
/home/vijay/Desktop/All_Files/ALL_TTS/DIS_Vector_Embedding_Integration/Data/Malayalam_Female/wav/07_F_set_11_154.wav	Malayalam_Female	അര്‍ബുദത്തിന് ചികിത്സയിലാണ് മുത്തശ്ശി
/home/vijay/Desktop/All_Files/ALL_TTS/DIS_Vector_Embedding_Integration/Data/Malayalam_Female/wav/07_F_set_23_231.wav	Malayalam_Female	രാജഭടന്മാര്‍ നമ്മെപ്പിടിച്ചു നാടുകടത്തും
/home/vijay/Desktop/All_Files/ALL_TTS/DIS_Vector_Embedding_Integration/Data/Malayalam_Female/wav/07_F_set_08_140.wav	Malayalam_Female	കേരളത്തെയാണ് നിലവിലുള്ള ജേതാക്കള്‍ നോട്ടമിടുന്നത്
/home/vijay/Desktop/All_Files/ALL_TTS/DIS_Vector_Embedding_Integration/Data/Malayalam_Female/wav/07_F_set_11_115.wav	Malayalam_Female	അവര്‍ മുന്‍ പ്രധാനമന്ത്രിയെ വിചാരണ ചെയ്തു
/home/vijay/Desktop/All_Files/ALL_TTS/DIS_Vector_Embedding_Integration/Data/Malayalam_Female/wav/07_F_set_09_086.wav	Malayalam_Female	ഔദ്യോഗിക പ്രതികരണവും വധശിക്ഷയുടെ ധാര്‍മിക നീതിയെപ്പറ്റിയുമാണ് ചര്‍ച്ചയില്‍ പ്രതിപാദിക്കുന്നത്
/home/vijay/Desktop/All_Files/ALL_TTS/DIS_Vector_Embedding_Integration/Data/Malayalam_Female/wav/07_F_set_17_066.wav	Malayalam_Female	ജയഭാരതിയുടെ മകന്‍ അഭിനയിക്കുന്നു
/home/vijay/Desktop/All_Files/ALL_TTS/DIS_Vector_Embedding_Integration/Data/Malayalam_Female/wav/07_F_set_07_120.wav	Malayalam_Female	താരമായിരുന്ന ഇദ്ദേഹം രണ്ടായിരം മുതല്‍ ആക്രമണ നിരയില്‍ കളിക്കുന്നു
/home/vijay/Desktop/All_Files/ALL_TTS/DIS_Vector_Embedding_Integration/Data/Malayalam_Female/wav/07_F_set_11_118.wav	Malayalam_Female	അവര്‍‌ക്കെന്നല്ല സമ്പത്തും ബൃഹദ് സംവിധാനങ്ങളും വരുതിയിലുള്ള സര്‍ക്കാറുകള്‍ക്കോ സര്‍ക്കാറിതര സംഘടനകള്‍ക്കോ ഈദൃശ പ്രവര്‍ത്തനങ്ങള്‍ അനുകരിച്ച് വിജയിപ്പിക്കാനാവുമോ
/home/vijay/Desktop/All_Files/ALL_TTS/DIS_Vector_Embedding_Integration/Data/Malayalam_Female/wav/07_F_set_09_085.wav	Malayalam_Female	കക്കൂസുകളില്‍ നിന്നുള്ള മനുഷ്യ വിസര്‍ജ്യം പാളങ്ങളിലേക്കു തുറന്നു വിടുന്നതു തടയണമെന്നാവശ്യപ്പെട്ടു ഹര്‍ജി സമര്‍പ്പിച്ചു
/home/vijay/Desktop/All_Files/ALL_TTS/DIS_Vector_Embedding_Integration/Data/Malayalam_Female/wav/07_F_set_13_043.wav	Malayalam_Female	സ്ഥാപനം നടത്തുന്നതില്‍ നിന്ന് പതിനഞ്ച് ലക്ഷം രൂപ തട്ടിയെടുത്തെന്ന പരാതിയെ തുടര്‍ന്നാണ് ഇയാളെ പുറത്താക്കിയത്
/home/vijay/Desktop/All_Files/ALL_TTS/DIS_Vector_Embedding_Integration/Data/Malayalam_Female/wav/07_F_set_12_185.wav	Malayalam_Female	അങ്കണവാടിയിലും സര്‍വശിക്ഷാ അഭിയാന്‍റെ കീഴീലുള്ള ബദല്‍ സ്കൂളിലും അരിയെത്തിയില്ലെങ്കില്‍ കുഞ്ഞുങ്ങള്‍ പട്ടിണിയിലാവും
/home/vijay/Desktop/All_Files/ALL_TTS/DIS_Vector_Embedding_Integration/Data/Malayalam_Female/wav/07_F_set_23_097.wav	Malayalam_Female	ചിലര്‍ സ്വയം ഹോമിക്കുന്നത് തീയിലാണ്
/home/vijay/Desktop/All_Files/ALL_TTS/DIS_Vector_Embedding_Integration/Data/Malayalam_Female/wav/07_F_set_18_172.wav	Malayalam_Female	ഉത്തേജകമരുന്നടിച്ച് പിടിയിലായി വിലക്ക് നേരിടുന്നയാള്‍ വീണ്ടും ആരോപണക്കുരുക്കില്‍
/home/vijay/Desktop/All_Files/ALL_TTS/DIS_Vector_Embedding_Integration/Data/Malayalam_Female/wav/07_F_set_24_342.wav	Malayalam_Female	വിരല്‍നീളം മാത്രമുള്ള മുറിപ്പെന്‍സില്‍
/home/vijay/Desktop/All_Files/ALL_TTS/DIS_Vector_Embedding_Integration/Data/Malayalam_Female/wav/07_F_set_04_013.wav	Malayalam_Female	മറ്റു ജന്തുക്കള്‍ ഒളിച്ചിരുന്നു
/home/vijay/Desktop/All_Files/ALL_TTS/DIS_Vector_Embedding_Integration/Data/Malayalam_Female/wav/07_F_set_17_184.wav	Malayalam_Female	കൂടുതല്‍ യാത്രക്കാര്‍ക്ക് പ്രതിദിനം യാത്ര ചെയ്യാനാകും
/home/vijay/Desktop/All_Files/ALL_TTS/DIS_Vector_Embedding_Integration/Data/Malayalam_Female/wav/07_F_set_06_035.wav	Malayalam_Female	പട്ടണത്തിലെ പഴയ കുഴിമാടത്തില്‍ അയ്യായിരം വര്‍ഷത്തിലേറെയായി പരസ്പരം പുണര്‍ന്നു കിടക്കുന്ന ദമ്പതികളുടെ അസ്ഥികൂടം പുരാവസ്തു ഗവേഷകര്‍ കണ്ടെടുത്തു
/home/vijay/Desktop/All_Files/ALL_TTS/DIS_Vector_Embedding_Integration/Data/Malayalam_Female/wav/07_F_set_07_048.wav	Malayalam_Female	തൊണ്ണൂറ്റിയൊന്‍പതില്‍ അങ്ങനൊരു ചടങ്ങു നടത്തിയിരുന്നു
/home/vijay/Desktop/All_Files/ALL_TTS/DIS_Vector_Embedding_Integration/Data/Malayalam_Female/wav/07_F_set_25_072.wav	Malayalam_Female	കുറച്ചു കഴിഞ്ഞപ്പോള്‍ കുരങ്ങു രാജാവ് തിരിച്ചുവന്നു
/home/vijay/Desktop/All_Files/ALL_TTS/DIS_Vector_Embedding_Integration/Data/Malayalam_Female/wav/07_F_set_22_232.wav	Malayalam_Female	ആ പുല്ലിലേക്ക്‌ മെല്ലെ തല ചായ്ച്ചു
/home/vijay/Desktop/All_Files/ALL_TTS/DIS_Vector_Embedding_Integration/Data/Malayalam_Female/wav/07_F_set_18_047.wav	Malayalam_Female	കടലാസ് ഇടപാടില്‍ ധനമന്ത്രാലയം നടപടി തുടങ്ങി
/home/vijay/Desktop/All_Files/ALL_TTS/DIS_Vector_Embedding_Integration/Data/Malayalam_Female/wav/07_F_set_08_097.wav	Malayalam_Female	ഗുരു വിഡ്ഢിത്തം കാട്ടിയെന്ന് ശിഷ്യന്‍ ധരിച്ചു
/home/vijay/Desktop/All_Files/ALL_TTS/DIS_Vector_Embedding_Integration/Data/Malayalam_Female/wav/07_F_set_17_024.wav	Malayalam_Female	തന്നെ ഒഴിവാക്കിയവരോടുള്ള പ്രതികാരത്തിന്‍റെ ചിരിയുമായി കൂടെ വന്നു
/home/vijay/Desktop/All_Files/ALL_TTS/DIS_Vector_Embedding_Integration/Data/Malayalam_Female/wav/07_F_set_05_074.wav	Malayalam_Female	പുരുഷന്‍മാരുടെ യോഗ്യതാ മല്‍സരം കാണികള്‍ക്കു വേവലാതിയും സമ്മാനിച്ചു
/home/vijay/Desktop/All_Files/ALL_TTS/DIS_Vector_Embedding_Integration/Data/Malayalam_Female/wav/07_F_set_07_110.wav	Malayalam_Female	തിരച്ചില്‍ മാത്രമേ ഇനിയിപ്പോള്‍ നടത്തൂ
/home/vijay/Desktop/All_Files/ALL_TTS/DIS_Vector_Embedding_Integration/Data/Malayalam_Female/wav/07_F_set_09_065.wav	Malayalam_Female	കനത്ത മഴയിലും കൊടും തണുപ്പിലും തളരാതെ തങ്ങളുടെ അവകാശങ്ങള്‍ക്കായി എത്തിയ നൂറോളം കര്‍ഷകരില്‍ ഒരാളാണ് ആ വൃദ്ധന്‍
/home/vijay/Desktop/All_Files/ALL_TTS/DIS_Vector_Embedding_Integration/Data/Malayalam_Female/wav/07_F_set_19_093.wav	Malayalam_Female	ആയുധധാരിയായ ആള്‍ രണ്ടു കൂട്ടാളികള്‍ക്കൊപ്പം വിമാനത്താവളത്തിന്‍റെ ഉള്ളിലേക്ക് കടക്കാന്‍ ശ്രമിച്ചപ്പോള്‍ സുരക്ഷാ ഉദ്യോഗസ്ഥര്‍ തടഞ്ഞു
/home/vijay/Desktop/All_Files/ALL_TTS/DIS_Vector_Embedding_Integration/Data/Malayalam_Female/wav/07_F_set_25_170.wav	Malayalam_Female	അപ്പോള്‍ അവന്‍ ഒരു പശുവിനെ കണ്ടു
/home/vijay/Desktop/All_Files/ALL_TTS/DIS_Vector_Embedding_Integration/Data/Malayalam_Female/wav/07_F_set_23_030.wav	Malayalam_Female	ഏഴാം ശതാംബ്ദം വരെ രാജവംശ്യരായി ഏഴിമലക്കോട്ടയില്‍തന്നെയാണു താമസിച്ചിരുന്നത്
/home/vijay/Desktop/All_Files/ALL_TTS/DIS_Vector_Embedding_Integration/Data/Malayalam_Female/wav/07_F_set_10_151.wav	Malayalam_Female	ഇതില്‍ മൂന്നെണ്ണം വെടിയുണ്ട ഏല്‍ക്കാത്ത തരത്തിലുള്ളതാണ്
/home/vijay/Desktop/All_Files/ALL_TTS/DIS_Vector_Embedding_Integration/Data/Malayalam_Female/wav/07_F_set_26_025.wav	Malayalam_Female	ഈ രംഗം കണ്ട് അക്കുപ്പട്ടിയും അവിടെയെത്തി
/home/vijay/Desktop/All_Files/ALL_TTS/DIS_Vector_Embedding_Integration/Data/Malayalam_Female/wav/07_F_set_09_182.wav	Malayalam_Female	എന്താകുമെന്ന് ആശങ്കപ്പെടാതെ കാത്തു സൂക്ഷിച്ചു വെക്കാനാണ് ശ്രമിക്കുന്നത്
/home/vijay/Desktop/All_Files/ALL_TTS/DIS_Vector_Embedding_Integration/Data/Malayalam_Female/wav/07_F_set_07_149.wav	Malayalam_Female	തട്ടിക്കൊണ്ടു പോകല്‍ നടക്കുമ്പോള്‍ വടക്കന്‍ അതിര്‍ത്തിയില്‍ തിരച്ചില്‍ നടത്തിയിരുന്നത് തലവനായിരുന്നു
/home/vijay/Desktop/All_Files/ALL_TTS/DIS_Vector_Embedding_Integration/Data/Malayalam_Female/wav/07_F_set_19_095.wav	Malayalam_Female	ആയുധക്കടത്തിന് നികുതി വെട്ടിപ്പിനു ഇതിനോടകം താക്കീത് ചെയ്തിട്ടുണ്ട്
/home/vijay/Desktop/All_Files/ALL_TTS/DIS_Vector_Embedding_Integration/Data/Malayalam_Female/wav/07_F_set_13_108.wav	Malayalam_Female	സഭ നിയമ നടപടിക്കൊരുങ്ങുന്നു
/home/vijay/Desktop/All_Files/ALL_TTS/DIS_Vector_Embedding_Integration/Data/Malayalam_Female/wav/07_F_set_27_118.wav	Malayalam_Female	പുളിങ്കുന്നിലെ വിദ്യാര്‍ഥിയാണു സന്തോഷ്
/home/vijay/Desktop/All_Files/ALL_TTS/DIS_Vector_Embedding_Integration/Data/Malayalam_Female/wav/07_F_set_04_182.wav	Malayalam_Female	പ്രബന്ധം വിലയിരുത്താന്‍ അയച്ചു കൊടുത്തിട്ടുണ്ട്
/home/vijay/Desktop/All_Files/ALL_TTS/DIS_Vector_Embedding_Integration/Data/Malayalam_Female/wav/07_F_set_13_099.wav	Malayalam_Female	സമീപം കാവലില്ലാത്ത ലെവെല്‍ ക്രോസ്സില്‍ തീവണ്ടി തട്ടി ഒരാള്‍ മരിച്ചു
/home/vijay/Desktop/All_Files/ALL_TTS/DIS_Vector_Embedding_Integration/Data/Malayalam_Female/wav/07_F_set_23_036.wav	Malayalam_Female	ഒരൊറ്റ ചരിത്രമോ സ്വതന്ത്രമായ ഒരു നിലനില്‍‌പോ ഇല്ലെന്ന് കാണാം
/home/vijay/Desktop/All_Files/ALL_TTS/DIS_Vector_Embedding_Integration/Data/Malayalam_Female/wav/07_F_set_13_047.wav	Malayalam_Female	സ്ഥാന ചലന ഭീഷണി നേരിടുമ്പോള്‍ ആദ്യ വട്ടം തന്നെ അടിച്ചമര്‍ത്തി അടിത്തറ ഭദ്രമാക്കി
/home/vijay/Desktop/All_Files/ALL_TTS/DIS_Vector_Embedding_Integration/Data/Malayalam_Female/wav/07_F_set_04_173.wav	Malayalam_Female	പ്രമുഖ നിര്‍മാതാക്കള്‍ വിദേശ സ്ഥാപനം കൂടി ഏറ്റെടുക്കാന്‍ ഒരുങ്ങുന്നു
/home/vijay/Desktop/All_Files/ALL_TTS/DIS_Vector_Embedding_Integration/Data/Malayalam_Female/wav/07_F_set_24_292.wav	Malayalam_Female	സാക്ഷയടഞ്ഞ വാതിലിനിരികില്‍ നിറംമങ്ങിയ തൂക്ക്‌വിളക്ക്
/home/vijay/Desktop/All_Files/ALL_TTS/DIS_Vector_Embedding_Integration/Data/Malayalam_Female/wav/07_F_set_27_123.wav	Malayalam_Female	വിലക്കയറ്റം സംബന്ധിച്ച്‌ ഇന്ന്‌ നിയമസഭയില്‍ പ്രതിപക്ഷം അടിയന്തിരപ്രമേയത്തിന്‌ നോട്ടീസ്‌ നല്‍കിയാല്‍ ചര്‍ച്ചയ്‌ക്ക് തയാറാകും
/home/vijay/Desktop/All_Files/ALL_TTS/DIS_Vector_Embedding_Integration/Data/Malayalam_Female/wav/07_F_set_26_042.wav	Malayalam_Female	എല്ലവരോടും ധിക്കാരത്തോടും കരുണയില്ലതെയും പെരുമാറുന്നതാണ് വീരകേതുവിന്റ സ്വഭാവം
/home/vijay/Desktop/All_Files/ALL_TTS/DIS_Vector_Embedding_Integration/Data/Malayalam_Female/wav/07_F_set_13_161.wav	Malayalam_Female	വൈദിക വനിതകള്‍ക്ക് പ്രവേശനം വേണമെന്ന് സമാജം
/home/vijay/Desktop/All_Files/ALL_TTS/DIS_Vector_Embedding_Integration/Data/Malayalam_Female/wav/07_F_set_11_085.wav	Malayalam_Female	ആണവ പരിപാടി പിന്തിരിപ്പിക്കാനും അവരെ ചര്‍ച്ചകളിലേക്ക് തിരികെ കൊണ്ടുവരാനും പ്രമേയം സഹായിക്കുമെന്ന് അഭിപ്രായപ്പെട്ടു
/home/vijay/Desktop/All_Files/ALL_TTS/DIS_Vector_Embedding_Integration/Data/Malayalam_Female/wav/07_F_set_25_073.wav	Malayalam_Female	കുറച്ചു കഴിഞ്ഞില്ല, അതാ മറ്റൊരു മുയല്‍ക്കുഞ്ഞ് കരഞ്ഞുകൊണ്ട് അരുവിയിലൂടെ ഒഴുകിപ്പോകുന്നു ഇത്തവണ എടുത്തു ചാടിയത് പുലിയാണ്
/home/vijay/Desktop/All_Files/ALL_TTS/DIS_Vector_Embedding_Integration/Data/Malayalam_Female/wav/07_F_set_13_176.wav	Malayalam_Female	വീട്ടുകാരുമായി ബന്ധപ്പെട്ടതിനു ശേഷം കുട്ടിയെ തിരിച്ച് നാട്ടിലെത്തിക്കുമെന്ന് അറിയിച്ചു
/home/vijay/Desktop/All_Files/ALL_TTS/DIS_Vector_Embedding_Integration/Data/Malayalam_Female/wav/07_F_set_05_089.wav	Malayalam_Female	പിറന്നു വീഴുന്നതുമുതല്‍ രണ്ടു വയസ്സുവരെ ഉപയോഗിക്കുന്ന വസ്ത്രങ്ങളുടെ വിതരണക്കാരാണ് കട വാങ്ങിച്ചത്
/home/vijay/Desktop/All_Files/ALL_TTS/DIS_Vector_Embedding_Integration/Data/Malayalam_Female/wav/07_F_set_27_078.wav	Malayalam_Female	ഇപ്പോഴിതാ ലോകത്തിലെ ഏറ്റവും വേഗതയേറിയ സൂപ്പര്‍ കമ്പ്യൂട്ടര്‍ വികസിപ്പിച്ചെടുക്കാനുള്ള നീക്കത്തില്‍ ആണ് നമ്മുടെ രാജ്യം
/home/vijay/Desktop/All_Files/ALL_TTS/DIS_Vector_Embedding_Integration/Data/Malayalam_Female/wav/07_F_set_24_218.wav	Malayalam_Female	പൊന്നിന്‍ കുന്നിന്‍ മുകളില്‍ കയറിയ കുട്ടികളെ ഉറങ്ങാന്‍ നേരത്ത് അച്ഛനുമമ്മേം അന്വേഷിച്ചു
/home/vijay/Desktop/All_Files/ALL_TTS/DIS_Vector_Embedding_Integration/Data/Malayalam_Female/wav/07_F_set_17_064.wav	Malayalam_Female	ജയിലില്‍ ഉപയോഗിച്ച പുസ്തകങ്ങള്‍ എന്നിവ കണ്ണട വസ്ത്രങ്ങള്‍ എന്നിവ വിട്ടുതരണം എന്നാണ് ബന്ധുക്കള്‍ ആവശ്യപ്പെട്ടിരിക്കുന്നത്
/home/vijay/Desktop/All_Files/ALL_TTS/DIS_Vector_Embedding_Integration/Data/Malayalam_Female/wav/07_F_set_25_065.wav	Malayalam_Female	കുഞ്ഞിക്കുരങ്ങന് അതു വലിയ ഇഷ്ടമായിരുന്നു
/home/vijay/Desktop/All_Files/ALL_TTS/DIS_Vector_Embedding_Integration/Data/Malayalam_Female/wav/07_F_set_13_005.wav	Malayalam_Female	ഹിന്ദുമത പരിഷത്തിനു തുടക്കമായി
/home/vijay/Desktop/All_Files/ALL_TTS/DIS_Vector_Embedding_Integration/Data/Malayalam_Female/wav/07_F_set_10_107.wav	Malayalam_Female	ഇരുപത്തിമൂന്നിന് അര്‍ദ്ധ രാത്രി വരെ നിരോധനാജ്ഞ പുറപ്പെടുവിച്ചിട്ടുണ്ട്
/home/vijay/Desktop/All_Files/ALL_TTS/DIS_Vector_Embedding_Integration/Data/Malayalam_Female/wav/07_F_set_09_136.wav	Malayalam_Female	ഏറെ നാളുകളായി അഭ്യൂഹങ്ങളില്‍ ഒതുങ്ങി നിന്ന വിവാഹ വാര്‍ത്ത തന്നെയാണ് ഔദ്യോഗികമായി പ്രഖ്യാപിച്ചത്
/home/vijay/Desktop/All_Files/ALL_TTS/DIS_Vector_Embedding_Integration/Data/Malayalam_Female/wav/07_F_set_25_074.wav	Malayalam_Female	കുറേ കഴിഞ്ഞപ്പോഴേക്കും ആളുകളുടെ നിലവിളിയും ബഹളവും കേട്ടുതുടങ്ങി
/home/vijay/Desktop/All_Files/ALL_TTS/DIS_Vector_Embedding_Integration/Data/Malayalam_Female/wav/07_F_set_12_129.wav	Malayalam_Female	അതിനാലാണ് മുന്‍പ് വിദേശത്തു പിടിക്കപ്പെട്ടത്
/home/vijay/Desktop/All_Files/ALL_TTS/DIS_Vector_Embedding_Integration/Data/Malayalam_Female/wav/07_F_set_11_094.wav	Malayalam_Female	ആക്ഷേപിച്ച സഹ മല്‍സരാര്‍ത്ഥികളെ ഭീഷണിപ്പെടുത്തുന്ന രണ്ട് കുട്ടികളെ കിട്ടി
/home/vijay/Desktop/All_Files/ALL_TTS/DIS_Vector_Embedding_Integration/Data/Malayalam_Female/wav/07_F_set_26_096.wav	Malayalam_Female	പക്ഷേ അന്നത്തെ ദിവസം അവര്‍ക്ക് ഒന്നും തിന്നാന്‍ കിട്ടിയില്ല
/home/vijay/Desktop/All_Files/ALL_TTS/DIS_Vector_Embedding_Integration/Data/Malayalam_Female/wav/07_F_set_11_083.wav	Malayalam_Female	ആണ്ടിന്റെ കര്‍ഷകനുള്ള പാരിതോഷികം പ്രഖ്യാപിച്ചു
/home/vijay/Desktop/All_Files/ALL_TTS/DIS_Vector_Embedding_Integration/Data/Malayalam_Female/wav/07_F_set_09_050.wav	Malayalam_Female	കര്‍ഷകരുടെ ആത്മഹത്യയെ കുറിച്ച് സംവദിക്കാനാണ് ചട്ടം എണ്‍പത്തിയൊന്‍പത് പ്രകാരം പ്രതിപക്ഷ നായകന്‍ അനുമതി തേടിയത്
/home/vijay/Desktop/All_Files/ALL_TTS/DIS_Vector_Embedding_Integration/Data/Malayalam_Female/wav/07_F_set_12_008.wav	Malayalam_Female	അന്യഭാഷക്കാരായ ആദിവാസികളെ നാം മലയാളം പഠിപ്പിക്കാന്‍ നടന്നു
/home/vijay/Desktop/All_Files/ALL_TTS/DIS_Vector_Embedding_Integration/Data/Malayalam_Female/wav/07_F_set_11_159.wav	Malayalam_Female	അരങ്ങേറ്റം കഴിഞ്ഞതിന്‍റെ പിന്നത്തെ ആഴ്ച്ച തന്നെയാണ് മുപ്പതോളം ടേപ്പുകള്‍ വിറ്റഴിച്ചത്
/home/vijay/Desktop/All_Files/ALL_TTS/DIS_Vector_Embedding_Integration/Data/Malayalam_Female/wav/07_F_set_23_171.wav	Malayalam_Female	പലരേം കണ്ടശേഷം മറ്റെന്തൊ ആലോച്ചിച്ചു നിന്നപ്പോളാണ് മൂളല്‍ ശബ്‌ദം പുറപ്പെടുവിക്കുന്നത് വന്‍‌തേനീച്ച ആണെന്ന് മനസ്സിലാക്കിയത്
/home/vijay/Desktop/All_Files/ALL_TTS/DIS_Vector_Embedding_Integration/Data/Malayalam_Female/wav/07_F_set_06_195.wav	Malayalam_Female	ധിക്കാരപരമായ പെരുമാറ്റത്തിലൂടെ മാന്യതയാണ് നശിപ്പിച്ചതെന്നായിരുന്നു ഇതിനെക്കുറിച്ചു ഓര്‍ത്ത് പ്രതികരിച്ചത്
/home/vijay/Desktop/All_Files/ALL_TTS/DIS_Vector_Embedding_Integration/Data/Malayalam_Female/wav/07_F_set_06_114.wav	Malayalam_Female	നിത്യോപയോഗത്തിന് വെള്ളമില്ല നാട്ടില്‍
/home/vijay/Desktop/All_Files/ALL_TTS/DIS_Vector_Embedding_Integration/Data/Malayalam_Female/wav/07_F_set_12_177.wav	Malayalam_Female	അച്ചടക്ക ലംഘനത്തിന്‍റെ പേരില്‍ മാത്രമേ താക്കീത് ചെയ്തുള്ളൂ എന്നു മാത്രമാണു അരുളി ചെയ്തത്
/home/vijay/Desktop/All_Files/ALL_TTS/DIS_Vector_Embedding_Integration/Data/Malayalam_Female/wav/07_F_set_06_072.wav	Malayalam_Female	നുഴഞ്ഞു കയറ്റങ്ങള്‍ക്കെതിരെ നടപടിയെടുക്കേണ്ട ഉത്തരവാദിത്തമുള്ള അധികാരി അവധിയില്‍പോയി
/home/vijay/Desktop/All_Files/ALL_TTS/DIS_Vector_Embedding_Integration/Data/Malayalam_Female/wav/07_F_set_23_217.wav	Malayalam_Female	മാവേലിയായി കാല്‍നൂറ്റാണ്ടിന്റെ തിളക്കത്തില്‍
/home/vijay/Desktop/All_Files/ALL_TTS/DIS_Vector_Embedding_Integration/Data/Malayalam_Female/wav/07_F_set_04_030.wav	Malayalam_Female	മന്ത്രിയുമായി അഭിപ്രായ ഭിന്നതയില്ല
/home/vijay/Desktop/All_Files/ALL_TTS/DIS_Vector_Embedding_Integration/Data/Malayalam_Female/wav/07_F_set_25_066.wav	Malayalam_Female	കുരങ്ങുരാജാവിനും ഭാര്യക്കും ഒരേയൊരു മകനേയുള്ളൂ
/home/vijay/Desktop/All_Files/ALL_TTS/DIS_Vector_Embedding_Integration/Data/Malayalam_Female/wav/07_F_set_11_087.wav	Malayalam_Female	ആണവ നിര്‍വ്യാപന കരാറില്‍ നിന്നും പിന്മാറാന്‍ ഉദ്ദേശിച്ചുള്ളതല്ലെന്ന് വ്യക്തമാക്കി
/home/vijay/Desktop/All_Files/ALL_TTS/DIS_Vector_Embedding_Integration/Data/Malayalam_Female/wav/07_F_set_12_108.wav	Malayalam_Female	അതിര്‍ത്തിയില്‍ നടക്കുന്ന പതാക താഴ്ത്തല്‍ ചടങ്ങിന്‍റെ ഭാഗമായി അതിര്‍ത്തിസേന നടത്തുന്ന പ്രകടനങ്ങളില്‍ മാറ്റം വരുത്തില്ലെന്ന് വ്യക്തമാക്കി
/home/vijay/Desktop/All_Files/ALL_TTS/DIS_Vector_Embedding_Integration/Data/Malayalam_Female/wav/07_F_set_17_068.wav	Malayalam_Female	ജന പ്രതിനിധികളും ഇതില്‍ സംബന്ധിക്കും
/home/vijay/Desktop/All_Files/ALL_TTS/DIS_Vector_Embedding_Integration/Data/Malayalam_Female/wav/07_F_set_05_081.wav	Malayalam_Female	പുതിയ പതിപ്പ് പുറത്തിറക്കുന്നതിനോട് അനുബന്ധിച്ചു നടന്ന പത്രസമ്മേളനത്തില്‍ സംസാരിക്കുകയായിരുന്നു
/home/vijay/Desktop/All_Files/ALL_TTS/DIS_Vector_Embedding_Integration/Data/Malayalam_Female/wav/07_F_set_27_041.wav	Malayalam_Female	പരേതയായ മോളിയുടെ ഭര്‍ത്താവും മുതിര്‍ന്ന നേതാവുമായ ജോളി നിര്യാതനായി
/home/vijay/Desktop/All_Files/ALL_TTS/DIS_Vector_Embedding_Integration/Data/Malayalam_Female/wav/07_F_set_25_168.wav	Malayalam_Female	കണ്ണന് ഇത്തിരി പേടിയൊക്കെ തോന്നിയെങ്കിലും അവന്‍ ധൈര്യം കൈവിട്ടില്ല
/home/vijay/Desktop/All_Files/ALL_TTS/DIS_Vector_Embedding_Integration/Data/Malayalam_Female/wav/07_F_set_10_140.wav	Malayalam_Female	ഇത്തവണ നായകനായി രണ്ടാമതെത്തിയ നടനാണ് പുരസ്കാരം
/home/vijay/Desktop/All_Files/ALL_TTS/DIS_Vector_Embedding_Integration/Data/Malayalam_Female/wav/07_F_set_27_008.wav	Malayalam_Female	സംയുക്തമായി ഇന്ത്യയിലുടനീളം നടത്തിവരുന്ന സമ്മേളനം ഇരുപത്തിയെട്ടിന് രാവിലെ പത്തിന് സമാപിയ്ക്കും
/home/vijay/Desktop/All_Files/ALL_TTS/DIS_Vector_Embedding_Integration/Data/Malayalam_Female/wav/07_F_set_13_155.wav	Malayalam_Female	വ്യാജമദ്യ നിര്‍മാണ കേന്ദ്രം പിടിക്കുന്നതിനിടയില്‍ ഓടി രക്ഷപെട്ട നേതാവിന് വേണ്ടി അന്വേഷണം ഊര്‍ജിതമാക്കിയിട്ടുണ്ട്
/home/vijay/Desktop/All_Files/ALL_TTS/DIS_Vector_Embedding_Integration/Data/Malayalam_Female/wav/07_F_set_24_099.wav	Malayalam_Female	കടല്‍‌ച്ചൊരുക്ക് ചിലര്‍‌ക്കൊക്കെ ഉണ്ടാവും
/home/vijay/Desktop/All_Files/ALL_TTS/DIS_Vector_Embedding_Integration/Data/Malayalam_Female/wav/07_F_set_13_178.wav	Malayalam_Female	വീട്ടിലിരുന്നാലും പുലര്‍ച്ചെ എഴുന്നേറ്റു ജോലിചെയ്യുകയാണു പതിവ്
/home/vijay/Desktop/All_Files/ALL_TTS/DIS_Vector_Embedding_Integration/Data/Malayalam_Female/wav/07_F_set_24_295.wav	Malayalam_Female	സിംഹത്തിന്റെ അടുക്കല്‍ മാന്‍‌പേട എന്ന പോലെ
/home/vijay/Desktop/All_Files/ALL_TTS/DIS_Vector_Embedding_Integration/Data/Malayalam_Female/wav/07_F_set_06_080.wav	Malayalam_Female	നിഷ്പ്രഭമാക്കുന്നതായിരിക്കും ചടങ്ങെന്ന് അവര്‍ പറയുന്നു
/home/vijay/Desktop/All_Files/ALL_TTS/DIS_Vector_Embedding_Integration/Data/Malayalam_Female/wav/07_F_set_23_081.wav	Malayalam_Female	കൂടിയ ആചാരാനുഷ്ടാനങ്ങള്‍ പിന്തുടരുന്ന ആദിവാസി സമൂഹമാണ് മണ്ണാന്‍
/home/vijay/Desktop/All_Files/ALL_TTS/DIS_Vector_Embedding_Integration/Data/Malayalam_Female/wav/07_F_set_17_157.wav	Malayalam_Female	കൊലയുടെ മേല്‍ കണ്ണുണ്ടാവുമെന്ന് ഉറപ്പ്
/home/vijay/Desktop/All_Files/ALL_TTS/DIS_Vector_Embedding_Integration/Data/Malayalam_Female/wav/07_F_set_05_085.wav	Malayalam_Female	പുതിയതായി നിയമിച്ചപ്പോള്‍ ഉണ്ടായ രാജി നീക്കത്തിനു താത്കാലിക പരിഹാരം തേടാനാണു സര്‍ക്കാരിന്‍റെ ആലോചന
/home/vijay/Desktop/All_Files/ALL_TTS/DIS_Vector_Embedding_Integration/Data/Malayalam_Female/wav/07_F_set_05_129.wav	Malayalam_Female	പശ്ചിമ ഉദ്യോഗസ്ഥ സൈനികന്‍ വിചാരണ നേരിടുന്നവരെ രക്ഷിക്കാന്‍ കോഴ വാങ്ങിയതിനാണ് കുടുങ്ങിയത്
/home/vijay/Desktop/All_Files/ALL_TTS/DIS_Vector_Embedding_Integration/Data/Malayalam_Female/wav/07_F_set_06_040.wav	Malayalam_Female	പടിഞ്ഞാറന്‍ പ്രവിശ്യയില്‍ വെച്ച അണ്വായുധം പൊട്ടി കാവല്‍ നിന്നിരുന്ന ഭടന്‍ കൊല്ലപ്പെട്ടു
/home/vijay/Desktop/All_Files/ALL_TTS/DIS_Vector_Embedding_Integration/Data/Malayalam_Female/wav/07_F_set_23_031.wav	Malayalam_Female	ഒരു അന്യപുരുഷന്‍ അപ്പൊ അത് ഒരു ജാരസംസര്‍ഗം
/home/vijay/Desktop/All_Files/ALL_TTS/DIS_Vector_Embedding_Integration/Data/Malayalam_Female/wav/07_F_set_09_146.wav	Malayalam_Female	എഴൂന്നൂറില്‍ പരം കുടംബ യോഗങ്ങള്‍ സംഘടിപ്പിച്ച നാട്ടിലുള്ളവര്‍ക്കു പുറമേ കൃഷി ചെയ്യുന്നവരേയും എത്തിക്കാന്‍ ശ്രദ്ധിച്ചു
/home/vijay/Desktop/All_Files/ALL_TTS/DIS_Vector_Embedding_Integration/Data/Malayalam_Female/wav/07_F_set_24_277.wav	Malayalam_Female	വെണ്‍‌തേക്ക് ആഞ്ഞിലി മരുതി വേങ്ങാ തുടങ്ങിയ വളരെ വിലപിടിപ്പുള്ള മരങ്ങള്‍ ഈ വനത്തിന്റെ താഴ്ഭാഗം അലങ്കരിക്കുന്നു
/home/vijay/Desktop/All_Files/ALL_TTS/DIS_Vector_Embedding_Integration/Data/Malayalam_Female/wav/07_F_set_23_221.wav	Malayalam_Female	മൂക്കിന്‍റെ തുമ്പത്തെ ശുണ്ഠി മാറ്റാന്‍ അയാള്‍ മൂക്കറ്റം മുറിച്ചു നീക്കിയത്രെ
/home/vijay/Desktop/All_Files/ALL_TTS/DIS_Vector_Embedding_Integration/Data/Malayalam_Female/wav/07_F_set_11_021.wav	Malayalam_Female	ആറായിരത്തി അഞ്ഞൂറ്റി പതിനഞ്ചാം വണ്ടിയും അതേ വഴിക്ക് മറ്റൊരു വണ്ടിയും ഓടുന്നതായും പുസ്തകത്തിലുണ്ട്
/home/vijay/Desktop/All_Files/ALL_TTS/DIS_Vector_Embedding_Integration/Data/Malayalam_Female/wav/07_F_set_22_050.wav	Malayalam_Female	ഭൂപരിഷ്കരണം സാധ്യമാക്കാനും അക്രമരഹിത സാമൂഹ്യ പരിവര്‍ത്തനത്തിനും വേണ്ടി സര്‍വോദയ സംഘംഎന്ന ഒരു സംഘടനയ്ക്ക് അദ്ദേഹം രൂപം നല്‍കി
/home/vijay/Desktop/All_Files/ALL_TTS/DIS_Vector_Embedding_Integration/Data/Malayalam_Female/wav/07_F_set_23_230.wav	Malayalam_Female	രണ്ടുമാസത്തിലധികമായി ആയുര്‍‌വേദ ചികിത്സ തുടരുന്നു
/home/vijay/Desktop/All_Files/ALL_TTS/DIS_Vector_Embedding_Integration/Data/Malayalam_Female/wav/07_F_set_07_046.wav	Malayalam_Female	തൊണ്ണൂറ്റിരണ്ട് തൊണ്ണൂറ്റിമൂന്നിലെ പര്യടനത്തിനിടെ മദ്യം കൈവശം വെച്ചതിന് പിടിച്ചിരുന്നു
/home/vijay/Desktop/All_Files/ALL_TTS/DIS_Vector_Embedding_Integration/Data/Malayalam_Female/wav/07_F_set_03_132.wav	Malayalam_Female	മുസ്ലിം യുവനേതാക്കളാണ് മരിച്ചത്
/home/vijay/Desktop/All_Files/ALL_TTS/DIS_Vector_Embedding_Integration/Data/Malayalam_Female/wav/07_F_set_23_121.wav	Malayalam_Female	തലയില്‍ കൈവച്ചനുഗ്രഹിച്ചു ഭിക്ഷു മറഞ്ഞു
/home/vijay/Desktop/All_Files/ALL_TTS/DIS_Vector_Embedding_Integration/Data/Malayalam_Female/wav/07_F_set_16_189.wav	Malayalam_Female	തൊണ്ണൂറ്റിമൂന്നിലെ സ്ഫോടന പരനമ്പരക്കേസിലെ പ്രതി ഇപ്പോള്‍ ജീവപര്യന്തത്തിലാണ്
/home/vijay/Desktop/All_Files/ALL_TTS/DIS_Vector_Embedding_Integration/Data/Malayalam_Female/wav/07_F_set_23_091.wav	Malayalam_Female	ഗണ്യമായ വിഹിതം ജീവകാരുണ്യ പ്രവര്‍ത്തനങ്ങള്‍ക്കായി നീക്കിവയ്ക്കുന്നു ഈ അരോഗദൃഢഗാത്രര്‍
/home/vijay/Desktop/All_Files/ALL_TTS/DIS_Vector_Embedding_Integration/Data/Malayalam_Female/wav/07_F_set_11_010.wav	Malayalam_Female	ആഴ്ചകളോളം മനോഹരമായ ഏകാന്തതയില്‍ കഴിയാനായി കാലം പിന്‍വാങ്ങിയെത്തുന്നതായി സങ്കല്‍പിക്കാവുന്ന തരത്തിലുള്ള സ്ഥലമാണ് സൂര്യസമുദ്ര
/home/vijay/Desktop/All_Files/ALL_TTS/DIS_Vector_Embedding_Integration/Data/Malayalam_Female/wav/07_F_set_13_117.wav	Malayalam_Female	സംസ്ഥാന വ്യവസായ വികസന ധാരണയിലെത്തിയതാണ് മറ്റൊരു നാഴികക്കല്ല്
/home/vijay/Desktop/All_Files/ALL_TTS/DIS_Vector_Embedding_Integration/Data/Malayalam_Female/wav/07_F_set_04_082.wav	Malayalam_Female	ഭീഷണിയെ പുച്ഛിച്ചു തള്ളിയാണ് ജനത അധികാരത്തിലെത്തിയത്
/home/vijay/Desktop/All_Files/ALL_TTS/DIS_Vector_Embedding_Integration/Data/Malayalam_Female/wav/07_F_set_08_057.wav	Malayalam_Female	ചായക്കടയില്‍ വച്ചാണ് പരിചയപ്പെടുന്നത്
/home/vijay/Desktop/All_Files/ALL_TTS/DIS_Vector_Embedding_Integration/Data/Malayalam_Female/wav/07_F_set_27_138.wav	Malayalam_Female	പരിചയ സമ്പത്തില്‍ വിശ്വാസമര്‍പ്പിച്ചപ്പോള്‍ നിരാശനായത് കിട്ടിയ അവസരങ്ങളെല്ലാം പ്രയോജനപ്പെടുത്തിയ അരവിന്ദാണ്
/home/vijay/Desktop/All_Files/ALL_TTS/DIS_Vector_Embedding_Integration/Data/Malayalam_Female/wav/07_F_set_13_151.wav	Malayalam_Female	ശതാബ്ദിവര്‍ഷത്തിലെ സ്ഥിതിവിവരക്കണക്കുകള്‍ അടങ്ങിയ പുസ്തകം പുറത്തിറക്കി
/home/vijay/Desktop/All_Files/ALL_TTS/DIS_Vector_Embedding_Integration/Data/Malayalam_Female/wav/07_F_set_26_018.wav	Malayalam_Female	ഇതു കണ്ട് അവിടെയെത്തിയ പൂവാലിപ്പശുവിനും ചിരിപൊട്ടി
/home/vijay/Desktop/All_Files/ALL_TTS/DIS_Vector_Embedding_Integration/Data/Malayalam_Female/wav/07_F_set_18_035.wav	Malayalam_Female	കയ്പു നിറഞ്ഞ അനുഭവമാണുണ്ടാവുകയെന്ന് തെരഞ്ഞെടുപ്പ് വേളയിലേ താന്‍ വ്യക്തമാക്കിയിരുന്നതാണ്
/home/vijay/Desktop/All_Files/ALL_TTS/DIS_Vector_Embedding_Integration/Data/Malayalam_Female/wav/07_F_set_23_179.wav	Malayalam_Female	പിന്മൊഴികള്‍ സ്വരൂക്കൂട്ടി വയ്ക്കുക
/home/vijay/Desktop/All_Files/ALL_TTS/DIS_Vector_Embedding_Integration/Data/Malayalam_Female/wav/07_F_set_27_114.wav	Malayalam_Female	ഏന്തയാര്‍ കൊട്ടാരം നടത്തിപ്പുകാരന്റെ ഭാര്യാസഹോദരി ഓമനയാണത്
/home/vijay/Desktop/All_Files/ALL_TTS/DIS_Vector_Embedding_Integration/Data/Malayalam_Female/wav/07_F_set_18_168.wav	Malayalam_Female	ഉത്സവഭാഗമായി മികച്ച വാദ്യകലാകാരന്മാരെ തിരഞ്ഞെടുത്തു
/home/vijay/Desktop/All_Files/ALL_TTS/DIS_Vector_Embedding_Integration/Data/Malayalam_Female/wav/07_F_set_05_174.wav	Malayalam_Female	പന്ത് കൈകൊണ്ട് തട്ടിയതിനായിരുന്നു പുറത്താക്കപ്പെട്ടത്
/home/vijay/Desktop/All_Files/ALL_TTS/DIS_Vector_Embedding_Integration/Data/Malayalam_Female/wav/07_F_set_26_039.wav	Malayalam_Female	എന്‍റെ ആവശ്യങ്ങള്‍ ചോദിക്കാതെ തന്നെ മനസ്സിലാക്കി പല സഹായങ്ങളും ചെയ്തു
/home/vijay/Desktop/All_Files/ALL_TTS/DIS_Vector_Embedding_Integration/Data/Malayalam_Female/wav/07_F_set_10_199.wav	Malayalam_Female	ആസ്ഥാനമായി പ്രവര്‍ത്തിക്കുന്ന ഭാഗമാണ് ലോകപ്രശസ്തമായ സംഘടന
/home/vijay/Desktop/All_Files/ALL_TTS/DIS_Vector_Embedding_Integration/Data/Malayalam_Female/wav/07_F_set_08_047.wav	Malayalam_Female	ചിറകൊടിഞ്ഞിട്ടും ക്രോധം കെട്ടടങ്ങാതെ ആഞ്ഞ് കൊത്തി നശിപ്പിച്ചു
/home/vijay/Desktop/All_Files/ALL_TTS/DIS_Vector_Embedding_Integration/Data/Malayalam_Female/wav/07_F_set_06_110.wav	Malayalam_Female	നിയമം സ്വീകാര്യമല്ലെന്നും രാജ്യത്തിന്‍റെ അടിസ്ഥാന താത്പര്യങ്ങള്‍ക്ക് എതിരാണെന്നും നേതാവ് ചര്‍ച്ചയില്‍ ചൂണ്ടിക്കാട്ടി
/home/vijay/Desktop/All_Files/ALL_TTS/DIS_Vector_Embedding_Integration/Data/Malayalam_Female/wav/07_F_set_09_021.wav	Malayalam_Female	കഴിഞ്ഞ വ്യാഴാഴ്ച ഉണ്ടായ തീപിടിത്തത്തില്‍ മരിച്ച മലയാളിയടക്കം നാലു പേരുടെ ആശ്രിതര്‍ക്ക് പന്ത്രണ്ട് വര്‍ഷത്തെ ശമ്പളത്തിനു തുല്യമായ സംഖ്യ നഷ്ട പരിഹാരം നല്‍കും
/home/vijay/Desktop/All_Files/ALL_TTS/DIS_Vector_Embedding_Integration/Data/Malayalam_Female/wav/07_F_set_24_293.wav	Malayalam_Female	സാന്ത്വനം ഭവനത്തിന്റെ താക്കോല്‍ദാനം ഇന്ന് വൈകുന്നേരം
/home/vijay/Desktop/All_Files/ALL_TTS/DIS_Vector_Embedding_Integration/Data/Malayalam_Female/wav/07_F_set_11_129.wav	Malayalam_Female	അളവുകോല്‍ ഉപയോഗിച്ചാണ് പങ്കിട്ടത്
/home/vijay/Desktop/All_Files/ALL_TTS/DIS_Vector_Embedding_Integration/Data/Malayalam_Female/wav/07_F_set_04_035.wav	Malayalam_Female	മനസ്സുകൊണ്ട് അടിമുടി ഞാനൊരു മലയാളിപ്പെണ്ണാണ്
/home/vijay/Desktop/All_Files/ALL_TTS/DIS_Vector_Embedding_Integration/Data/Malayalam_Female/wav/07_F_set_09_071.wav	Malayalam_Female	കണ്ടുപിടിച്ച അഞ്ച് രോഗങ്ങള്‍ വരാതിരിക്കാനുള്ള കാരണമായി ചികിത്സ കണ്ടുപിടിച്ചു
/home/vijay/Desktop/All_Files/ALL_TTS/DIS_Vector_Embedding_Integration/Data/Malayalam_Female/wav/07_F_set_19_041.wav	Malayalam_Female	ഇതേ തുടര്‍ന്ന് തിങ്കളാഴ്ച മകനെയും കൊണ്ട് ആശുപത്രിയില്‍ പോയിരിക്കുകയാണ്
/home/vijay/Desktop/All_Files/ALL_TTS/DIS_Vector_Embedding_Integration/Data/Malayalam_Female/wav/07_F_set_22_187.wav	Malayalam_Female	അത് കയിഞ്ഞ്ട്ട് ഇക്ക് തോന്ന്വാണെങ്കി നിക്കാഹ്
/home/vijay/Desktop/All_Files/ALL_TTS/DIS_Vector_Embedding_Integration/Data/Malayalam_Female/wav/07_F_set_18_170.wav	Malayalam_Female	ഉത്പാദിപ്പിക്കുമ്പോള്‍ ഉണ്ടാകുന്ന ഉപോത്പന്നമാണ് കളയുന്നത്
/home/vijay/Desktop/All_Files/ALL_TTS/DIS_Vector_Embedding_Integration/Data/Malayalam_Female/wav/07_F_set_04_188.wav	Malayalam_Female	പ്രധാനമന്ത്രി സ്ഥാനാര്‍ഥിയാവുമോ എന്ന ചോദ്യത്തില്‍നിന്ന് ഒഴിഞ്ഞുമാറി
/home/vijay/Desktop/All_Files/ALL_TTS/DIS_Vector_Embedding_Integration/Data/Malayalam_Female/wav/07_F_set_06_198.wav	Malayalam_Female	ധര്‍ണ്ണ കഴിഞ്ഞപ്പോള്‍ അന്‍പതിനായിരം കോടിയുടെ നിക്ഷേപം വരുമെന്നാണ് പ്രതീക്ഷിച്ചത്
/home/vijay/Desktop/All_Files/ALL_TTS/DIS_Vector_Embedding_Integration/Data/Malayalam_Female/wav/07_F_set_08_151.wav	Malayalam_Female	കെട്ടിട നിര്‍മാതാക്കളാണ് പറമ്പ് വാങ്ങുന്നത്
/home/vijay/Desktop/All_Files/ALL_TTS/DIS_Vector_Embedding_Integration/Data/Malayalam_Female/wav/07_F_set_18_030.wav	Malayalam_Female	കരിങ്കടലിലെ വിനോദസഞ്ചാരകേന്ദ്രത്തില്‍നിന്ന് പറന്ന വിമാനമാണ് തകര്‍ന്നത്
/home/vijay/Desktop/All_Files/ALL_TTS/DIS_Vector_Embedding_Integration/Data/Malayalam_Female/wav/07_F_set_06_075.wav	Malayalam_Female	നീന്തല്‍ താരങ്ങളെ പിന്തള്ളിയാണ് ഒന്നാമതെത്തിയത്
/home/vijay/Desktop/All_Files/ALL_TTS/DIS_Vector_Embedding_Integration/Data/Malayalam_Female/wav/07_F_set_02_007.wav	Malayalam_Female	ശിക്ഷയില്‍നിന്നു രക്ഷപ്പെട്ടവരെയും നിയമിച്ചു
/home/vijay/Desktop/All_Files/ALL_TTS/DIS_Vector_Embedding_Integration/Data/Malayalam_Female/wav/07_F_set_18_136.wav	Malayalam_Female	എത്രയോ തവണ പുറത്താക്കിയതാണ് ഇക്കാര്യത്തില്‍
/home/vijay/Desktop/All_Files/ALL_TTS/DIS_Vector_Embedding_Integration/Data/Malayalam_Female/wav/07_F_set_04_185.wav	Malayalam_Female	പ്രധാന പുസ്തകങ്ങള്‍ കടല്‍ച്ചുഴി നിഴല്‍ചിത്രം എന്നിവയാണ്
/home/vijay/Desktop/All_Files/ALL_TTS/DIS_Vector_Embedding_Integration/Data/Malayalam_Female/wav/07_F_set_13_153.wav	Malayalam_Female	വ്യാപിച്ചു കിടക്കുന്ന വിവിധ മേഖലകളിലെ സംരംഭങ്ങളെ ഒരു കുടക്കീഴില്‍ അണിനിരത്തുകയാണ് സംഗമത്തിന്‍റെ ലക്ഷ്യം
/home/vijay/Desktop/All_Files/ALL_TTS/DIS_Vector_Embedding_Integration/Data/Malayalam_Female/wav/07_F_set_12_170.wav	Malayalam_Female	അജ്ഞാതരായ തോക്കുധാരികള്‍ തെരഞ്ഞെടുപ്പ് ഉദ്യോഗസ്ഥരെ പിന്തുടര്‍ന്നു
/home/vijay/Desktop/All_Files/ALL_TTS/DIS_Vector_Embedding_Integration/Data/Malayalam_Female/wav/07_F_set_05_188.wav	Malayalam_Female	പത്രത്തിന് നല്‍കിയ അഭിമുഖത്തിലാണ് തന്‍റെ നിലപാട് വ്യക്തമാക്കിയത്
/home/vijay/Desktop/All_Files/ALL_TTS/DIS_Vector_Embedding_Integration/Data/Malayalam_Female/wav/07_F_set_11_167.wav	Malayalam_Female	അമിതചൂടുള്ള സ്ഥലങ്ങളില്‍ കല്ലേറുണ്ടായി
/home/vijay/Desktop/All_Files/ALL_TTS/DIS_Vector_Embedding_Integration/Data/Malayalam_Female/wav/07_F_set_14_120.wav	Malayalam_Female	രണ്ടാം വാരത്തില്‍ പതിനഞ്ച് അംഗങ്ങള്‍ ഉള്‍പ്പെട്ടിരിക്കുന്നു
/home/vijay/Desktop/All_Files/ALL_TTS/DIS_Vector_Embedding_Integration/Data/Malayalam_Female/wav/07_F_set_09_092.wav	Malayalam_Female	ഓണത്തിന് പൂക്കളങ്ങളും സദ്യയും ഒരുക്കുന്നുണ്ട്
/home/vijay/Desktop/All_Files/ALL_TTS/DIS_Vector_Embedding_Integration/Data/Malayalam_Female/wav/07_F_set_06_038.wav	Malayalam_Female	പടുകൂറ്റന്‍ സാമ്രാജ്യവും സൌധങ്ങളും പടുത്തുയര്‍ത്തിയിരുന്നു
/home/vijay/Desktop/All_Files/ALL_TTS/DIS_Vector_Embedding_Integration/Data/Malayalam_Female/wav/07_F_set_17_015.wav	Malayalam_Female	താന്‍ തുടരുന്നത് പുതിയ പരിശീലകന്റെ രീതികളോടുള്ള ആഭിമുഖ്യം മൂലമാണെന്ന് നായകന്‍
/home/vijay/Desktop/All_Files/ALL_TTS/DIS_Vector_Embedding_Integration/Data/Malayalam_Female/wav/07_F_set_17_146.wav	Malayalam_Female	ക്ഷേത്രം പുന:സ്ഥാപിക്കാന്‍ സംഘടന രംഗത്ത്
/home/vijay/Desktop/All_Files/ALL_TTS/DIS_Vector_Embedding_Integration/Data/Malayalam_Female/wav/07_F_set_09_123.wav	Malayalam_Female	ഐക്യസര്‍ക്കാര്‍ ഹമാസ് ഫത്ത ചര്‍ച്ച രണ്ടാം വട്ടവും അലസ്സി
/home/vijay/Desktop/All_Files/ALL_TTS/DIS_Vector_Embedding_Integration/Data/Malayalam_Female/wav/07_F_set_13_006.wav	Malayalam_Female	ഹിദായത്തുല്‍ ഇസ്ലാം വിദ്യാര്‍ഥിയാണ് കടന്നു പോയത്
/home/vijay/Desktop/All_Files/ALL_TTS/DIS_Vector_Embedding_Integration/Data/Malayalam_Female/wav/07_F_set_14_110.wav	Malayalam_Female	രണ്ടു വയസുള്ള കുഞ്ഞിന്റെ തലച്ചോറ് പ്രായപൂര്‍ത്തിയായ ഒരാളുടേതിനേക്കാള്‍ ഇരട്ടി ഊര്‍ജം ഉപയോഗിക്കുന്നുണ്ടത്രെ
/home/vijay/Desktop/All_Files/ALL_TTS/DIS_Vector_Embedding_Integration/Data/Malayalam_Female/wav/07_F_set_24_093.wav	Malayalam_Female	ഒരു കൂസലുമില്ലാതെ ഇരിക്കുന്ന തീച്ചാമുണ്ഡി തിറ
/home/vijay/Desktop/All_Files/ALL_TTS/DIS_Vector_Embedding_Integration/Data/Malayalam_Female/wav/07_F_set_13_046.wav	Malayalam_Female	സ്ഥാപക സ്മരണയ്ക്കായി പ്രഭാഷണം സംഘടിപ്പിച്ചത് നന്നായി
/home/vijay/Desktop/All_Files/ALL_TTS/DIS_Vector_Embedding_Integration/Data/Malayalam_Female/wav/07_F_set_24_169.wav	Malayalam_Female	ത്വക്ക്‌രോഗങ്ങള്‍ ബാധിച്ച ഭാഗങ്ങള്‍ എന്നിവ കഴുകാന്‍ ഉപയോഗിക്കാം
/home/vijay/Desktop/All_Files/ALL_TTS/DIS_Vector_Embedding_Integration/Data/Malayalam_Female/wav/07_F_set_05_130.wav	Malayalam_Female	പശ്ചിമാര്‍ധ ഗോളത്തില്‍ നമ്മുടേത് കഴിഞ്ഞാല്‍ ഏറ്റവും ദരിദ്ര രാജ്യമാണിത്
/home/vijay/Desktop/All_Files/ALL_TTS/DIS_Vector_Embedding_Integration/Data/Malayalam_Female/wav/07_F_set_07_185.wav	Malayalam_Female	ജില്ലയില്‍ വാഹനങ്ങളെ ലക്ഷ്യമാക്കിയ സ്‌ഫോടനത്തിലാണവര്‍ കൊല്ലപ്പെട്ടത്
/home/vijay/Desktop/All_Files/ALL_TTS/DIS_Vector_Embedding_Integration/Data/Malayalam_Female/wav/07_F_set_14_109.wav	Malayalam_Female	രണ്ടു വര്‍ഷം മുന്‍പ് ആ പേരു നല്‍കിയതു കണ്ടുപിടിച്ചു
/home/vijay/Desktop/All_Files/ALL_TTS/DIS_Vector_Embedding_Integration/Data/Malayalam_Female/wav/07_F_set_08_148.wav	Malayalam_Female	കേന്ദ്രമന്ത്രി അധ്യക്ഷത വഹിക്കുന്ന യോഗം സര്‍വകലാശാലാ മൈദാനത്തില്‍ ഉദ്ഘാടനം ചെയ്യും
/home/vijay/Desktop/All_Files/ALL_TTS/DIS_Vector_Embedding_Integration/Data/Malayalam_Female/wav/07_F_set_23_165.wav	Malayalam_Female	പത്താമത്തെ തവണയും വഴുതനങ്ങാ വിളമ്പിയപ്പോള്‍ രാജാവിന് ശുണ്ഠിയെടുത്തു
/home/vijay/Desktop/All_Files/ALL_TTS/DIS_Vector_Embedding_Integration/Data/Malayalam_Female/wav/07_F_set_18_087.wav	Malayalam_Female	ഏഴു ദശാബ്ദം നീണ്ട രാഷ്ട്രീയ ജീവിതത്തിനുടമയാണ്
/home/vijay/Desktop/All_Files/ALL_TTS/DIS_Vector_Embedding_Integration/Data/Malayalam_Female/wav/07_F_set_24_238.wav	Malayalam_Female	മഹാവിഷ്ണൂനോട് കേണു പ്രാര്‍ഥിച്ചു
/home/vijay/Desktop/All_Files/ALL_TTS/DIS_Vector_Embedding_Integration/Data/Malayalam_Female/wav/07_F_set_10_143.wav	Malayalam_Female	ഇത്തരമൊരു കേന്ദ്രം സ്ഥാപിക്കുന്നത് പെട്ടെന്നുള്ള ആക്രമണം നേരിടുന്നതിനാണെന്ന് സംശയിക്കുന്നു
/home/vijay/Desktop/All_Files/ALL_TTS/DIS_Vector_Embedding_Integration/Data/Malayalam_Female/wav/07_F_set_14_007.wav	Malayalam_Female	വിദേശികള്‍ ഉള്‍പ്പെട്ട കരാര്‍ പ്രകാരം കെട്ടിടവും ഭൂമിയും വാങ്ങി
/home/vijay/Desktop/All_Files/ALL_TTS/DIS_Vector_Embedding_Integration/Data/Malayalam_Female/wav/07_F_set_26_032.wav	Malayalam_Female	എന്നിട്ട്ഒരുവിധത്തില്‍‍ വേലാണ്ടിയെ രക്ഷിച്ചു
/home/vijay/Desktop/All_Files/ALL_TTS/DIS_Vector_Embedding_Integration/Data/Malayalam_Female/wav/07_F_set_10_053.wav	Malayalam_Female	ഉടന്‍ വിട്ടയയ്ക്കുകയും അദ്ദേഹത്തിനെതിരായ ആരോപണങ്ങള്‍ പിന്‍വലിക്കുകയും ചെയ്തില്ലെങ്കില്‍ പ്രക്ഷോഭം നടത്തുമെന്ന് അഖില ഭാരതീയ സന്ത് സമിതി
