/home/vijay/Desktop/All_Files/ALL_TTS/DIS_Vector_Embedding_Integration/Data/Marathi_Female/wav/mr_f_finance_01664.wav	Marathi_Female	एकदा तुम्ही कर्जाची मूळ रक्कम परत केल्यास तुम्हाला दोन किंवा अधिक हप्त्यांमध्ये कर्जाचे व्याज परत करावे लागेल.
/home/vijay/Desktop/All_Files/ALL_TTS/DIS_Vector_Embedding_Integration/Data/Marathi_Female/wav/mr_f_finance_02574.wav	Marathi_Female	ह्या दोघांना कुठल्याही चैनीची सवय नाही पण ह्या देवीचा नवस कर, त्या देवीचा नवस कर ह्यात मात्र पैसे घालवतात, अगदी कर्ज काढून.
/home/vijay/Desktop/All_Files/ALL_TTS/DIS_Vector_Embedding_Integration/Data/Marathi_Female/wav/mr_f_politics_01996.wav	Marathi_Female	अप्पर वर्धा धरणात अत्यल्प पाणीसाठा असून तिवसाप्रमाणे मोर्शी व वरुड मतदार संघाची भिस्त याच पाण्यावर असल्याचे त्यांनी म्हटले.
/home/vijay/Desktop/All_Files/ALL_TTS/DIS_Vector_Embedding_Integration/Data/Marathi_Female/wav/mr_f_education_02407.wav	Marathi_Female	लोकांवर इम्प्रेशन पडावे यासाठी तरुणांनी संभाषण कौशल्य आणि इंग्रजीचे क्लासेस लावले आहेत.
/home/vijay/Desktop/All_Files/ALL_TTS/DIS_Vector_Embedding_Integration/Data/Marathi_Female/wav/mr_f_other_02526.wav	Marathi_Female	सुखी संसाराची स्वप्ने बघण्यात रममाण असलेल्या प्रतीकला एक क्षण काय झालॆ ते कळलेच नाही.
/home/vijay/Desktop/All_Files/ALL_TTS/DIS_Vector_Embedding_Integration/Data/Marathi_Female/wav/mr_f_finance_01955.wav	Marathi_Female	त्यामुळे केंद्र व राज्य सरकारने अबकारी कर व मूल्यवर्धित करात कपात करावी, अशी मागणी तज्ज्ञांनी केली आहे.
/home/vijay/Desktop/All_Files/ALL_TTS/DIS_Vector_Embedding_Integration/Data/Marathi_Female/wav/mr_f_education_02625.wav	Marathi_Female	मी लागलीच अर्ज केला व कळवले की माधवनेही जीवशास्त्रात सैद्धान्तिक संशोधन केले आहे.
/home/vijay/Desktop/All_Files/ALL_TTS/DIS_Vector_Embedding_Integration/Data/Marathi_Female/wav/mr_f_finance_02589.wav	Marathi_Female	कंपनीने तिन्ही देशांत गुंतवणूक करण्याची योजना एकदमच आखली होती पण, दरम्यान चीनमधील प्रकल्प मार्गीही लागला.
/home/vijay/Desktop/All_Files/ALL_TTS/DIS_Vector_Embedding_Integration/Data/Marathi_Female/wav/mr_f_weather_02546.wav	Marathi_Female	या शक्तींची नावे महाकाली, उग्रतारा, भुवनेश्वरी, छिन्नमस्ता, भैरवी, धूमावती, बगलामुखी, मातंगी व कमला अशी आहेत.
/home/vijay/Desktop/All_Files/ALL_TTS/DIS_Vector_Embedding_Integration/Data/Marathi_Female/wav/mr_f_agri_02287.wav	Marathi_Female	त्यामुळे फ्रेश भाजीपाला व फळे विक्रीसाठी तळेगाव दाभाडे भाजी मार्केटमध्ये आणतात.
/home/vijay/Desktop/All_Files/ALL_TTS/DIS_Vector_Embedding_Integration/Data/Marathi_Female/wav/mr_f_weather_02877.wav	Marathi_Female	यानंतर पिटर हॅंडस्कब आणि ग्लेन मॅक्सवेल यांनी ऑस्ट्रेलियाची धावगती वाढवण्यास सुरुवात केली.
/home/vijay/Desktop/All_Files/ALL_TTS/DIS_Vector_Embedding_Integration/Data/Marathi_Female/wav/mr_f_agri_03479.wav	Marathi_Female	त्यामुळे जे कागद फायद्याचे नाहीत अशा वस्तू वेळीच पर्समधून काढून टाकाव्यात.
/home/vijay/Desktop/All_Files/ALL_TTS/DIS_Vector_Embedding_Integration/Data/Marathi_Female/wav/mr_f_weather_00769.wav	Marathi_Female	तिसऱ्या रविवारी सकाळी सुर्यकिरणे देवीच्या मुर्तीवर पडताच 'आई अंबे की जय, सप्तश्रृंगी माते की जय’ च्या जयघोषाने अवघा सप्तश्रृंगी गड निनादून गेला.
/home/vijay/Desktop/All_Files/ALL_TTS/DIS_Vector_Embedding_Integration/Data/Marathi_Female/wav/mr_f_weather_02949.wav	Marathi_Female	मात्र सलगपणे काही दिवस असे सहा तासापेक्षा कमी झोपणे हे आरोग्यासाठी फार  घातक असते.
/home/vijay/Desktop/All_Files/ALL_TTS/DIS_Vector_Embedding_Integration/Data/Marathi_Female/wav/mr_f_finance_03585.wav	Marathi_Female	गतवर्षी बोंडअळीने बाधीत झालेल्या कपाशी पिकाचे मोठे नुकसान झाले होते राज्य शासनाने त्याची दखल घेऊन त्यासाठी अनुदान मंजूर केले.
/home/vijay/Desktop/All_Files/ALL_TTS/DIS_Vector_Embedding_Integration/Data/Marathi_Female/wav/mr_f_politics_02612.wav	Marathi_Female	ब्रायन क्रॅन्स्टॉन, मॅट डेमन, मायकल फासबेंडर, एडी रेडमाइन अशा दिग्गज अभिनेत्यांशी त्याची स्पर्धा होती.
/home/vijay/Desktop/All_Files/ALL_TTS/DIS_Vector_Embedding_Integration/Data/Marathi_Female/wav/mr_f_books_02234.wav	Marathi_Female	या ठिकाणी नागरीकरण जास्त झालेले आढळते.
/home/vijay/Desktop/All_Files/ALL_TTS/DIS_Vector_Embedding_Integration/Data/Marathi_Female/wav/mr_f_agri_01979.wav	Marathi_Female	त्यात आठ ते दहा दिवसांवर येऊन ठेपलेल्या पेरणीसाठी बी बियाणे, खत खरेदीसाठी मोठ्या खर्चाच्या नियोजनाची चिंता शेतकऱ्यांना आहे.
/home/vijay/Desktop/All_Files/ALL_TTS/DIS_Vector_Embedding_Integration/Data/Marathi_Female/wav/mr_f_other_02641.wav	Marathi_Female	अवनीने आतापर्यंत किरण आणि हॉक जेट ट्रेनर्स अशी तुलनेनं हाताळायला सोपी विमानं चालवली आहेत.
/home/vijay/Desktop/All_Files/ALL_TTS/DIS_Vector_Embedding_Integration/Data/Marathi_Female/wav/mr_f_other_02436.wav	Marathi_Female	तृतीय पत्नी सुशीलाराणी पटेल हिला नायिका करून काढलेला सैरंध्री हा अतिखर्चिक, महत्त्वाकांक्षी चित्रपटही कोसळला.
/home/vijay/Desktop/All_Files/ALL_TTS/DIS_Vector_Embedding_Integration/Data/Marathi_Female/wav/mr_f_other_02479.wav	Marathi_Female	यामुळे किदाम्बी श्रीकांत व सिंधूच्या नेतृत्वाखाली खेळणाऱ्या भारतीय संघासमोर चांगली कामगिरी करण्याचे आव्हान असणार आहे.
/home/vijay/Desktop/All_Files/ALL_TTS/DIS_Vector_Embedding_Integration/Data/Marathi_Female/wav/mr_f_books_02322.wav	Marathi_Female	भारतीय कंपन्यांनी ब्राझीलमधील माहिती व तंत्रज्ञान, औषधोत्पादन, ऊर्जा, शेती व्यवसाय, खाणकाम, अभियांत्रिकी आणि वाहन क्षेत्रात गुंतवणूक केली आहे.
/home/vijay/Desktop/All_Files/ALL_TTS/DIS_Vector_Embedding_Integration/Data/Marathi_Female/wav/mr_f_other_01545.wav	Marathi_Female	धंद्यावर त्याचा होणारा परिणाम बघून त्या जवाहिऱ्याने ती मागणी मान्य केली.
/home/vijay/Desktop/All_Files/ALL_TTS/DIS_Vector_Embedding_Integration/Data/Marathi_Female/wav/mr_f_health_02849.wav	Marathi_Female	त्यामुळे मुंबईत डेंग्यू आणि मलेरियाची वारंवार निर्माण होणारी साथ आणि या आजारांचा वाढत जाणारा प्रादुर्भाव यांना आळा घालावा.
/home/vijay/Desktop/All_Files/ALL_TTS/DIS_Vector_Embedding_Integration/Data/Marathi_Female/wav/mr_f_other_02912.wav	Marathi_Female	सोशल मीडियामध्ये उतरत्या क्रमानुसार {११५}{एकशे पंधरा} पैकी अनुसूचित जाती आणि जमातींसाठी आरक्षित होणाऱ्या वॉर्डांची यादी सध्या फिरते आहे.
/home/vijay/Desktop/All_Files/ALL_TTS/DIS_Vector_Embedding_Integration/Data/Marathi_Female/wav/mr_f_general_03326.wav	Marathi_Female	पण जेव्हा चित्रपट गृहातुन बाहेर आलो तेव्हा विशालला एकच वाक्य बोललो "म्हातारीने आख्खा पिक्चर खाल्ला
/home/vijay/Desktop/All_Files/ALL_TTS/DIS_Vector_Embedding_Integration/Data/Marathi_Female/wav/mr_f_politics_02787.wav	Marathi_Female	पण राम शिंदे यांनी त्याजागेवर बंगला बांधताना चौंडी ते अरणगाव रस्त्याला केवळ {५}{पाच} मीटर जागा सोडून बंगला बांधला
/home/vijay/Desktop/All_Files/ALL_TTS/DIS_Vector_Embedding_Integration/Data/Marathi_Female/wav/mr_f_health_02343.wav	Marathi_Female	रामसुंदर याच्या डोक्याच्या मागील बाजूस गंभीर जखम होऊन मोठा रक्तस्राव झाल्याने त्याचा मृत्यू झाला होता.
/home/vijay/Desktop/All_Files/ALL_TTS/DIS_Vector_Embedding_Integration/Data/Marathi_Female/wav/mr_f_agri_03766.wav	Marathi_Female	केळीची बाग {४}{चार} महिन्यांची होईस्तव केळीची नियमित आडवी-उभी कुळवणी करून जमीन भुसभुशीत व तणविरहित ठेवावी.
/home/vijay/Desktop/All_Files/ALL_TTS/DIS_Vector_Embedding_Integration/Data/Marathi_Female/wav/mr_f_finance_02629.wav	Marathi_Female	तो बिच्चारा दहा ठिकाणहून कर्ज काढतो आणि ते कर्ज फेडत फेडत मरतो.
/home/vijay/Desktop/All_Files/ALL_TTS/DIS_Vector_Embedding_Integration/Data/Marathi_Female/wav/mr_f_politics_00442.wav	Marathi_Female	वडील अशोक पुरुषोत्तम दीक्षित हे कॅनरा बँकेतून मॅनेजर म्हणून स्वेच्छानिवृत्त झाले आहेत.
/home/vijay/Desktop/All_Files/ALL_TTS/DIS_Vector_Embedding_Integration/Data/Marathi_Female/wav/mr_f_politics_02844.wav	Marathi_Female	मुख्यमंत्री देवेंद्र फडणवीस, शिवसेना पक्षप्रमुख उद्धव ठाकरे व आरोग्यमंत्री डॉ दीपक सावंत यांच्या उपस्थितीत बाईक ॲम्ब्युलन्स सेवेचा शुभारंभ {१}{एक} ऑगस्ट {२०१७}{दोन हजार सतरा} रोजी करण्यात आला
/home/vijay/Desktop/All_Files/ALL_TTS/DIS_Vector_Embedding_Integration/Data/Marathi_Female/wav/mr_f_education_02366.wav	Marathi_Female	शिवाजी पेठ मंडलमध्ये सुमन हॉलमध्ये शिबिराची सुरुवात ॐकाराने करण्यात आली.
/home/vijay/Desktop/All_Files/ALL_TTS/DIS_Vector_Embedding_Integration/Data/Marathi_Female/wav/mr_f_other_02322.wav	Marathi_Female	मेक्सिकोला गेल्या लढतीत पोर्तुगाल या संघाविरुद्ध सराव लढतीत निसटते पराभव स्वीकारावे लागले.
/home/vijay/Desktop/All_Files/ALL_TTS/DIS_Vector_Embedding_Integration/Data/Marathi_Female/wav/mr_f_health_03622.wav	Marathi_Female	तर तिथं ठेवूनही रूग्ण बरा न झाल्यास त्याला कस्तुरबा रूग्णालयात हलवलं जाणार आहे.
/home/vijay/Desktop/All_Files/ALL_TTS/DIS_Vector_Embedding_Integration/Data/Marathi_Female/wav/mr_f_other_02544.wav	Marathi_Female	मराठीत माझ्यामते "ऋ"चा मूळ उच्चार लोप पावत चालला आहे.
/home/vijay/Desktop/All_Files/ALL_TTS/DIS_Vector_Embedding_Integration/Data/Marathi_Female/wav/mr_f_agri_01936.wav	Marathi_Female	रस्त्याच्या दोन्ही बाजूंना रबराचे मळे दिसतात बांबू फक्त दुर्गम भागात दिसतो.
/home/vijay/Desktop/All_Files/ALL_TTS/DIS_Vector_Embedding_Integration/Data/Marathi_Female/wav/mr_f_other_02067.wav	Marathi_Female	मी माझे केस कापून एकदम बॉयकट किंवा बॉबकट करण्याचा विचार करते आहे; तेच सध्या मॅनेज करु शकेन असं वाटत आहे.
/home/vijay/Desktop/All_Files/ALL_TTS/DIS_Vector_Embedding_Integration/Data/Marathi_Female/wav/mr_f_agri_02292.wav	Marathi_Female	सर्व योजनेचे पाणी दुष्काळी भागात लवकरात लवकर आणण्यासाठी जिवाचे रान करणार आहे, असेही ते म्हणाले.
/home/vijay/Desktop/All_Files/ALL_TTS/DIS_Vector_Embedding_Integration/Data/Marathi_Female/wav/mr_f_politics_02478.wav	Marathi_Female	किदाम्बी श्रीकांत व एच एस प्रणॉय हे जागतिक स्पर्धा व आशियाई स्पर्धेतील अपयश धुवुन् काढण्याच्या इराद्याने जपान ओपनमध्ये सर्वस्व पणाला लावतील.
/home/vijay/Desktop/All_Files/ALL_TTS/DIS_Vector_Embedding_Integration/Data/Marathi_Female/wav/mr_f_other_00599.wav	Marathi_Female	निष्क्रिय संस्थांची नोंदणी रद्द करण्याची मोहीम सुरू असून, त्याअंतर्गत आणखी एक लाख निष्क्रिय संस्थांना नोटीस पाठवण्यात आली आहे.
/home/vijay/Desktop/All_Files/ALL_TTS/DIS_Vector_Embedding_Integration/Data/Marathi_Female/wav/mr_f_education_02962.wav	Marathi_Female	आपल्या ओळखीत अशी अनेक जोडपी असतात जी एकमेकांच्या साथीने वर्षोनुवर्षे प्रेमाचा संसार करतात.
/home/vijay/Desktop/All_Files/ALL_TTS/DIS_Vector_Embedding_Integration/Data/Marathi_Female/wav/mr_f_finance_02777.wav	Marathi_Female	शिवभोजन थाळीची किंमत शहरी भागामध्ये प्रतिथाळी {५०}{पन्नास} रूपये आणि ग्रामीण भागामध्ये {३५}{पस्तीस} रूपये इतकी राहील.
/home/vijay/Desktop/All_Files/ALL_TTS/DIS_Vector_Embedding_Integration/Data/Marathi_Female/wav/mr_f_agri_02386.wav	Marathi_Female	तांदळाचे पफ, मखना फॉक्स नट्स, भाजलेले चणे, फ्रूट योगर्ट, ओट्स विथ योगर्ट आणि फळे यांचे सेवन करा.
/home/vijay/Desktop/All_Files/ALL_TTS/DIS_Vector_Embedding_Integration/Data/Marathi_Female/wav/mr_f_finance_02474.wav	Marathi_Female	देशाच्या एकूण करांपैकी तब्बल {३०}{तीस} टक्के पैसा मुंबईतून मिळतो आणि त्याचे कारण मुंबईचे औद्योगिक महत्त्व आहे..
/home/vijay/Desktop/All_Files/ALL_TTS/DIS_Vector_Embedding_Integration/Data/Marathi_Female/wav/mr_f_finance_01466.wav	Marathi_Female	नोकरी, आर्थिक स्थिती, प्रवास, देणीघेणी, कर्ज व राजकारण, वास्तू संदर्भातील अडचणी दूर होतील.
/home/vijay/Desktop/All_Files/ALL_TTS/DIS_Vector_Embedding_Integration/Data/Marathi_Female/wav/mr_f_finance_02909.wav	Marathi_Female	सरकार आपली वित्तीय तूट कमी करण्याच्या प्रयत्नात आहे आणि यामुळे गुंतवणूक कमी होतेय.
/home/vijay/Desktop/All_Files/ALL_TTS/DIS_Vector_Embedding_Integration/Data/Marathi_Female/wav/mr_f_education_02552.wav	Marathi_Female	त्या मिटलेल्या पापण्यांतून अंतर्ज्ञानाने सर्वांवर दृष्टी होती, ती सबंध मूर्ती चैतन्याने भरलेली रसरशीत दिसत होती.
/home/vijay/Desktop/All_Files/ALL_TTS/DIS_Vector_Embedding_Integration/Data/Marathi_Female/wav/mr_f_education_03239.wav	Marathi_Female	हिंदुस्तानचे माजी कर्णधार मोहम्मद अझरुद्दीन यांना सुदेश अव्वेकल यांनी विदेशात नेले होते.
/home/vijay/Desktop/All_Files/ALL_TTS/DIS_Vector_Embedding_Integration/Data/Marathi_Female/wav/mr_f_other_02335.wav	Marathi_Female	मी एकदा आमच्या पेटिंग कॉण्ट्रॅक्टरला विचारलं होतं की, याला हात का म्हणतात?
/home/vijay/Desktop/All_Files/ALL_TTS/DIS_Vector_Embedding_Integration/Data/Marathi_Female/wav/mr_f_other_02622.wav	Marathi_Female	मूळ मुद्द्यांवरून लोकांचं लक्ष विचलित करायचं आणि पाकिस्तानचा भावनात्मक मुद्दा पेटवत ठेवायचा ही मोदींची कूटनीती आहे, असे आरोप आव्हाडांनी केले.
/home/vijay/Desktop/All_Files/ALL_TTS/DIS_Vector_Embedding_Integration/Data/Marathi_Female/wav/mr_f_weather_02829.wav	Marathi_Female	नटसम्राट, कट्यार काळजात घुसली, हिमालयाची सावली, रायगडाला जेव्हा जाग येते, विषवृक्षाची छाया, अश्रूंची झाली फुले, ती फुलराणी, शांतता कोर्ट चालू आहे अशी अजून किती नावे घ्यावीत.
/home/vijay/Desktop/All_Files/ALL_TTS/DIS_Vector_Embedding_Integration/Data/Marathi_Female/wav/mr_f_health_02566.wav	Marathi_Female	निदान आतापर्यंत दुर्लक्षित असलेली आयुर्वेद उपचार पध्दती यानिमित्ताने लोकांचे लक्ष वेधून घेईल.
/home/vijay/Desktop/All_Files/ALL_TTS/DIS_Vector_Embedding_Integration/Data/Marathi_Female/wav/mr_f_finance_03359.wav	Marathi_Female	याशिवाय डेबिट व क्रेडिट कार्ड क्लोनिंग करून बँक खात्यांवर डल्ला मारण्याचे प्रकारही वाढले आहेत.
/home/vijay/Desktop/All_Files/ALL_TTS/DIS_Vector_Embedding_Integration/Data/Marathi_Female/wav/mr_f_agri_03778.wav	Marathi_Female	महाराष्ट्रात लागवडीखाली असलेले बुटक्या गटातील सर्वच वाण या शारीरिक विकृतीचे बळी पडत असल्याने वेळीच योग्य उपाययोजना करणे आवश्यक आहे.
/home/vijay/Desktop/All_Files/ALL_TTS/DIS_Vector_Embedding_Integration/Data/Marathi_Female/wav/mr_f_politics_01297.wav	Marathi_Female	तर पुढील {५}{पाच} वर्षांसाठी आपणच मुख्यमंत्री असणार असल्याचा  पुनरुच्चार त्यांनी केला.
/home/vijay/Desktop/All_Files/ALL_TTS/DIS_Vector_Embedding_Integration/Data/Marathi_Female/wav/mr_f_agri_03593.wav	Marathi_Female	{३०}{तीस} ते {४०}{चाळीस} लीटर पाणी देत असताना एका झाडास {१६००}{सोळाशे} ग्रॅम युरिया, {२}{दोन} किलो सुपर फास्फेट, {८००}{आठशे} ग्रॅम पोटॅशची मात्रा द्यावी.
/home/vijay/Desktop/All_Files/ALL_TTS/DIS_Vector_Embedding_Integration/Data/Marathi_Female/wav/mr_f_agri_01932.wav	Marathi_Female	काही वर्षांपूर्वी शेतकर्‍यांच्या गोठ्यात आवर्जून देशी खिलार गाय आणि बैल असायचे.
/home/vijay/Desktop/All_Files/ALL_TTS/DIS_Vector_Embedding_Integration/Data/Marathi_Female/wav/mr_f_politics_02896.wav	Marathi_Female	जळगावच्या गुढे गावच्या महादेव मंदिरात राष्ट्रवादीचे आमदार सतीश पाटील यांनी खास खडसेंसाठी महादेवाला साकडं घातलं.
/home/vijay/Desktop/All_Files/ALL_TTS/DIS_Vector_Embedding_Integration/Data/Marathi_Female/wav/mr_f_health_02774.wav	Marathi_Female	दातातून रक्त येत असल्यास जांभळाची सालं बारीक करून त्यांचे मंजन करावे आणि दातांना लावावे.
/home/vijay/Desktop/All_Files/ALL_TTS/DIS_Vector_Embedding_Integration/Data/Marathi_Female/wav/mr_f_finance_02872.wav	Marathi_Female	पार्टटाइम जॉब, शिष्यवृत्ती किंवा पर्यायी कर्ज यातून काही प्रमाणात खर्चाचा भार हलका करू शकतो.
/home/vijay/Desktop/All_Files/ALL_TTS/DIS_Vector_Embedding_Integration/Data/Marathi_Female/wav/mr_f_weather_00256.wav	Marathi_Female	पिझ्झाच्या क्रस्टवर फिशचे चंक्स, कोळंबी आणि भरपूर चीज असं टाकून हा पिझ्झा सर्व्ह केला जातो.
/home/vijay/Desktop/All_Files/ALL_TTS/DIS_Vector_Embedding_Integration/Data/Marathi_Female/wav/mr_f_health_03591.wav	Marathi_Female	हृदयाला रक्त पुरवठा करणारी धमनी अनियमित कार्य करू लागली की स्टटरिंग हार्ट अटॅकचा त्रास उद्भवतो.
/home/vijay/Desktop/All_Files/ALL_TTS/DIS_Vector_Embedding_Integration/Data/Marathi_Female/wav/mr_f_politics_00547.wav	Marathi_Female	रियल टाईम ट्रेन इन्फॉर्मेशन सिस्टिम क्रियान्वित केल्यामुळे रेल्वे अपघातांचे प्रमाण कमी झाल्याचे त्यांनी स्पष्ट केले.
/home/vijay/Desktop/All_Files/ALL_TTS/DIS_Vector_Embedding_Integration/Data/Marathi_Female/wav/mr_f_education_02243.wav	Marathi_Female	नाणेफेक जिंकून प्रथम फलंदाजीचा निर्णय घेणाऱ्या यजमानांना सलामीवीर ज्यो बर्न्सला चौथ्याच षटकात गमवावे लागले.
/home/vijay/Desktop/All_Files/ALL_TTS/DIS_Vector_Embedding_Integration/Data/Marathi_Female/wav/mr_f_finance_02452.wav	Marathi_Female	याचा परिणाम म्हणून गरीब विद्यार्थ्यांना कर्जे देण्याबाबत बँका टाळाटाळ करत असून नेमक्या याच गटातील विद्यार्थ्यांना कर्जांची अधिक आवश्यकता आहे.
/home/vijay/Desktop/All_Files/ALL_TTS/DIS_Vector_Embedding_Integration/Data/Marathi_Female/wav/mr_f_education_02926.wav	Marathi_Female	आम्ही या भेटीसाठी पुढाकार घेतला नव्हता. मात्र आमच्याकडे विचारणा झाल्यावर आम्ही त्याला होकार दिला असे कायदामंत्री यांनी सांगितले.
/home/vijay/Desktop/All_Files/ALL_TTS/DIS_Vector_Embedding_Integration/Data/Marathi_Female/wav/mr_f_other_02597.wav	Marathi_Female	ही मानसिक तडफड मनातील अतीव दुखामुळे, क्रोधामुळे, त्वेषामुळे, संतापामुळे सुप्त मनालाही जाळत असते.
/home/vijay/Desktop/All_Files/ALL_TTS/DIS_Vector_Embedding_Integration/Data/Marathi_Female/wav/mr_f_agri_03406.wav	Marathi_Female	मंगळवारी रात्री विटे येथील बोंडगीहाळ नावाच्या शेतात शिरलेल्या हत्तीने अक्षरश: भात पिकाची मळणी केली असून महादेव चव्हाण यांच्या पिकाचे मोठे नुकसान झाले आहे.
/home/vijay/Desktop/All_Files/ALL_TTS/DIS_Vector_Embedding_Integration/Data/Marathi_Female/wav/mr_f_books_01962.wav	Marathi_Female	हा किनारा नद्यांच्या संचयनाने बनला आहे.
/home/vijay/Desktop/All_Files/ALL_TTS/DIS_Vector_Embedding_Integration/Data/Marathi_Female/wav/mr_f_weather_00577.wav	Marathi_Female	काहीतरी ॲक्शन होणार ह्या अपेक्षेने ड्रायव्हरने जिप्सी चालूच ठेवली होती, लगेचच जिप्सी मागे घेऊन 'बारस'ने केलेल्या शिकारीचे फोटो काढले.
/home/vijay/Desktop/All_Files/ALL_TTS/DIS_Vector_Embedding_Integration/Data/Marathi_Female/wav/mr_f_finance_02398.wav	Marathi_Female	उच्च शिक्षणातील अनुदान कमी करण्यात येणार असून ते कमी झाल्यानंतर संबंधित संस्थांना कर्ज उभं करावे लागणार आहेत.
/home/vijay/Desktop/All_Files/ALL_TTS/DIS_Vector_Embedding_Integration/Data/Marathi_Female/wav/mr_f_other_01766.wav	Marathi_Female	सायखेडा बाजारातून पहिल्यांदा एका मध्यस्थाच्या मदतीने गाय खरेदी केली.
/home/vijay/Desktop/All_Files/ALL_TTS/DIS_Vector_Embedding_Integration/Data/Marathi_Female/wav/mr_f_education_03333.wav	Marathi_Female	सावंत म्हणाले, स्वाईन फ्ल्युबाबत प्रत्येक नागरिकाने आपल्या स्तरावर काळजी घेणे आवश्यक आहे.
/home/vijay/Desktop/All_Files/ALL_TTS/DIS_Vector_Embedding_Integration/Data/Marathi_Female/wav/mr_f_weather_02876.wav	Marathi_Female	टीव्ही सीरियल्समधल्या संवादांत बाळबोध बुळबुळीत म्हणी आणि चौथीत शिकलेले वाक्प्रचार वापरून वाक्यांचा दर्जा "ड" करून टाकला जातो.
/home/vijay/Desktop/All_Files/ALL_TTS/DIS_Vector_Embedding_Integration/Data/Marathi_Female/wav/mr_f_politics_02984.wav	Marathi_Female	अर्थात उमेदवार निवडतांना त्याने शेअर केलेल्या पोस्टला दहा लाख व्ह्यूज यायला हवेत अशीही अट आहे.
/home/vijay/Desktop/All_Files/ALL_TTS/DIS_Vector_Embedding_Integration/Data/Marathi_Female/wav/mr_f_finance_02677.wav	Marathi_Female	यासाठी प्रत्यक्ष कर मंडळाने माजी प्राप्तिकर अधिकारी आणि इतर तज्ञांची एक सल्लागार समिती नेमण्याची गरज आहे.
/home/vijay/Desktop/All_Files/ALL_TTS/DIS_Vector_Embedding_Integration/Data/Marathi_Female/wav/mr_f_finance_00699.wav	Marathi_Female	इतके दिवस बँका बंद राहिल्याने एटीएम रिकामे होतील आणि धनादेशही तुंबतील.
/home/vijay/Desktop/All_Files/ALL_TTS/DIS_Vector_Embedding_Integration/Data/Marathi_Female/wav/mr_f_health_03399.wav	Marathi_Female	कोरोनाचा संसर्ग टाळण्यासाठी श्वसन संस्थेचा आजार असलेल्या व्यक्तींशी निकट सहवास टाळावा.
/home/vijay/Desktop/All_Files/ALL_TTS/DIS_Vector_Embedding_Integration/Data/Marathi_Female/wav/mr_f_health_03665.wav	Marathi_Female	त्यावर योग्यवेळी योग्य उपचार घेतल्यास तो कमी खर्चात व सहज बरा होतो.
/home/vijay/Desktop/All_Files/ALL_TTS/DIS_Vector_Embedding_Integration/Data/Marathi_Female/wav/mr_f_education_02519.wav	Marathi_Female	वॉल्टर स्कॉट, विन्स्टन चर्चिल, जेम्स वॅट, अ‌ायझॅक न्यूटन यासारखी जगावर प्रभाव टाकणारी अनेक माणसे परीक्षा पद्धतीने बाद ठरवलेली होती.
/home/vijay/Desktop/All_Files/ALL_TTS/DIS_Vector_Embedding_Integration/Data/Marathi_Female/wav/mr_f_weather_00497.wav	Marathi_Female	ज्या ठिकाणी विष्णुंना सिद्धी प्राप्त झाली तसेच श्रीगणेश प्रसन्न झाले त्या ठिकाणी विष्णुंनी मंदिर बांधले व त्या ठिकाणी गंडकी शिलेची मूर्ती स्थापना केली.
/home/vijay/Desktop/All_Files/ALL_TTS/DIS_Vector_Embedding_Integration/Data/Marathi_Female/wav/mr_f_books_02154.wav	Marathi_Female	कोंडोर हा खूप उंचावर उडणारा. मोठ्या आकाराचा पक्षी, विविध प्रकारचे पोपट, मकाव, फ्लेमिंगो या पक्ष्यांच्या प्रजाती आढळतात.
/home/vijay/Desktop/All_Files/ALL_TTS/DIS_Vector_Embedding_Integration/Data/Marathi_Female/wav/mr_f_general_00396.wav	Marathi_Female	आज दिल्ली बिल्डकॉन आणि लक्ष्मी विलास बँकेंच्या शेअर्सनी सर्वांत उच्चांकी अंक गाठला.
/home/vijay/Desktop/All_Files/ALL_TTS/DIS_Vector_Embedding_Integration/Data/Marathi_Female/wav/mr_f_other_02628.wav	Marathi_Female	तर, दौंड, मुळशी, पुरंदर, शिरूर आणि भोर तालुक्यामध्ये एकाही नागरिकाला शबरी आदिवासी घरकुल योजनांचा फायदा देण्यात आला नाही.
/home/vijay/Desktop/All_Files/ALL_TTS/DIS_Vector_Embedding_Integration/Data/Marathi_Female/wav/mr_f_education_02238.wav	Marathi_Female	करंजी, रव्याचे आणि बेसनाचे लाडू, चकली, बुंदी, चिवडा या पदार्थांनी सणाची लज्जत वाढते.
/home/vijay/Desktop/All_Files/ALL_TTS/DIS_Vector_Embedding_Integration/Data/Marathi_Female/wav/mr_f_agri_03684.wav	Marathi_Female	एक किलो बिया {२५}{पंचवीस} ग्रॅ. बाविस्टिन किंवा ब्लॉयटॉक्स चोळून {२४}{चोवीस} तास सावलीत सुकवाव्यात.
/home/vijay/Desktop/All_Files/ALL_TTS/DIS_Vector_Embedding_Integration/Data/Marathi_Female/wav/mr_f_other_02874.wav	Marathi_Female	गोगोई म्हणाले, आम्ही {१९४६}{एकोणीसशे सेहचाळीस}च्या फैजाबाद कोर्टाच्या निकालाला आव्हान देणारी शिया वक्फ बोर्डाची सिंगल लीव पिटीशन फेटाळत आहोत असं कोर्टाने म्हटलं आहे.
/home/vijay/Desktop/All_Files/ALL_TTS/DIS_Vector_Embedding_Integration/Data/Marathi_Female/wav/mr_f_health_01976.wav	Marathi_Female	त्यातील निम्म्यांवर योग्य उपचार होत नाही, राहिलेल्या निम्म्यांवर योग्य उपचार होऊ शकतो
/home/vijay/Desktop/All_Files/ALL_TTS/DIS_Vector_Embedding_Integration/Data/Marathi_Female/wav/mr_f_health_00966.wav	Marathi_Female	कुष्ठरोग हा जंतूंपासून होणारा आजार असून सुरुवातीला न खाजणार्या , न दुखणार्या फिक्कट पांढरया  किंवा लालसर रंगाच्या चट्ट्याने या रोगाची सुरुवात होते.
/home/vijay/Desktop/All_Files/ALL_TTS/DIS_Vector_Embedding_Integration/Data/Marathi_Female/wav/mr_f_health_02435.wav	Marathi_Female	हृदय विकार हा बहुधा पुरुषांना होणारा विकार असा समज होता पण महिलासुद्धा तेवढेच तणावपूर्ण आयुष्य जगतात आणि त्यांच्याकडून आपल्या प्रकृतीकडे दुर्लक्ष होण्याची शक्यता असते.
/home/vijay/Desktop/All_Files/ALL_TTS/DIS_Vector_Embedding_Integration/Data/Marathi_Female/wav/mr_f_other_03225.wav	Marathi_Female	सूत्रांनी सांगितले की, एजन्सींना इरफानच्या फोनद्वारे नावेदच्या हालचालीची माहिती मिळाली होती, ज्यावर पाळत ठेवण्यात आली होती.
/home/vijay/Desktop/All_Files/ALL_TTS/DIS_Vector_Embedding_Integration/Data/Marathi_Female/wav/mr_f_health_03599.wav	Marathi_Female	या समस्येने ग्रस्त असलेल्या रुग्णास हाडे दुखणे, हाडांना इजा होणे, लगेचच रक्तस्राव होणे, थकवा जाणवणे आणि वाढता संसर्ग होणे अशा समस्यांचा सामना करावा लागतो.
/home/vijay/Desktop/All_Files/ALL_TTS/DIS_Vector_Embedding_Integration/Data/Marathi_Female/wav/mr_f_health_02864.wav	Marathi_Female	जांभळामध्ये लोहतत्त्व जास्त प्रमाणात असल्यामुळे याच्या सेवनामुळे रक्त शुद्ध व लाल होते.
/home/vijay/Desktop/All_Files/ALL_TTS/DIS_Vector_Embedding_Integration/Data/Marathi_Female/wav/mr_f_general_01277.wav	Marathi_Female	आठवणींचा अल्बम उघडून बसलं तर ब्रुस लीचा बिग बॉस, फिस्ट ऑफ फ्युरी, एंटर द ड्रॅगन, रिटर्न ऑफ दी ड्रॅगन असे कितीतरी चित्रपट आठवतात.
/home/vijay/Desktop/All_Files/ALL_TTS/DIS_Vector_Embedding_Integration/Data/Marathi_Female/wav/mr_f_health_02525.wav	Marathi_Female	पण पातळ औषधं ही पावडर, गोळ्या यांच्यापेक्षा महाग असतात, त्यांची साठवणूक करणं, सांभाळ करणं जास्त कठीण जातं.
/home/vijay/Desktop/All_Files/ALL_TTS/DIS_Vector_Embedding_Integration/Data/Marathi_Female/wav/mr_f_general_01672.wav	Marathi_Female	ज्या लोकांनी गरिबी हटावचा नारा दिला, ते राज्याच्या कोटयवधी लोकांसाठी कोणतेही धोरण आखू शकले नाहीत .
/home/vijay/Desktop/All_Files/ALL_TTS/DIS_Vector_Embedding_Integration/Data/Marathi_Female/wav/mr_f_general_03493.wav	Marathi_Female	कधीही लक्षपूर्वक पाहिलं तर तुमच्या लक्षात येईल की खेळाडू प्रत्येकवेळी सिम्बॉल असलेल्या बाजूनेच पदक चावतात
/home/vijay/Desktop/All_Files/ALL_TTS/DIS_Vector_Embedding_Integration/Data/Marathi_Female/wav/mr_f_health_03978.wav	Marathi_Female	स्नायूंच्या ताठरपणावर उपचार करताना घट्ट स्नायूनां {३०}{तीस} सेकंदाकरिता ताण देऊन सैल केले जातात.
/home/vijay/Desktop/All_Files/ALL_TTS/DIS_Vector_Embedding_Integration/Data/Marathi_Female/wav/mr_f_education_01267.wav	Marathi_Female	परंतु पत्नीकडून खरा प्रकार समजतांच त्याने गजासुराचे शुंडयुक्त शिर त्याच्या धडापासून वेगळे केले व गणपतीच्या धडावर गजतुंड बसविले.
/home/vijay/Desktop/All_Files/ALL_TTS/DIS_Vector_Embedding_Integration/Data/Marathi_Female/wav/mr_f_books_01565.wav	Marathi_Female	निवडणुका आणि प्रतिनिधित्व या लोकशाहीशी संबंधित अत्यंत महत्त्वाच्या प्रक्रिया असून निवडणुकीच्या माध्यमातून लोकप्रतिनिधी निवडले जातात, हे आपणांस माहीत आहे.
/home/vijay/Desktop/All_Files/ALL_TTS/DIS_Vector_Embedding_Integration/Data/Marathi_Female/wav/mr_f_education_02746.wav	Marathi_Female	काही दिवसांपूर्वी बोमन इराणी यांनी मुन्नाभाई फ्रॅंचाईजीचा तिसरा सिनेमा बनवण्याची चर्चा नसल्याचं बोलून दखवलं होतं.
/home/vijay/Desktop/All_Files/ALL_TTS/DIS_Vector_Embedding_Integration/Data/Marathi_Female/wav/mr_f_books_02317.wav	Marathi_Female	जर्मनी, अमेरिकेची संयुक्त संस्थाने, कॅनडा, इटली, अर्जेंटिना, सौदी अरेबिया अणि भारत हे ब्राझीलचे प्रमुख व्यापारी भागीदार आहेत.
/home/vijay/Desktop/All_Files/ALL_TTS/DIS_Vector_Embedding_Integration/Data/Marathi_Female/wav/mr_f_other_03427.wav	Marathi_Female	ब्रिटिशांशी प्राणपणाने लढणारी आणी मेरी झाँसी नही दूंगी म्हणणारी राणी लक्ष्मीबाई, हीचे बालपण याच गावात गेले.
/home/vijay/Desktop/All_Files/ALL_TTS/DIS_Vector_Embedding_Integration/Data/Marathi_Female/wav/mr_f_health_03232.wav	Marathi_Female	फेब्राइल न्यूट्रोपेनिया अतिशय गंभीरपणे घेण्याची गोष्ट असून यामध्ये ताप येणे, जुलाब होणे, थकवा येणे इत्यादी लक्षणे आढळतात.
/home/vijay/Desktop/All_Files/ALL_TTS/DIS_Vector_Embedding_Integration/Data/Marathi_Female/wav/mr_f_politics_01256.wav	Marathi_Female	लोकांच्या सततच्या वन्स मोअरमुळे स्पर्धा थोडी जास्त लांबली, शेवटचा परफॉर्मन्स झाला तेव्हा रात्रीचे {२}{दोन} वाजले होते
/home/vijay/Desktop/All_Files/ALL_TTS/DIS_Vector_Embedding_Integration/Data/Marathi_Female/wav/mr_f_health_01799.wav	Marathi_Female	पार्वतीने केवळ चेष्टा म्हणून शंकरांच्या मागून येऊन आपल्या दोन्ही हातांनी शंकरांचे दोन्ही डोळे झाकले.
/home/vijay/Desktop/All_Files/ALL_TTS/DIS_Vector_Embedding_Integration/Data/Marathi_Female/wav/mr_f_general_01545.wav	Marathi_Female	हे ऋतू म्हणजे निसर्गाची अजब जादूगारीच या बदलत्या ऋतूंचा अजब आणि अनोखा खेळ दरवर्षी, न चुकता पृथ्वीवर मांडला जातो.
/home/vijay/Desktop/All_Files/ALL_TTS/DIS_Vector_Embedding_Integration/Data/Marathi_Female/wav/mr_f_education_02524.wav	Marathi_Female	सदर जागेची पाहणी करण्यासाठी भारतीय बौद्धांचे शिष्टमंडळ डॉ राहुल बोधी यांच्या नेतृत्वाखाली येत्या {२५}{पंचवीस} सप्टेबर रोजी श्रीलंका दौऱ्यावर जाणार आहे.
/home/vijay/Desktop/All_Files/ALL_TTS/DIS_Vector_Embedding_Integration/Data/Marathi_Female/wav/mr_f_health_01547.wav	Marathi_Female	प्रथम घरातल्या जेवणातून, निदान मुख्य अन्नातून तरी हे पदार्थ हद्दपार करून चौरस आहाराचा समावेश व्हायला हवा.
/home/vijay/Desktop/All_Files/ALL_TTS/DIS_Vector_Embedding_Integration/Data/Marathi_Female/wav/mr_f_other_03647.wav	Marathi_Female	रवी आल्यापासून राजेशचं भाडं निम्मं झालं पण त्याचा एकांत मात्र हरवला.
/home/vijay/Desktop/All_Files/ALL_TTS/DIS_Vector_Embedding_Integration/Data/Marathi_Female/wav/mr_f_books_01965.wav	Marathi_Female	या नद्यांच्या मुखाशी त्रिभुज प्रदेश आढळतात.
/home/vijay/Desktop/All_Files/ALL_TTS/DIS_Vector_Embedding_Integration/Data/Marathi_Female/wav/mr_f_general_03485.wav	Marathi_Female	हा खेळ बैलांसाठी अमाप क्रौर्याचा आहे, किंबहुना तो खेळच नाही असे स्पष्टपणे नमूद करीत सर्वोच्च न्यायालयाने २०१४ सालच्या मे महिन्यात या खेळावर बंदी आणली
/home/vijay/Desktop/All_Files/ALL_TTS/DIS_Vector_Embedding_Integration/Data/Marathi_Female/wav/mr_f_agri_02192.wav	Marathi_Female	ऊसापेक्षा कमी पाणी लागत असल्यानं डाळिंब शेतीकडे वळलेल्या घुटे यांना दुष्काळाचा फटका बसायला सुरूवात झालीय.
/home/vijay/Desktop/All_Files/ALL_TTS/DIS_Vector_Embedding_Integration/Data/Marathi_Female/wav/mr_f_politics_02042.wav	Marathi_Female	झोपडपट्टी धारकांच्या पात्रता निश्चितीतील गैरप्रकार टाळण्यासाठी बायोमेट्रीक सर्वेक्षण आणि स्मार्टकार्ड योजना आणली आहे
/home/vijay/Desktop/All_Files/ALL_TTS/DIS_Vector_Embedding_Integration/Data/Marathi_Female/wav/mr_f_health_00964.wav	Marathi_Female	संकुचिताच्या पकडीतून सुटून माणसानं व्यापक व्हावं, माणूस म्हणून जन्मलेल्या माणसानं निदान मनुष्य होऊन जगावं, याच हेतूने सत्पुरुषांनी अनंत काळ बोध केला.
/home/vijay/Desktop/All_Files/ALL_TTS/DIS_Vector_Embedding_Integration/Data/Marathi_Female/wav/mr_f_politics_02572.wav	Marathi_Female	ॲपमध्ये महिला सुरक्षेच्या दृष्टीने जीपीएस ट्रॅकिंग, इमर्जन्सी कॉन्टॅक्ट नंबर, सुरक्षित स्थळांची यादी यासारखे फायदेशीर फिचर्स आहेत.
/home/vijay/Desktop/All_Files/ALL_TTS/DIS_Vector_Embedding_Integration/Data/Marathi_Female/wav/mr_f_general_03544.wav	Marathi_Female	सय्यद मुश्ताक अली लीग क्रिकेट स्पर्धेत मंगळवारी येथे खेळविण्यात आलेल्या सामन्यात राजस्थान संघाकडून खेळताना वेगवान गोलंदाज दीपक चहरने हॅटट्रिक नोंदविली.
/home/vijay/Desktop/All_Files/ALL_TTS/DIS_Vector_Embedding_Integration/Data/Marathi_Female/wav/mr_f_books_02344.wav	Marathi_Female	जगातील अंतर्गत जलवाहतुकीचा सर्वांत लांब पल्ला (सुमारे ३७०० किमी) या मार्गाने गाठता येतो.
/home/vijay/Desktop/All_Files/ALL_TTS/DIS_Vector_Embedding_Integration/Data/Marathi_Female/wav/mr_f_politics_00466.wav	Marathi_Female	पोलिसांनी सांगितले की, ज्या डिग्रींचं ही टोळी वाटप करत आहे, त्या डिग्री आणि ह्या डिग्रींमध्ये काहीही फरक नाही.
/home/vijay/Desktop/All_Files/ALL_TTS/DIS_Vector_Embedding_Integration/Data/Marathi_Female/wav/mr_f_other_03664.wav	Marathi_Female	त्यामुळे कायद्याला धाब्यावर बसवत नागरिकांच्या आरोग्याशी खेळणाऱ्या मॅक्डोनाल्डला हा मनमानी कारभार तत्काळ थांबविण्यास सांगितले आहे.
/home/vijay/Desktop/All_Files/ALL_TTS/DIS_Vector_Embedding_Integration/Data/Marathi_Female/wav/mr_f_health_02460.wav	Marathi_Female	थंडी, ताप, खोकला, सर्दी व प्रामुख्याने श्वसनाचा त्रास होणार‌्या रुग्णांनी तात्काळ डॉक्टरचा सल्ला घ्यावा.
/home/vijay/Desktop/All_Files/ALL_TTS/DIS_Vector_Embedding_Integration/Data/Marathi_Female/wav/mr_f_agri_02414.wav	Marathi_Female	कोणत्याही प्रकारची खते न वापरता वाढणाऱ्या या भाज्या खोकला, सर्दी, पोटदुखी यासह विविध आजारांवर उपयुक्त ठरतात.
/home/vijay/Desktop/All_Files/ALL_TTS/DIS_Vector_Embedding_Integration/Data/Marathi_Female/wav/mr_f_politics_00227.wav	Marathi_Female	जन्मजात दिव्यांगता आणि अपघाताने आलेली दिव्यांगता असे दिव्यांगतेचे प्रमुख वर्गीकरण आहे.
/home/vijay/Desktop/All_Files/ALL_TTS/DIS_Vector_Embedding_Integration/Data/Marathi_Female/wav/mr_f_politics_02785.wav	Marathi_Female	पर्वरीचा आमदार रोहन खवटे यांनी महामार्गाला लागूनच सर्व्हीस रोड तयार केला आहे
/home/vijay/Desktop/All_Files/ALL_TTS/DIS_Vector_Embedding_Integration/Data/Marathi_Female/wav/mr_f_health_03925.wav	Marathi_Female	गर्भस्थ गर्भनिरोधक साधने बसवण्याचा खर्च अत्यल्प असून ही साधने एकदा बसवल्यानंतर ती {३}{तीन}—{१०}{दहा} वर्षे काम करतात.
/home/vijay/Desktop/All_Files/ALL_TTS/DIS_Vector_Embedding_Integration/Data/Marathi_Female/wav/mr_f_books_01922.wav	Marathi_Female	जगाच्या आर्थिक विकासाला हातभार लावणारा देश व भविष्यातील एक प्रमुख बाजारपेठ या दृष्टीने ब्राझीलकडे पाहिले जाते.
/home/vijay/Desktop/All_Files/ALL_TTS/DIS_Vector_Embedding_Integration/Data/Marathi_Female/wav/mr_f_education_02195.wav	Marathi_Female	याप्रसंगी शाळेतील विद्यार्थ्यांसह मुख्याध्यापक देवीदास कडू, कन्हैया पगार, संजय भदाणे, संदीप पाटील, ज्ञानेश्वर सौंदाणे, देवराम खांडबहाले आदी उपस्थित होते.
/home/vijay/Desktop/All_Files/ALL_TTS/DIS_Vector_Embedding_Integration/Data/Marathi_Female/wav/mr_f_books_01949.wav	Marathi_Female	उत्तर भारतीय मैदानी प्रदेशाच्या दक्षिणेकडे पसरलेला व हिंदी महासागराकडे निमुळता होत जाणारा प्रदेश भारतीय द्वीपकल्प म्हणून ओळखला जातो.
/home/vijay/Desktop/All_Files/ALL_TTS/DIS_Vector_Embedding_Integration/Data/Marathi_Female/wav/mr_f_health_02023.wav	Marathi_Female	जर ती डॉक्टर बनली नाही तर घटस्फोट देण्याची धमकीही ऋषिकुमार हरिकाला वारंवार देत असे.
/home/vijay/Desktop/All_Files/ALL_TTS/DIS_Vector_Embedding_Integration/Data/Marathi_Female/wav/mr_f_agri_02682.wav	Marathi_Female	सांगली किंवा नाशिकच्या पूर्व भागात कमी पावसाच्या पट्ट्यात हजारो कोटींची द्राक्षे उत्पादित होतात.
/home/vijay/Desktop/All_Files/ALL_TTS/DIS_Vector_Embedding_Integration/Data/Marathi_Female/wav/mr_f_agri_02379.wav	Marathi_Female	खोबर्‍याच्या तेलात जास्वंदाची सुकलेली फुले कुसकरुन ते तेल कोमट करुन केसांना लावावे.
/home/vijay/Desktop/All_Files/ALL_TTS/DIS_Vector_Embedding_Integration/Data/Marathi_Female/wav/mr_f_education_02205.wav	Marathi_Female	थाऊजंड आयलंड, मिंट, अलफ्रेडो, मयो, हाक्का, इंडियन तडका अशा अनेक प्रकारच्या मॅगींची चव तुम्ही चाखू शकता.
/home/vijay/Desktop/All_Files/ALL_TTS/DIS_Vector_Embedding_Integration/Data/Marathi_Female/wav/mr_f_health_00465.wav	Marathi_Female	हा अत्यंत भयावह आजार असल्याने कुटुंबातील एखाद्या व्यक्तीला या आजाराची लागण झाल्यास रुग्णाची शारीरिक स्थिती तर ढासळते, शिवाय संपूर्ण कुटुंब नैराश्येखाली जाते.
/home/vijay/Desktop/All_Files/ALL_TTS/DIS_Vector_Embedding_Integration/Data/Marathi_Female/wav/mr_f_politics_02512.wav	Marathi_Female	आता तर महिला विशेष गाड्या सुरू झाल्याने अख्खी गाडीच चिवचिवाट आणि कोलाहलाने भरलेली असते.
/home/vijay/Desktop/All_Files/ALL_TTS/DIS_Vector_Embedding_Integration/Data/Marathi_Female/wav/mr_f_politics_00529.wav	Marathi_Female	प्रॉक्सी सर्व्हर्स आणि व्हर्च्युअल प्रायव्हेट नेटवर्कचा वापर हे तरुण करीत होते.
/home/vijay/Desktop/All_Files/ALL_TTS/DIS_Vector_Embedding_Integration/Data/Marathi_Female/wav/mr_f_finance_02999.wav	Marathi_Female	सगळ्या प्रमुख क्रेडिट आणि डेबिट कार्डांद्वारे आणि पैसे भरण्याच्या पद्धतीद्वारे आम्ही पैसे स्वीकारतो.
/home/vijay/Desktop/All_Files/ALL_TTS/DIS_Vector_Embedding_Integration/Data/Marathi_Female/wav/mr_f_politics_01956.wav	Marathi_Female	पौष्टिक दुधाऐवजी अंमल चढवणाऱ्या मद्याचा ग्लास हातात धरणारी आजची तरुण पिढी गांजा, चरस, गर्द पावडर, हेरॉईन, ब्राऊन शुगर इत्यादी मादक पदार्थाच्या व्यसनात गुरफटत आहे.
/home/vijay/Desktop/All_Files/ALL_TTS/DIS_Vector_Embedding_Integration/Data/Marathi_Female/wav/mr_f_weather_01692.wav	Marathi_Female	यावेळी रणविरने सिध्दूची ओळख रणबीर कपूर, आलिया भट आणि दिपीकाशी करून दिली.
/home/vijay/Desktop/All_Files/ALL_TTS/DIS_Vector_Embedding_Integration/Data/Marathi_Female/wav/mr_f_health_01979.wav	Marathi_Female	आता जे तटस्थ लोक आहेत, त्यांनी निदान संयुक्त राष्ट्रसंघाचा तरी नकाशा मान्य करावा.
/home/vijay/Desktop/All_Files/ALL_TTS/DIS_Vector_Embedding_Integration/Data/Marathi_Female/wav/mr_f_politics_01527.wav	Marathi_Female	तरुण घरी आल्यानंतर आधीचा घरमालक आणि त्याच्या पत्नीने गळा आवळून निर्घूणपणे त्याची हत्या केली.
/home/vijay/Desktop/All_Files/ALL_TTS/DIS_Vector_Embedding_Integration/Data/Marathi_Female/wav/mr_f_agri_00626.wav	Marathi_Female	बागेत रोगग्रस्त असलेली फळे व फुले यांचे अवशेष वारंवार काढावे, जेणेकरून बागेत बुरशीचा फैलाव होणार नाही.
/home/vijay/Desktop/All_Files/ALL_TTS/DIS_Vector_Embedding_Integration/Data/Marathi_Female/wav/mr_f_health_03268.wav	Marathi_Female	यामध्ये आपला मेंदू एका प्रोजेक्टरचं काम करतो आणि आपले डोळे स्क्रीनसारखं काम करतात.
/home/vijay/Desktop/All_Files/ALL_TTS/DIS_Vector_Embedding_Integration/Data/Marathi_Female/wav/mr_f_finance_03577.wav	Marathi_Female	गरिबांसाठी कल्याणकारी योजना राबवून व दलित व आदिवासींना आरक्षणाच्या धोरणाचे प्रतिकात्मक लाभ देऊन याची परतफेड करण्यात आली.
/home/vijay/Desktop/All_Files/ALL_TTS/DIS_Vector_Embedding_Integration/Data/Marathi_Female/wav/mr_f_books_01427.wav	Marathi_Female	पहिल्या तीन आवर्तांमधील मूलद्रव्यांची संख्या ही कवचांची इलेक्ट्रॉन धारकता व इलेक्ट्रॉन अष्टकाचा नियम यावरून ठरते.
/home/vijay/Desktop/All_Files/ALL_TTS/DIS_Vector_Embedding_Integration/Data/Marathi_Female/wav/mr_f_finance_03364.wav	Marathi_Female	कर्जाचे हफ्ते न भरता कर्ज रक्कम परस्पर वैयक्तीक फायद्यासाठी वापरुन बँकेची फसवणूक केली, अशी फिर्याद बँकेचे अधिकारी किरण प्रभु यांनी दिली.
/home/vijay/Desktop/All_Files/ALL_TTS/DIS_Vector_Embedding_Integration/Data/Marathi_Female/wav/mr_f_books_01996.wav	Marathi_Female	अजस्र कड्यामुळे आग्नेय व्यापारी वारे अडवले जातात, त्यामुळे अजस्र कड्याच्या पलीकडे पर्जन्यछायेचा प्रदेश तयार होतो.
/home/vijay/Desktop/All_Files/ALL_TTS/DIS_Vector_Embedding_Integration/Data/Marathi_Female/wav/mr_f_weather_02217.wav	Marathi_Female	{२०१७}{दोन हजार सतरा} पर्यंत माँन्सांटोचे अधिग्रहण पूर्ण करण्यात येणार असल्याचेही सांगितले जात आहे.
/home/vijay/Desktop/All_Files/ALL_TTS/DIS_Vector_Embedding_Integration/Data/Marathi_Female/wav/mr_f_finance_02545.wav	Marathi_Female	त्यासाठी जीवन विमा निगमकडे भरायची हप्त्याची रक्कम म्हणून {१५०}{एकशे पन्नास} कोटी रुपये मान्य केले आहेत तसेच त्यांचा दरमहा हप्ता सरकार भरेल.
/home/vijay/Desktop/All_Files/ALL_TTS/DIS_Vector_Embedding_Integration/Data/Marathi_Female/wav/mr_f_other_01597.wav	Marathi_Female	केंद्रात पुन्हा आपले सरकार विराजमान होईल, असा विश्वास मोदी यांनी आज व्यक्त केला.
/home/vijay/Desktop/All_Files/ALL_TTS/DIS_Vector_Embedding_Integration/Data/Marathi_Female/wav/mr_f_agri_02327.wav	Marathi_Female	त्यात मिरी पावडर, मीठ, ऑरेगॅनो, चिली फ्लेक्स व पाणी घालून चांगले उकळून घ्यावे.
/home/vijay/Desktop/All_Files/ALL_TTS/DIS_Vector_Embedding_Integration/Data/Marathi_Female/wav/mr_f_health_02712.wav	Marathi_Female	डोळ्याचे स्नायू शरीरातील सर्वांत बारीक स्नायू आहेत त्यामुळे थकवा आला की पहिले डोळे थकतात म्हणून माणूस थकला की डोळे दुखतात.
/home/vijay/Desktop/All_Files/ALL_TTS/DIS_Vector_Embedding_Integration/Data/Marathi_Female/wav/mr_f_books_02077.wav	Marathi_Female	जसे, विषुववृत्ताजवळ उष्ण, तर मकरवृत्ताच्या दक्षिणेस समशीतोष्ण हवामान आढळते.
/home/vijay/Desktop/All_Files/ALL_TTS/DIS_Vector_Embedding_Integration/Data/Marathi_Female/wav/mr_f_education_02206.wav	Marathi_Female	{३०}{तीस} जून {२०२१}{दोन हजार एकवीस} रोजी रियल माद्रीद बरोबरच्या रोनाल्डोच्या या नव्या कराराची मुदत संपणार आहे.
/home/vijay/Desktop/All_Files/ALL_TTS/DIS_Vector_Embedding_Integration/Data/Marathi_Female/wav/mr_f_books_02144.wav	Marathi_Female	त्यांना सुंद्रीची वने किंवा खारफुटीची वने म्हणतात.
/home/vijay/Desktop/All_Files/ALL_TTS/DIS_Vector_Embedding_Integration/Data/Marathi_Female/wav/mr_f_finance_03507.wav	Marathi_Female	स्टॅम्प विक्रीच्या माध्यमातून शासनास लाखो रुपयांचा महसूल मिळत असताना या महसूलाला ब्रेक का लागतोय?
/home/vijay/Desktop/All_Files/ALL_TTS/DIS_Vector_Embedding_Integration/Data/Marathi_Female/wav/mr_f_weather_00254.wav	Marathi_Female	गेल्या दोन दिवसात कर्नाळा खिंडीत हा तिसरा अपघात घडल्याने कर्नाळा खिंड मृत्यूचा सापळा बनले की काय?
/home/vijay/Desktop/All_Files/ALL_TTS/DIS_Vector_Embedding_Integration/Data/Marathi_Female/wav/mr_f_books_01797.wav	Marathi_Female	त्यातूनही बाहेर पडलेल्या एका गटाने ऑल इंडिया अण्णा द्रविड मुन्नेत्र कळघम या पक्षाची १९७२ मध्ये स्थापना केली.
/home/vijay/Desktop/All_Files/ALL_TTS/DIS_Vector_Embedding_Integration/Data/Marathi_Female/wav/mr_f_finance_02192.wav	Marathi_Female	मोदी सरकारने {५}{पाच} वर्षांत वैयक्तिक कर आणि कॉर्पोरेशन कराच्या माध्यमातून प्रचंड महसूल वाढवल आहे.
/home/vijay/Desktop/All_Files/ALL_TTS/DIS_Vector_Embedding_Integration/Data/Marathi_Female/wav/mr_f_agri_02496.wav	Marathi_Female	या सदाहरित झुडपाला फिक्कट जांभळी किंवा पांढरी फुले येतात.
/home/vijay/Desktop/All_Files/ALL_TTS/DIS_Vector_Embedding_Integration/Data/Marathi_Female/wav/mr_f_books_02248.wav	Marathi_Female	तक्त्यातील माहितीच्या आधारे संगणकाचा वापर करून बहुरेषालेख तयार करा.
/home/vijay/Desktop/All_Files/ALL_TTS/DIS_Vector_Embedding_Integration/Data/Marathi_Female/wav/mr_f_finance_01277.wav	Marathi_Female	जर आर्थिक वर्षाच्या अखेरीस पोस्ट ऑफिस बचत खात्यात झीरो बॅलन्स असेल तर ते खाते आपोआप बंद होईल.
/home/vijay/Desktop/All_Files/ALL_TTS/DIS_Vector_Embedding_Integration/Data/Marathi_Female/wav/mr_f_books_00572.wav	Marathi_Female	मुद्रित स्वरूपात संहिता उपलब्ध असणारे पहिले नाटक वि.ज.कीर्तने यांनी १८६१ साली लिहिलेले ‘थोरले माधवराव पेशवे’ हे होय.
/home/vijay/Desktop/All_Files/ALL_TTS/DIS_Vector_Embedding_Integration/Data/Marathi_Female/wav/mr_f_agri_03324.wav	Marathi_Female	ठिबक, तुषार किंवा पाटानेही सिंचन करणे सोईस्कर होते. पिकास पाण्याचा ताण बसत नाही, तसेच अतिरिक्त पाणी झाल्यास निचराही त्वरीत होतो.
/home/vijay/Desktop/All_Files/ALL_TTS/DIS_Vector_Embedding_Integration/Data/Marathi_Female/wav/mr_f_education_01672.wav	Marathi_Female	अमेरिकेचे माजी राष्ट्राध्यक्ष असलेले बराक ओबामा हे त्यांच्या वेगळ्य शैलीमुळे ओळखले जातात.
/home/vijay/Desktop/All_Files/ALL_TTS/DIS_Vector_Embedding_Integration/Data/Marathi_Female/wav/mr_f_politics_00755.wav	Marathi_Female	आणखी एक सिनेमा होता, त्यात सिद्धार्थ होता, त्याचे आई वडील डीव्होर्शी असतात आणि मग ती मुलगी त्यांना एकत्र आणते.
/home/vijay/Desktop/All_Files/ALL_TTS/DIS_Vector_Embedding_Integration/Data/Marathi_Female/wav/mr_f_weather_02694.wav	Marathi_Female	रिमोट सेन्सिंग पद्धतीने पृथ्वीवरून हाताळण्यात येणाऱ्या या उपग्रहाने पाठविलेल्या पहिल्या अचूक छायाचित्राने इस्रोच्या शिरपेचात मानाचा तुरा खोवला आहे.
/home/vijay/Desktop/All_Files/ALL_TTS/DIS_Vector_Embedding_Integration/Data/Marathi_Female/wav/mr_f_education_02506.wav	Marathi_Female	मीदेखील कॉलेजच्या कॅण्टीनमध्ये म्हणालो, मी आता पारतंत्र्यात नाही, मी इंग्रजीचं जोखड मानेवर घेणार नाही.
/home/vijay/Desktop/All_Files/ALL_TTS/DIS_Vector_Embedding_Integration/Data/Marathi_Female/wav/mr_f_finance_02488.wav	Marathi_Female	हॉस्पिटलचा खर्च व उपचाराचा खर्च म्हणून {४}{चार} लाख {३५}{पस्तीस} हजार डॉलर कंपनीने द्यावेत, असा निर्णय फेडरल कोर्टाने दिला.
/home/vijay/Desktop/All_Files/ALL_TTS/DIS_Vector_Embedding_Integration/Data/Marathi_Female/wav/mr_f_politics_01467.wav	Marathi_Female	बॉंबच्या स्फोटात अन्य दोन जवान गंभीर जखमी झाले असून त्यांना तातडीने रुग्णालयात दाखल केल्याचे संरक्षण मंत्री मारिऊस ब्लास्जजाक यांनी सांगितले.
/home/vijay/Desktop/All_Files/ALL_TTS/DIS_Vector_Embedding_Integration/Data/Marathi_Female/wav/mr_f_politics_00564.wav	Marathi_Female	या हुतात्म्यांचा बलिदानाचा इतिहास तरुणपिढीसमोर कायम राहावा, यासाठी शासनाने हुतात्म्यांच्या स्मरणार्थ त्यांच्या गावात हुतात्मा स्मारके उभी केली आहेत.
/home/vijay/Desktop/All_Files/ALL_TTS/DIS_Vector_Embedding_Integration/Data/Marathi_Female/wav/mr_f_finance_02794.wav	Marathi_Female	रचप्पा रंगा नावाच्या एका व्यक्तीनं आपण 'मजूर' असल्याचं सांगत आपलं वार्षिक उत्पन्न {४०}{चाळीस} लाख असल्याचं जाहीर करत आयकर परतावा भरला.
/home/vijay/Desktop/All_Files/ALL_TTS/DIS_Vector_Embedding_Integration/Data/Marathi_Female/wav/mr_f_education_01665.wav	Marathi_Female	कन्फुशिअस गेला, परंतु आजही चीनमधील राजकीय आणि सामाजिक जीवनावर त्याचा पगडा आहे.
/home/vijay/Desktop/All_Files/ALL_TTS/DIS_Vector_Embedding_Integration/Data/Marathi_Female/wav/mr_f_books_02292.wav	Marathi_Female	तंत्रज्ञानावर आधारित उद्योग वाढत असले, तरी परंपरागत उद्योग महत्त्वाचे आहेत.
/home/vijay/Desktop/All_Files/ALL_TTS/DIS_Vector_Embedding_Integration/Data/Marathi_Female/wav/mr_f_finance_02986.wav	Marathi_Female	एका वित्तीय वर्षात सरकारद्वारे मिळवण्यात आलेला महसूल आणि एकूण खर्चाच्या विस्तृत माहितीला बजेट म्हणतात.
/home/vijay/Desktop/All_Files/ALL_TTS/DIS_Vector_Embedding_Integration/Data/Marathi_Female/wav/mr_f_finance_03499.wav	Marathi_Female	भारतातील शिक्षकांना आणि पोलिसांना अधिक पगार दिला पाहिजे, अशी शिफारस राधाकृष्णन आयोगाने केलेली आहे.
/home/vijay/Desktop/All_Files/ALL_TTS/DIS_Vector_Embedding_Integration/Data/Marathi_Female/wav/mr_f_weather_02097.wav	Marathi_Female	जगातले सर्व लोक तोंडात बोट घालून भारताच्या या यशाकडे पाहत आहेत.
/home/vijay/Desktop/All_Files/ALL_TTS/DIS_Vector_Embedding_Integration/Data/Marathi_Female/wav/mr_f_books_01672.wav	Marathi_Female	या पार्श्वभूमीवर आपल्याला असे म्हणता येईल, की राजकीय सत्ता प्राप्त करण्यासाठी जेव्हा लोक एकत्र येऊन निवडणूक प्रक्रियेत सहभागी होतात तेव्हा त्या संघटनांना ‘राजकीय पक्ष’ म्हटले जाते.
/home/vijay/Desktop/All_Files/ALL_TTS/DIS_Vector_Embedding_Integration/Data/Marathi_Female/wav/mr_f_weather_02262.wav	Marathi_Female	बरेच दिवस यापलीकडे मॉझ्झरेलाचा इतर काही उपयोग असेल असा विचारही आला नव्हता.
/home/vijay/Desktop/All_Files/ALL_TTS/DIS_Vector_Embedding_Integration/Data/Marathi_Female/wav/mr_f_politics_01375.wav	Marathi_Female	सरकारने स्थानिक सत्ताधारी आणि पार्ट्यांना सामावून विकास कामाचे उदघाटन करणं गरजेचं असतं असंही मत पवार यांनी व्यक्त केलं.
/home/vijay/Desktop/All_Files/ALL_TTS/DIS_Vector_Embedding_Integration/Data/Marathi_Female/wav/mr_f_weather_02794.wav	Marathi_Female	एवढेच नव्हे तर नौरोज शिरवाई, आमिन, दफ्तरी आदी नामांकित वकिलांची भली मोठी पोर्ट्रेटही या ग्रंथालयात लावण्यात आली आहे.
/home/vijay/Desktop/All_Files/ALL_TTS/DIS_Vector_Embedding_Integration/Data/Marathi_Female/wav/mr_f_other_02312.wav	Marathi_Female	दरम्यान, राजवर्धन कांबळे, पंकज खोत यांना पुस्तक आणि रोख रक्कम देऊन मान्यवरांच्या हस्तें सत्कार केला.
/home/vijay/Desktop/All_Files/ALL_TTS/DIS_Vector_Embedding_Integration/Data/Marathi_Female/wav/mr_f_education_02512.wav	Marathi_Female	या सगळ्या विनोदी गोंधळात दिलजीत चा चार्म आणि सोनाक्षीचा इनोसन्स तेवढा लक्षात राहतो.
/home/vijay/Desktop/All_Files/ALL_TTS/DIS_Vector_Embedding_Integration/Data/Marathi_Female/wav/mr_f_other_02372.wav	Marathi_Female	त्या एका व्हिडिओमुळे प्रिया एका रात्रीत लाखो तरुणांच्या दिलाची धडकन झाली होती.
/home/vijay/Desktop/All_Files/ALL_TTS/DIS_Vector_Embedding_Integration/Data/Marathi_Female/wav/mr_f_agri_02227.wav	Marathi_Female	तसेच वालाच्या शेंगा पोटाला बाधत नाहीत आणि लज्जतदार चवदेखील येते हे याचे वैशिष्ट्य.
/home/vijay/Desktop/All_Files/ALL_TTS/DIS_Vector_Embedding_Integration/Data/Marathi_Female/wav/mr_f_books_01499.wav	Marathi_Female	लोकशाहीत नागरिकांचे सक्षमीकरण अनेक मार्गांनी झाले पाहिजे.
/home/vijay/Desktop/All_Files/ALL_TTS/DIS_Vector_Embedding_Integration/Data/Marathi_Female/wav/mr_f_other_02965.wav	Marathi_Female	किसान सभेच्या नावावर निघालेल्या ह्या मोर्च्याची पार्श्वभूमी पाहिल्यास माकप, कम्युनिस्टांची नीती दिसून येते.
/home/vijay/Desktop/All_Files/ALL_TTS/DIS_Vector_Embedding_Integration/Data/Marathi_Female/wav/mr_f_politics_00662.wav	Marathi_Female	सुरुवातीला शांताराम बापूंच्या सगळ्या मित्रांनी आणि सहकाऱ्यांनी अगदी तंत्रज्ञांनी सुद्धा दो आँखे बारह हाथ ला विरोध केला होता.
/home/vijay/Desktop/All_Files/ALL_TTS/DIS_Vector_Embedding_Integration/Data/Marathi_Female/wav/mr_f_finance_02562.wav	Marathi_Female	सहकारी संस्थेने निव्वळ नफा न मिळविता ठेवी व कर्जाची योग्य सांगड घालून संस्थेच्या माध्यमातून सभासदाचा उत्कर्ष साधावा.
/home/vijay/Desktop/All_Files/ALL_TTS/DIS_Vector_Embedding_Integration/Data/Marathi_Female/wav/mr_f_weather_01224.wav	Marathi_Female	धावायला सुरुवात करायच्या अर्धा तास आधी ब्रेडबटर, एखादा स्लाइस किंवा थोडं दूध असं घेऊ शकता.
/home/vijay/Desktop/All_Files/ALL_TTS/DIS_Vector_Embedding_Integration/Data/Marathi_Female/wav/mr_f_politics_00944.wav	Marathi_Female	मतदान कुणाला केलं हे गुप्त राहायला हवं यासाठी निवडणूक आयोग प्रंचंड खबरदारी घेत असतं.
/home/vijay/Desktop/All_Files/ALL_TTS/DIS_Vector_Embedding_Integration/Data/Marathi_Female/wav/mr_f_agri_02286.wav	Marathi_Female	उन्हाळ्यात पाणी टंचाईची समस्या गडद होत असताना केवळ नियोजनाच्या अभावी पाणी साठवणीचे नैसर्गिक स्रोत वापरातच न आल्याने झालेल्या नुकसानीची जबाबदारी कोणाची?
/home/vijay/Desktop/All_Files/ALL_TTS/DIS_Vector_Embedding_Integration/Data/Marathi_Female/wav/mr_f_other_01562.wav	Marathi_Female	सिनेमा जुना आहे, पॉल न्यूमन आणि रॉबर्ट रेडफोर्ड या दोघांच्या कारकीर्दीत मानाचं स्थान मिळून गेलेला एक "वेस्टर्न क्लासिक" आहे.
/home/vijay/Desktop/All_Files/ALL_TTS/DIS_Vector_Embedding_Integration/Data/Marathi_Female/wav/mr_f_finance_02905.wav	Marathi_Female	प्रत्यक्ष कर संकलन करणाऱ्या केंद्रीय संस्थेबद्दल करण्यात येत असलेल्या चर्चेनंतर ही माहिती सादर करण्यात आली आहे.
/home/vijay/Desktop/All_Files/ALL_TTS/DIS_Vector_Embedding_Integration/Data/Marathi_Female/wav/mr_f_books_02092.wav	Marathi_Female	या भागात हवेचे तापमान जास्त असते.
/home/vijay/Desktop/All_Files/ALL_TTS/DIS_Vector_Embedding_Integration/Data/Marathi_Female/wav/mr_f_other_01944.wav	Marathi_Female	या घटनेची माहिती मिळताच अग्निशमन दलाच्या सात गाड्या घटनास्थळी दाखल झाल्या.
/home/vijay/Desktop/All_Files/ALL_TTS/DIS_Vector_Embedding_Integration/Data/Marathi_Female/wav/mr_f_politics_01425.wav	Marathi_Female	बहुतेक मतदान हे एकच काम शासकिय कर्मचारी वेळेत सुरु करत असावेत, त्यांचे त्याबद्दल धन्यवाद.
/home/vijay/Desktop/All_Files/ALL_TTS/DIS_Vector_Embedding_Integration/Data/Marathi_Female/wav/mr_f_weather_00752.wav	Marathi_Female	हिंदुंप्रमाणे मुस्लिमांतही अनेक वाईट चालीरीती आहेत आणि काहीतर हिंदुंपेक्षा अधिक वाईट आहेत.
/home/vijay/Desktop/All_Files/ALL_TTS/DIS_Vector_Embedding_Integration/Data/Marathi_Female/wav/mr_f_education_03407.wav	Marathi_Female	पण शेजारील देश असलेल्या पाकिस्तानने मात्र सर्वौच्च न्यायालयाच्या निकालावर नाराजी व्यक्त केली आहे.
/home/vijay/Desktop/All_Files/ALL_TTS/DIS_Vector_Embedding_Integration/Data/Marathi_Female/wav/mr_f_politics_02099.wav	Marathi_Female	समोरचे दृश्य दिसणाऱ्या मोठाल्या आयताकृती खिडक्या, दोन आसनांमध्ये चांगले ऐसपैस पाय पसरून बसता येईल अशी जागा पाहून प्रवाशांसह बच्चे कंपनीही जाम खूश झाली
/home/vijay/Desktop/All_Files/ALL_TTS/DIS_Vector_Embedding_Integration/Data/Marathi_Female/wav/mr_f_agri_02450.wav	Marathi_Female	लहान ब्रशने दर तीन महिन्यांनी किमान एकदा फुलांवरील धूळ झटकून पुसा.
/home/vijay/Desktop/All_Files/ALL_TTS/DIS_Vector_Embedding_Integration/Data/Marathi_Female/wav/mr_f_books_02345.wav	Marathi_Female	ब्राझीलमध्ये लोहमार्गांचा जास्त विकास झालेला नाही.
/home/vijay/Desktop/All_Files/ALL_TTS/DIS_Vector_Embedding_Integration/Data/Marathi_Female/wav/mr_f_health_00667.wav	Marathi_Female	न्यूमोनिआ विरोधी लस, गोवर लस, ट्रिपल लस, इन्फ्लुएंझा विरोधी लस हे लसीकरण योग्य वेळी नियमित केल्यास गंभीर आजारपण टाळता येते.
/home/vijay/Desktop/All_Files/ALL_TTS/DIS_Vector_Embedding_Integration/Data/Marathi_Female/wav/mr_f_health_02450.wav	Marathi_Female	छिद्र पाडणे म्हणजे गुडघ्याच्या सांध्यातील अतिप्राधा द्रवपदार्थ आणि रक्त बाहेर टाकणे.
/home/vijay/Desktop/All_Files/ALL_TTS/DIS_Vector_Embedding_Integration/Data/Marathi_Female/wav/mr_f_finance_03291.wav	Marathi_Female	मागील तीन वर्षापासून सूक्ष्म सिंचनासाठी थकलेले अनुदान पूर्णपणे उपलब्ध करून देण्यात येईल
/home/vijay/Desktop/All_Files/ALL_TTS/DIS_Vector_Embedding_Integration/Data/Marathi_Female/wav/mr_f_agri_00995.wav	Marathi_Female	किंचित आंबटपणा असलेली फळे स्ट्रॉबेरी, ब्लूबेरी, रासबेरी, गूजबेरी, ब्लॅकबेरी, किवी इत्यादी आहेत.
/home/vijay/Desktop/All_Files/ALL_TTS/DIS_Vector_Embedding_Integration/Data/Marathi_Female/wav/mr_f_finance_02786.wav	Marathi_Female	{१}{एक} नोव्हेंबर {२००५}{दोन हजार पाच} पूर्वी अर्धवेळ व अंशत: अनुदानित तत्वावर नियुक्त शिक्षकांना जुनी पेन्शन योजना लागू करण्यात यावी.
/home/vijay/Desktop/All_Files/ALL_TTS/DIS_Vector_Embedding_Integration/Data/Marathi_Female/wav/mr_f_agri_02242.wav	Marathi_Female	गरोदर स्त्रियांनी आंबट फळे खाऊ नयेत तसेच हवाबंद डब्यातील फळांचे रस पिऊ नयेत.
/home/vijay/Desktop/All_Files/ALL_TTS/DIS_Vector_Embedding_Integration/Data/Marathi_Female/wav/mr_f_finance_02997.wav	Marathi_Female	म्युच्युअल फंडांच्या मिड व स्मॉल कॅप योजनांमध्ये गुंतवणूक करण्याचा विचार करावा.
/home/vijay/Desktop/All_Files/ALL_TTS/DIS_Vector_Embedding_Integration/Data/Marathi_Female/wav/mr_f_agri_02216.wav	Marathi_Female	पावसाळ्यात जुनाट झाडे कोसळून किंवा फांद्या पडून दुर्घटना घडू नये, याकरता अशा झाडांची छाटणी केली जाते.
/home/vijay/Desktop/All_Files/ALL_TTS/DIS_Vector_Embedding_Integration/Data/Marathi_Female/wav/mr_f_politics_02319.wav	Marathi_Female	भावानेच केली भावाची निघृण हत्या! हत्या करून कापलेले शीर घेऊन आरोपी पोलिसांत हजर झाला
/home/vijay/Desktop/All_Files/ALL_TTS/DIS_Vector_Embedding_Integration/Data/Marathi_Female/wav/mr_f_health_03974.wav	Marathi_Female	वैद्यकशास्त्राच्या विकासामुळे मानवाचे आयुर्मान वाढले, त्यातून या शास्त्राचा उगम झाला.
/home/vijay/Desktop/All_Files/ALL_TTS/DIS_Vector_Embedding_Integration/Data/Marathi_Female/wav/mr_f_education_01779.wav	Marathi_Female	त्यातच सचिन तेंडुलकर फलंदाजी करणार होता .त्यादिवशी काही स्टॅँड तेही अर्धवट भरलेले होते.
/home/vijay/Desktop/All_Files/ALL_TTS/DIS_Vector_Embedding_Integration/Data/Marathi_Female/wav/mr_f_health_00757.wav	Marathi_Female	दानशूर हात आणि मृदू हृदय हीच माणसाची सर्वात मोठी श्रीमंती असल्याचेही त्या म्हणाल्या.
/home/vijay/Desktop/All_Files/ALL_TTS/DIS_Vector_Embedding_Integration/Data/Marathi_Female/wav/mr_f_weather_02374.wav	Marathi_Female	रतनारा याच्या घरी धाड घालून चार हजार तीनशे चाळीस रूपये किंमतीच्या देशी दारूच्या बाटल्या जप्त केल्या आहेत.
/home/vijay/Desktop/All_Files/ALL_TTS/DIS_Vector_Embedding_Integration/Data/Marathi_Female/wav/mr_f_weather_02027.wav	Marathi_Female	तसे कुठलेही स्फोटक कारण वा निमित्त अजून विरोधकांच्या हाती लागलेले नाही.
/home/vijay/Desktop/All_Files/ALL_TTS/DIS_Vector_Embedding_Integration/Data/Marathi_Female/wav/mr_f_politics_02022.wav	Marathi_Female	या तंबूत बिहारचे राज्यपाल लालजी टंडन यांचे वास्तव्य होते, ते सुदैवाने बचावले असुन त्यांचा चष्मा, घडयाळ आणि मोबाईल मात्र जळून खाक झाला आहे
/home/vijay/Desktop/All_Files/ALL_TTS/DIS_Vector_Embedding_Integration/Data/Marathi_Female/wav/mr_f_education_02963.wav	Marathi_Female	त्यामुळे त्याने गेल्या गेल्या तिच्या वडिलांना व आजीला कोल्ड्रिंंक प्यायला दिले.
/home/vijay/Desktop/All_Files/ALL_TTS/DIS_Vector_Embedding_Integration/Data/Marathi_Female/wav/mr_f_politics_01696.wav	Marathi_Female	बरं, मुखर्जींच्या त्या थेट प्रश्नावर उषा खन्नांकडेही काही उत्तर असण्याचं कारण नव्हतं.
/home/vijay/Desktop/All_Files/ALL_TTS/DIS_Vector_Embedding_Integration/Data/Marathi_Female/wav/mr_f_other_03544.wav	Marathi_Female	त्यामुळे रंजित दासने बनावट सीमकार्ड आणायची जबाबदारी त्याचे सख्खे मेव्हणे सुरज आणि नवीन यांच्यावर सोपविली होती.
/home/vijay/Desktop/All_Files/ALL_TTS/DIS_Vector_Embedding_Integration/Data/Marathi_Female/wav/mr_f_agri_03494.wav	Marathi_Female	एकरी दोन ते अडीच टन, अन् दीड ते दोन गुंठे असे एकरी ऊस बेणे लागते.
/home/vijay/Desktop/All_Files/ALL_TTS/DIS_Vector_Embedding_Integration/Data/Marathi_Female/wav/mr_f_finance_02216.wav	Marathi_Female	त्यामुळे नोव्हेंबर {२०१६}{दोन हजार सोळा}मध्ये धर्मादाय आयुक्तांनी मंडळाला कर्ज घेण्याची परवानगी नाकारली.
