/home/vijay/Desktop/All_Files/ALL_TTS/DIS_Vector_Embedding_Integration/Data/Marathi_Male/wav/mr_m_agri_03406.wav	Marathi_Male	मंगळवारी रात्री विटे येथील बोंडगीहाळ नावाच्या शेतात शिरलेल्या हत्तीने अक्षरश: भात पिकाची मळणी केली असून महादेव चव्हाण यांच्या पिकाचे मोठे नुकसान झाले आहे
/home/vijay/Desktop/All_Files/ALL_TTS/DIS_Vector_Embedding_Integration/Data/Marathi_Male/wav/mr_m_education_00018.wav	Marathi_Male	हॅमिल्टन मॅसॅकद्झा आणि ईल्टन चिगुंबुराने चांगली फलंदाजी केली तरी वुसी सिबांडा, चार्ल्स कॉव्हेंट्री, सीन विल्यम्स आणि सिकंदर रझाला फलंदाजीत अधिक योगदान द्यावे लागेल
/home/vijay/Desktop/All_Files/ALL_TTS/DIS_Vector_Embedding_Integration/Data/Marathi_Male/wav/mr_m_general_00370.wav	Marathi_Male	ज्या दिवशी फ्रेडरिक नीत्शेने घोषित केलं की देव मेला आहे त्यादिवशी देव मेला नाही पण नीत्शे मात्र त्याच दिवशी वेडा झाला
/home/vijay/Desktop/All_Files/ALL_TTS/DIS_Vector_Embedding_Integration/Data/Marathi_Male/wav/mr_m_politics_02804.wav	Marathi_Male	त्यापैकी सर्वात सामान्य लोक शिन, झियाओ, सेझ्यू, लाइ, किम, डेम, चेन आहेत
/home/vijay/Desktop/All_Files/ALL_TTS/DIS_Vector_Embedding_Integration/Data/Marathi_Male/wav/mr_m_weather_02709.wav	Marathi_Male	"समृध्दी महामार्गाचं नावही आम्हीच ठरवणार तुम्ही बसा भांडत", अशी मिश्कील टिप्पणीही अजित पवारांनी केली आहे.
/home/vijay/Desktop/All_Files/ALL_TTS/DIS_Vector_Embedding_Integration/Data/Marathi_Male/wav/mr_m_education_03432.wav	Marathi_Male	आर्थो आणि डी जी ओ स्ञी रोग तज्ञ पदवी संपादित करीत वैद्यकीय शिक्षणात भरारी घेतली आहे.
/home/vijay/Desktop/All_Files/ALL_TTS/DIS_Vector_Embedding_Integration/Data/Marathi_Male/wav/mr_m_education_00571.wav	Marathi_Male	इफ्फीच्या सुवर्ण महोत्सवी वर्षानिमित्त रविवारी पणजीत इफ्फीच्या सुकाणू समितीची पहिली बैठक झाली
/home/vijay/Desktop/All_Files/ALL_TTS/DIS_Vector_Embedding_Integration/Data/Marathi_Male/wav/mr_m_education_01187.wav	Marathi_Male	तसंच भविष्यात शास्त्रीला भेटेन तेव्हा या किश्शाबद्दल विचारेन, कारण असा कोणताच प्रकार घडला नव्हता, असं गांगुली म्हणाला होता
/home/vijay/Desktop/All_Files/ALL_TTS/DIS_Vector_Embedding_Integration/Data/Marathi_Male/wav/mr_m_agri_03308.wav	Marathi_Male	यामुळे पाण्याचे स्त्रोत दुषित होणे तसेच माती व हवा प्रदुषित होत आहे
/home/vijay/Desktop/All_Files/ALL_TTS/DIS_Vector_Embedding_Integration/Data/Marathi_Male/wav/mr_m_agri_02963.wav	Marathi_Male	शिफारस केल्याप्रमाणे भातपिकला हेक्टरी शंभर  किलो नत्र, पन्नास  किलो स्फुरद व पन्नास  किलो पालाश खत द्यावे
/home/vijay/Desktop/All_Files/ALL_TTS/DIS_Vector_Embedding_Integration/Data/Marathi_Male/wav/mr_m_other_03968.wav	Marathi_Male	परमाब्धि ग्रंथाचे वाचन, चिंतन केले पाहिजे, असे सांगत नामस्मरण भजन गाण्यासह आपले प्रवचन केले
/home/vijay/Desktop/All_Files/ALL_TTS/DIS_Vector_Embedding_Integration/Data/Marathi_Male/wav/mr_m_other_00286.wav	Marathi_Male	मला मोगुबाई ऐ कायच्या आहेत, मला भीमसेन ऐ कायचे आहेत, मला किशोरीबाई ऐ कायच्या आहेत, मला दिनानाथांचं गाणं ऐ कायचं आहे
/home/vijay/Desktop/All_Files/ALL_TTS/DIS_Vector_Embedding_Integration/Data/Marathi_Male/wav/mr_m_general_00759.wav	Marathi_Male	सर्वोच्च न्यायालयाने नियुक्त केलेल्या प्रशासकीय समितीत तीन सदस्यीय क्रिकेट सल्लागार समितीचे प्रमुख हे देव असतील
/home/vijay/Desktop/All_Files/ALL_TTS/DIS_Vector_Embedding_Integration/Data/Marathi_Male/wav/mr_m_weather_00590.wav	Marathi_Male	कराड परिसरात तीन बलाढ्य सहकारी व एक खाजगी साखर कारखाना डौलाने उभे आहेत.
/home/vijay/Desktop/All_Files/ALL_TTS/DIS_Vector_Embedding_Integration/Data/Marathi_Male/wav/mr_m_agri_03584.wav	Marathi_Male	ताकारी, म्हैसाळ उपसा सिंचन योजनांच्या उरलेल्या कामांचा प्रधानमंत्री कृषी सिंचन योजनेत समावेश झाला आहे
/home/vijay/Desktop/All_Files/ALL_TTS/DIS_Vector_Embedding_Integration/Data/Marathi_Male/wav/mr_m_agri_03484.wav	Marathi_Male	आपण कंपोस्ट, शेणखत वा कोणतेही सेंद्रिय खत जमिनीत टाकले असता त्यातील प्रथिने किंवा अन्य स्वरूपात नत्राचे रूपांतर अमोनिअम व नंतर नायट्रेट स्वरूपात होते
/home/vijay/Desktop/All_Files/ALL_TTS/DIS_Vector_Embedding_Integration/Data/Marathi_Male/wav/mr_m_health_03538.wav	Marathi_Male	मेंदू व मेनिंजेस यांच्या मधील पोकळीत एक प्रकारचा द्रवपदार्थ असतो त्याला मेंदूजल अथवा 'सीएसएफ' म्हणतात
/home/vijay/Desktop/All_Files/ALL_TTS/DIS_Vector_Embedding_Integration/Data/Marathi_Male/wav/mr_m_education_00666.wav	Marathi_Male	सच्ची जीवनमूल्यं, कार्यदक्षता आणि निष्ठा हे संस्कार बापूंना या दोन्ही पिढ्यांकडून प्राप्त झाले
/home/vijay/Desktop/All_Files/ALL_TTS/DIS_Vector_Embedding_Integration/Data/Marathi_Male/wav/mr_m_weather_03927.wav	Marathi_Male	शंकाकुल अर्जुनाच्या एकेक प्रश्नाचे उत्तर श्रीकृष्ण देतो आणि त्याला जाणता अर्जुन, आपला प्रिय शिष्योत्तम बनवतो
/home/vijay/Desktop/All_Files/ALL_TTS/DIS_Vector_Embedding_Integration/Data/Marathi_Male/wav/mr_m_general_00103.wav	Marathi_Male	श्री धर्मेंद्र प्रधान स्टील चिंतन शिबीराचे उद्घाटन केंद्रीय स्टील आणि पेट्रोलियम आणि नैसर्गिक गॅस मंत्री श्री धर्मेंद्र प्रधान यांनी चिंता शिविरमध्ये भाग घेतला
/home/vijay/Desktop/All_Files/ALL_TTS/DIS_Vector_Embedding_Integration/Data/Marathi_Male/wav/mr_m_health_03811.wav	Marathi_Male	मेंदूची क्षमता वाढवणाऱ्या व्यायाम प्रकारांना मस्तिष्कव्यायाम असे म्हणतात. यांमुळे मेंदूचे आरोग्य राखण्यास मदत होते.
/home/vijay/Desktop/All_Files/ALL_TTS/DIS_Vector_Embedding_Integration/Data/Marathi_Male/wav/mr_m_health_03853.wav	Marathi_Male	अनेक स्त्रियांमध्ये असा समज आहे की, कर्करोग हा श्रीमंतांचा अथवा म्हातारपणी होणारा रोग आहे. त्यामुळे बहुतांशी तरुण स्त्रिया त्यांना कळून आलेल्या कर्करोगाच्या लक्षणांकडे दुर्लक्ष करतात.
/home/vijay/Desktop/All_Files/ALL_TTS/DIS_Vector_Embedding_Integration/Data/Marathi_Male/wav/mr_m_general_00738.wav	Marathi_Male	जाताजाता त्यांनी वाढीव एनपीएचे खापर फिनॅकल या बॅंकीग संगणक प्रणालीवर फोडले
/home/vijay/Desktop/All_Files/ALL_TTS/DIS_Vector_Embedding_Integration/Data/Marathi_Male/wav/mr_m_general_00182.wav	Marathi_Male	मध्ये अलेक्सा वेगा यांनी संगीत "हॅयरस्प्रे" मध्ये प्रसिद्ध ब्रॉडवेवर प्रसिद्ध पेनी पिंग्लटॉन खेळले
/home/vijay/Desktop/All_Files/ALL_TTS/DIS_Vector_Embedding_Integration/Data/Marathi_Male/wav/mr_m_agri_00551.wav	Marathi_Male	महात्मा गांधींच्या काळामध्ये जो सूत वळण्याचा चरखा होता तशाच चरख्यावर सूत व दोरखंड वळतात.
/home/vijay/Desktop/All_Files/ALL_TTS/DIS_Vector_Embedding_Integration/Data/Marathi_Male/wav/mr_m_agri_02121.wav	Marathi_Male	रात्रीच्या काळोखात ही पांढरी शुभ्र फुले झाडावर चांदण्या बसल्या की काय अशीच भासायची
/home/vijay/Desktop/All_Files/ALL_TTS/DIS_Vector_Embedding_Integration/Data/Marathi_Male/wav/mr_m_general_00168.wav	Marathi_Male	तेव्हां एआरह हा एकादक या वैदिक व संस्कृत शब्दाचा अपभ्रंश नाहीं
/home/vijay/Desktop/All_Files/ALL_TTS/DIS_Vector_Embedding_Integration/Data/Marathi_Male/wav/mr_m_agri_00919.wav	Marathi_Male	बँड-एड न दुखता काढण्यासाठी कापूस व्होडकामध्ये बुडवून त्यावर फिरवा.
/home/vijay/Desktop/All_Files/ALL_TTS/DIS_Vector_Embedding_Integration/Data/Marathi_Male/wav/mr_m_general_01522.wav	Marathi_Male	दिल्ली क्राइम कॅपिटल म्हणून कुख्यात होतीच आता पोल्यूशन कॅपिटल म्हणजे प्रदूषणाची राजधानी असा आणखी एक डाग दिल्लीच्या माथी लागला पुन्हा हा डाग ज्यांच्यामुळे लागला
/home/vijay/Desktop/All_Files/ALL_TTS/DIS_Vector_Embedding_Integration/Data/Marathi_Male/wav/mr_m_education_02260.wav	Marathi_Male	उमदी, माडग्याळ, सुसलाद, सोनलगी, हळ्ळी, बालगाव, बेळूडंगी, संख, तिकोंडी, अचकनळ्ळी यासह अन्य गावांत वाळूचा बेसुमार बेकायदा उपसा सुरू आहे.
/home/vijay/Desktop/All_Files/ALL_TTS/DIS_Vector_Embedding_Integration/Data/Marathi_Male/wav/mr_m_politics_01810.wav	Marathi_Male	संरक्षण आणि गुप्तचर यंत्रणा या चॅटिंग अॅप्लिकेशनच्या मूळाचा कसून शोध घेत आहेत
/home/vijay/Desktop/All_Files/ALL_TTS/DIS_Vector_Embedding_Integration/Data/Marathi_Male/wav/mr_m_weather_00453.wav	Marathi_Male	महाराष्ट्राचा अपवाद वगळता भाजपामध्ये आसेतु हिमालय योगी आदित्यनाथ, साध्वी निरंजन ज्योती, साध्वी प्राची अशाच मंडळींचा भरणा आहे.
/home/vijay/Desktop/All_Files/ALL_TTS/DIS_Vector_Embedding_Integration/Data/Marathi_Male/wav/mr_m_politics_01551.wav	Marathi_Male	मुंबई वरिष्ठांच्या जाचाचा सामना करणाऱ्या उत्पीडित महिला डॉक्टरांसाठी आता निवासी डॉक्टरांच्या मार्ड या संघटनेने लढा देण्याचा निर्णय घेतला आहे
/home/vijay/Desktop/All_Files/ALL_TTS/DIS_Vector_Embedding_Integration/Data/Marathi_Male/wav/mr_m_agri_01678.wav	Marathi_Male	कढीसाठी फणसगरे, आठिळ्या, काकडी, पडवळ, लाल भोपळा, शेंगा या व्यंजनांचा  उल्लेख आढळतो
/home/vijay/Desktop/All_Files/ALL_TTS/DIS_Vector_Embedding_Integration/Data/Marathi_Male/wav/mr_m_education_00228.wav	Marathi_Male	आणि त्यामुळे सध्या सुट्ट्यांमध्ये आणि पुढेही तुमचं मूल फिट आणि हेल्थी राहाण्यासाठी ही चर्चा नक्की बघा
/home/vijay/Desktop/All_Files/ALL_TTS/DIS_Vector_Embedding_Integration/Data/Marathi_Male/wav/mr_m_education_00195.wav	Marathi_Male	गुजरात लायन्स संघाच्या फलंदाजीची भिस्त कर्णधार रैना, फिंच, ब्रेंडॉन मेकॉलम, दिर्नेश कार्तिक आणि ड्वेन स्मिथ यांच्यावर राहील
/home/vijay/Desktop/All_Files/ALL_TTS/DIS_Vector_Embedding_Integration/Data/Marathi_Male/wav/mr_m_education_02860.wav	Marathi_Male	दरम्यान रक्ताच्या नमुन्यात निपाह व्हायरस असल्याच्या वृत्ताला पुणे व्हायरोलॉजी इन्स्टीट्यूटने दुजोरा दिला आहे.
/home/vijay/Desktop/All_Files/ALL_TTS/DIS_Vector_Embedding_Integration/Data/Marathi_Male/wav/mr_m_politics_03006.wav	Marathi_Male	एकदा रुग्ण हास्पिटलच्या तावडीत सापडला की त्यातून त्याला बाहेर काढणे नेक्स्ट टु इम्पॉसिबल ठरत आहे
/home/vijay/Desktop/All_Files/ALL_TTS/DIS_Vector_Embedding_Integration/Data/Marathi_Male/wav/mr_m_weather_02025.wav	Marathi_Male	इतकी वर्षे इतके आशयघन, अर्थपूर्ण काम करूनही त्यांची त्या मानाने दखल घेतली गेली नाही याचे किंचितसे शल्य डॉक्टरांना आहे.
/home/vijay/Desktop/All_Files/ALL_TTS/DIS_Vector_Embedding_Integration/Data/Marathi_Male/wav/mr_m_education_02453.wav	Marathi_Male	प्रदर्शनात दुचाकी आणि चारचाकी कंपन्यांनी कॅशबॅक, हमखास गिफ्ट, लकी ड्रॉ, कॅश डिस्काऊंट, एक्स्चेंज बोनस आदींसह विविध प्रकारच्या भरघोस ऑफर्स जाहीर केल्या होत्या.
/home/vijay/Desktop/All_Files/ALL_TTS/DIS_Vector_Embedding_Integration/Data/Marathi_Male/wav/mr_m_weather_03041.wav	Marathi_Male	डॉ स्यूसचे हे पहिले पुस्तक तब्बल सत्तावीस  प्रकाशकांच्या 'साभार परत' अभिप्रायाचे धनी झाले.
/home/vijay/Desktop/All_Files/ALL_TTS/DIS_Vector_Embedding_Integration/Data/Marathi_Male/wav/mr_m_finance_01809.wav	Marathi_Male	सप्टेंबरला संपलेल्या सहा महिन्यांसाठी कंपनीचे एकूण उत्पन्न अठरा हजार चारशे एकोणसत्तर  कोटी रुपये, कर पूर्व नफा अडतीशे एक  कोटी रुपये व करोत्तर नफा पंधराशे तीस  कोटी रुपये होता
/home/vijay/Desktop/All_Files/ALL_TTS/DIS_Vector_Embedding_Integration/Data/Marathi_Male/wav/mr_m_finance_01158.wav	Marathi_Male	जर तुमच्याकडे वेगवेगळ्या वैशिष्ट्यांचे डेबिट कार्ड असेल, तर वार्षिक शुल्क ७५० रुपये असू शकते.
/home/vijay/Desktop/All_Files/ALL_TTS/DIS_Vector_Embedding_Integration/Data/Marathi_Male/wav/mr_m_politics_00244.wav	Marathi_Male	शहरात स्वाइन फ्लू चा एकही रुग्ण नसून स्वाइन फ्लू एक्झिट घेतली आहे.
/home/vijay/Desktop/All_Files/ALL_TTS/DIS_Vector_Embedding_Integration/Data/Marathi_Male/wav/mr_m_education_00340.wav	Marathi_Male	राज्यातील काच कारखान्यांना कच्च्या व पक्क्या मालाचा पुरवठा करण्यासाठी सिंधुदुर्ग जिल्ह्यातील कासार्डे येथील सिलिका खाणीमधून दररोज बेकायदा उत्खनन होत आहे
/home/vijay/Desktop/All_Files/ALL_TTS/DIS_Vector_Embedding_Integration/Data/Marathi_Male/wav/mr_m_general_00508.wav	Marathi_Male	प्रवासात म्हणा, किंवा कुठे निवांत वेळ मिळाला तर टाईमपास म्हणून बहुतेक जण एकाच खेळाला प्राधान्य देतात तो खेळ म्हणजे पत्त्यांचा खेळ
/home/vijay/Desktop/All_Files/ALL_TTS/DIS_Vector_Embedding_Integration/Data/Marathi_Male/wav/mr_m_other_00176.wav	Marathi_Male	सासष्ट कुळां खेरीज आणीक हि बरींच कुळें मही बिंबा बरोबर आली, परंतु मुख्य नावाणिक अशीं कुळें सासष्ट होती
/home/vijay/Desktop/All_Files/ALL_TTS/DIS_Vector_Embedding_Integration/Data/Marathi_Male/wav/mr_m_education_01398.wav	Marathi_Male	कुठल्याही प्रकारचा ताण घेऊ नका डॉ पराग रिंदानी, वोक्खार्ट हॉस्पिटलचे प्रमुख
/home/vijay/Desktop/All_Files/ALL_TTS/DIS_Vector_Embedding_Integration/Data/Marathi_Male/wav/mr_m_health_02006.wav	Marathi_Male	तुमच्या शर्टावर रक्ता सारखे डाग दिसत होते, ते रक्त होते की, रंग?
/home/vijay/Desktop/All_Files/ALL_TTS/DIS_Vector_Embedding_Integration/Data/Marathi_Male/wav/mr_m_politics_02085.wav	Marathi_Male	रेल्वे भाडेवाढ केल्यानंतर साखरेच्या आयात शुल्कात ४० टक्के वाढ झाल्याने घाऊक बाजारात साखरेचे दर क्विंटलमागे ६० रुपयांनी वाढले आहेत
/home/vijay/Desktop/All_Files/ALL_TTS/DIS_Vector_Embedding_Integration/Data/Marathi_Male/wav/mr_m_politics_01563.wav	Marathi_Male	पक्ष सोडण्याच्या तयारीत असलेल्या नेत्यांना सद्बुद्धी मिळावी म्हणून बदलापूर राष्ट्रवादी काँग्रेस पक्षाने चक्क होमहवन केले
/home/vijay/Desktop/All_Files/ALL_TTS/DIS_Vector_Embedding_Integration/Data/Marathi_Male/wav/mr_m_politics_01408.wav	Marathi_Male	परंतु देशप्रेम प्रकट करणारी वंदे मातरमची घोषणा आम्ही देणार नाही असे म्हणण्याचा अधिकार या देशातल्या मुस्लिमांना आहे
/home/vijay/Desktop/All_Files/ALL_TTS/DIS_Vector_Embedding_Integration/Data/Marathi_Male/wav/mr_m_other_01476.wav	Marathi_Male	सीबीआयच्या तपासामुळे मुख्यमंत्री, अनेक केंद्रीय मंत्री, अनेक मोठ्या नेत्याना तुरुंगात जाव लागलं आहे
/home/vijay/Desktop/All_Files/ALL_TTS/DIS_Vector_Embedding_Integration/Data/Marathi_Male/wav/mr_m_finance_01892.wav	Marathi_Male	आरोपींनी न फेडलेल्या कर्जाच्या रकमेचा वापर बेकायदा संपत्ती व काळा पैसा निर्माण करण्यास केला का, हे पाहिले जात आहे
/home/vijay/Desktop/All_Files/ALL_TTS/DIS_Vector_Embedding_Integration/Data/Marathi_Male/wav/mr_m_general_02388.wav	Marathi_Male	सुरुवातीला इंटरनेट आणि अस्ट्रॉनॉट या शब्दांपासून तयार केलेला इंटरनॉट हा शब्द वापरला जात असे
/home/vijay/Desktop/All_Files/ALL_TTS/DIS_Vector_Embedding_Integration/Data/Marathi_Male/wav/mr_m_general_00126.wav	Marathi_Male	फाइल नाव कमी अनुवादित जे म्हणून लावलेला अर्थ जाऊ शकते सर्व्हर क्लाएंट रनटाइम उपप्रणाली, साधित केलेले आहे
/home/vijay/Desktop/All_Files/ALL_TTS/DIS_Vector_Embedding_Integration/Data/Marathi_Male/wav/mr_m_general_02290.wav	Marathi_Male	त्यानंतर संगीत शिकवणे, स्टेज प्रोग्राम करणे, काही गाण्यांचे रेकोर्डिंग करणे यामध्ये काही काळ त्यांनी व्यतीत केला
/home/vijay/Desktop/All_Files/ALL_TTS/DIS_Vector_Embedding_Integration/Data/Marathi_Male/wav/mr_m_finance_01835.wav	Marathi_Male	या शाळेचा खर्च खूप असून, बोर्डाच्या तिजोरीवर त्याचा आर्थिक बोजा पडत असल्याचे कारण देत बोर्डाकडून हे व्यवस्थापन शुल्क आकारण्याचा प्रस्ताव मांडण्यात आला होता
/home/vijay/Desktop/All_Files/ALL_TTS/DIS_Vector_Embedding_Integration/Data/Marathi_Male/wav/mr_m_other_02595.wav	Marathi_Male	'जानो पहचानो और गाओ', 'टाकटिक टिकाऊ', 'कुछ हम कहे कुछ तुम कहो' आणि 'मास्टरशेफ उमेद' अशा स्पर्धांचा फेस्टमध्ये समावेश असेल
/home/vijay/Desktop/All_Files/ALL_TTS/DIS_Vector_Embedding_Integration/Data/Marathi_Male/wav/mr_m_health_03099.wav	Marathi_Male	या दिवसात सर्वत्र चिखल आणि पाण्याचे डबके तयार होते यात लेप्टोचे जिवाणू तयार होतात.
/home/vijay/Desktop/All_Files/ALL_TTS/DIS_Vector_Embedding_Integration/Data/Marathi_Male/wav/mr_m_weather_04210.wav	Marathi_Male	अटक झालेल्या आरोपींमध्ये कमला मिलचा पार्टनर रवी भंडारी, अग्निशमन दलाचा अधिकारी राजेंद्र पाटील आणि हुक्का पुरविणारा कॉन्ट्रॅक्टर उत्कर्ष पांडे यांचा समावेश आहे.
/home/vijay/Desktop/All_Files/ALL_TTS/DIS_Vector_Embedding_Integration/Data/Marathi_Male/wav/mr_m_other_03165.wav	Marathi_Male	तिच्याशिवाय ॲली फॅनिंग, सेम रिले, एमेल्डा स्टॉन्टन, जुना टेम्पल, लेस्ले मेनविले हे देखील या फॅन्टॅसी मुव्हीमध्ये असणार आहेत
/home/vijay/Desktop/All_Files/ALL_TTS/DIS_Vector_Embedding_Integration/Data/Marathi_Male/wav/mr_m_other_00178.wav	Marathi_Male	या संदर्भात, हेन्री फोर्ड, अँड्र्यू कार्नेगी किंवा बिल गेट्ससारख्या मोठ्या उद्योजकांच्या करिष्माई नेत्यांना  कॉल करणे फार कठीण आहे
/home/vijay/Desktop/All_Files/ALL_TTS/DIS_Vector_Embedding_Integration/Data/Marathi_Male/wav/mr_m_politics_00288.wav	Marathi_Male	जेव्हा स्त्री हा अधिकार बजावते तेव्हा त्या तलाक़ला तलाक़ एतफ्विज किंवा डेलिगेटेड तलाक़ असे म्हणतात.
/home/vijay/Desktop/All_Files/ALL_TTS/DIS_Vector_Embedding_Integration/Data/Marathi_Male/wav/mr_m_politics_01647.wav	Marathi_Male	हे पाहून आरोपी सचिन याने पूर्वीच्या भांडणाचा राग मनात धरुन अनिकेत याच्या मानेवर वस्त्र्याने वार करुन जखमी केले
/home/vijay/Desktop/All_Files/ALL_TTS/DIS_Vector_Embedding_Integration/Data/Marathi_Male/wav/mr_m_other_03048.wav	Marathi_Male	त्यानं त्या षटकातल्या चौथ्या, पाचव्या आणि सहाव्या चेंडूवर विंडीजच्या होप, जेसन होल्डर आणि अल्झारी जोसेफला माघारी धाडून विक्रमी हॅटट्रिक साजरी केली
/home/vijay/Desktop/All_Files/ALL_TTS/DIS_Vector_Embedding_Integration/Data/Marathi_Male/wav/mr_m_weather_01757.wav	Marathi_Male	त्यामुळे आम्ही जर का सत्तेत आलो तर यांना तुरुंगात पाठवू असे वक्त्यव्य प्रकाश आंबेडकर यांनी केले आहे.
/home/vijay/Desktop/All_Files/ALL_TTS/DIS_Vector_Embedding_Integration/Data/Marathi_Male/wav/mr_m_agri_01437.wav	Marathi_Male	बोर्डो मिश्रण चुना सहाशे  ग्रॅम अधिक मोरचूद सहाशे  ग्रॅम प्रति शंभर  लिटर पाणी याची फवारणी करावी
/home/vijay/Desktop/All_Files/ALL_TTS/DIS_Vector_Embedding_Integration/Data/Marathi_Male/wav/mr_m_finance_02629.wav	Marathi_Male	तो बिच्चारा दहा ठिकाणहून कर्ज काढतो आणि ते कर्ज फेडत फेडत मरतो
/home/vijay/Desktop/All_Files/ALL_TTS/DIS_Vector_Embedding_Integration/Data/Marathi_Male/wav/mr_m_finance_01771.wav	Marathi_Male	नोंदणी शुल्क, मुद्रांक शुल्क, इस्टेट एजंटचं शुल्क हे खर्च जोडून मालमत्तेची नेमकी किंमत काढता येईल
/home/vijay/Desktop/All_Files/ALL_TTS/DIS_Vector_Embedding_Integration/Data/Marathi_Male/wav/mr_m_agri_01612.wav	Marathi_Male	मोसंबी आणि संत्र्या उत्पादकांना हेक्टरी तेवीस  हजार तीनशे  केळी उत्पादकांना हेक्टरी चाळीस  हजार, आंब्याला हेक्टरी छत्तीस  हजार सातशे  रुपये भरपाई मिळणार आहे.
/home/vijay/Desktop/All_Files/ALL_TTS/DIS_Vector_Embedding_Integration/Data/Marathi_Male/wav/mr_m_weather_00231.wav	Marathi_Male	राणीच्या एन्ट्रीची कल्पना, फायरवर्क्स, फायर रिन्ग्ज वगैरे काही छान गोष्टीही होत्या पण यापूर्वी पाहिलेल्याच्या तुलनेत काही स्पेक्टॅक्युलर वगैरे वाटले नाही.
/home/vijay/Desktop/All_Files/ALL_TTS/DIS_Vector_Embedding_Integration/Data/Marathi_Male/wav/mr_m_weather_00394.wav	Marathi_Male	ओक्के डन! माझा रेफरन्स फक्त कात्रजच्या घाटात महाराजांनी बैलाच्या शिंगाना बांधलेल्या पलित्यांचा होता. थॅन्क्स बडी.
/home/vijay/Desktop/All_Files/ALL_TTS/DIS_Vector_Embedding_Integration/Data/Marathi_Male/wav/mr_m_weather_01829.wav	Marathi_Male	गुगलच्या लूनर एक्सप्राइज या जागतिक स्पर्धेंतर्गत ही मोहीम साकारली जात आहे.
/home/vijay/Desktop/All_Files/ALL_TTS/DIS_Vector_Embedding_Integration/Data/Marathi_Male/wav/mr_m_other_02312.wav	Marathi_Male	दरम्यान, राजवर्धन कांबळे, पंकज खोत यांना पुस्तक आणि रोख रक्कम देवून मान्यवरांच्या हस्तें सत्कार केला
/home/vijay/Desktop/All_Files/ALL_TTS/DIS_Vector_Embedding_Integration/Data/Marathi_Male/wav/mr_m_agri_03108.wav	Marathi_Male	तर वरच्या धरणांत पाणी अडवून ठेवल्यास उजनीत पाणी येणार तरी कुठून?
/home/vijay/Desktop/All_Files/ALL_TTS/DIS_Vector_Embedding_Integration/Data/Marathi_Male/wav/mr_m_other_02014.wav	Marathi_Male	मृग, आर्द्रा, पुनर्वसू, पुष्य, आश्लेषा आणि मघा या नक्षत्रांनी पुरता भ्रमनिरास केला आहे
/home/vijay/Desktop/All_Files/ALL_TTS/DIS_Vector_Embedding_Integration/Data/Marathi_Male/wav/mr_m_weather_03860.wav	Marathi_Male	संबंधित बिल्डरने अल्कॉन सोसायटीच्या संरक्षक भिंतीलगत कामगारांना राहण्यासाठी पत्र्याचे शेड उभा केले होते
/home/vijay/Desktop/All_Files/ALL_TTS/DIS_Vector_Embedding_Integration/Data/Marathi_Male/wav/mr_m_other_01267.wav	Marathi_Male	प्रत्यक्षात आपल्या बव्हंश समाजाला मुली मेल्या तरी चालतात, मुलं मेली तर चालत नाहीत
/home/vijay/Desktop/All_Files/ALL_TTS/DIS_Vector_Embedding_Integration/Data/Marathi_Male/wav/mr_m_politics_01849.wav	Marathi_Male	ह्यासाठी आपण नुसताच विरोध न करता, विद्याने सुचविले तसे पर्यायी  पद्धत सुचविली पाहिजे किंवा सुरू केली पाहिजे
/home/vijay/Desktop/All_Files/ALL_TTS/DIS_Vector_Embedding_Integration/Data/Marathi_Male/wav/mr_m_finance_00786.wav	Marathi_Male	राज्यासमोर दुष्काळ, नापिकी, पाणीटंचाई, औद्योगिक क्षेत्रातील मंदी, त्यामुळे घटणारा महसूल परिणामी दरवर्षी सादर करावा लागणारा तुटीचा अर्थसंकल्प असेच काही राज्याचे आर्थिक चित्र आहे.
/home/vijay/Desktop/All_Files/ALL_TTS/DIS_Vector_Embedding_Integration/Data/Marathi_Male/wav/mr_m_general_01908.wav	Marathi_Male	वाहतूक पोलिस विशिष्ट प्रतिनिधी, उजवी लेन पुढे आणि चुकीचे ओलांडून पुढे जाताना पुढचा त्याला जात साठी अननुभवी ड्राइव्हर्स् कारवाई द्वारे वापरले हा नियम
/home/vijay/Desktop/All_Files/ALL_TTS/DIS_Vector_Embedding_Integration/Data/Marathi_Male/wav/mr_m_agri_02502.wav	Marathi_Male	महाराष्ट्रात उत्पादित होणारे दूध हे प्रक्रिया आणि उपपदार्थ निर्मितीसाठी वापरले जाते.
/home/vijay/Desktop/All_Files/ALL_TTS/DIS_Vector_Embedding_Integration/Data/Marathi_Male/wav/mr_m_finance_00008.wav	Marathi_Male	चलनात असलेल्या नोटांत संगती असावी, तसेच बनावट नोटांची तस्करी रोखण्यास मदत व्हावी यासाठी रिझर्व्ह बँकेने २००५ पूर्वीच्या छापलेल्या नोटा चलनातून काढून घेण्याचा निर्णय घेतला आहे.
/home/vijay/Desktop/All_Files/ALL_TTS/DIS_Vector_Embedding_Integration/Data/Marathi_Male/wav/mr_m_health_03345.wav	Marathi_Male	ड्रग थेरेपी वापरले जाते, आणि जर काही नकारात्मक लक्षणे होत असतील तर उपचार लगेच बंद होईल.
/home/vijay/Desktop/All_Files/ALL_TTS/DIS_Vector_Embedding_Integration/Data/Marathi_Male/wav/mr_m_weather_04090.wav	Marathi_Male	अनुभवी डेव्हिड वॉर्नर आणि नवशिका कॅमेरुन बॅन्क्रॉफ्ट हे चक्क सँडपेपर वापरुन, चेंडू कुरतडत होते.
/home/vijay/Desktop/All_Files/ALL_TTS/DIS_Vector_Embedding_Integration/Data/Marathi_Male/wav/mr_m_politics_00905.wav	Marathi_Male	अचलपूर शहराच्या खूंटलेल्या विकासाला सर्वस्वी आमदार दोषी असल्याचं मानलं जात आहे
/home/vijay/Desktop/All_Files/ALL_TTS/DIS_Vector_Embedding_Integration/Data/Marathi_Male/wav/mr_m_education_03292.wav	Marathi_Male	गवारीच्या भाजीची चव आणि फरस्बीच्या भाजीची चव या दोघांमध्ये फरक आहे.
/home/vijay/Desktop/All_Files/ALL_TTS/DIS_Vector_Embedding_Integration/Data/Marathi_Male/wav/mr_m_other_02566.wav	Marathi_Male	द्राक्ष पट्ट्यातील मालगाव, नरवाड, बेळंकी, खंडेराजुरी, मल्लेवाडी, बेडग, एरंडोली, सलगरे, आरग या गावांसाठी योजना उपकारक ठरली आहे
/home/vijay/Desktop/All_Files/ALL_TTS/DIS_Vector_Embedding_Integration/Data/Marathi_Male/wav/mr_m_finance_03346.wav	Marathi_Male	राष्ट्रकुल स्पर्धेच्या वेळी सायना नेहवाल व पी व्ही सिंधू यांच्या पालकांचा खर्च करण्यास शासनाने परवानगी दिली नव्हती
/home/vijay/Desktop/All_Files/ALL_TTS/DIS_Vector_Embedding_Integration/Data/Marathi_Male/wav/mr_m_education_02933.wav	Marathi_Male	सीएफएल बल्ब म्हणजे काँपॅक्ट फ्लुरोसंट लाईट ऐवजी साधी ट्यूबनळी वापरली तरी चालते.
/home/vijay/Desktop/All_Files/ALL_TTS/DIS_Vector_Embedding_Integration/Data/Marathi_Male/wav/mr_m_other_03055.wav	Marathi_Male	डॉक्टारांनी तिच्या पोटातून खिळे, पिना, मंगळसूत्र, सोन्याच्या बांगड्यांचे तुकडे, साखळी, ब्रेसलेट, अंगठ्या बाहेर काढल्या
/home/vijay/Desktop/All_Files/ALL_TTS/DIS_Vector_Embedding_Integration/Data/Marathi_Male/wav/mr_m_education_02101.wav	Marathi_Male	चुलत मामाचं घरही आजीच्या घराला लागूनच असल्याने एसटी स्टँडला कोणीतरी घेऊन जायला आधीच आलेलं असायचं.
/home/vijay/Desktop/All_Files/ALL_TTS/DIS_Vector_Embedding_Integration/Data/Marathi_Male/wav/mr_m_other_02785.wav	Marathi_Male	चोप्रांच्या सिनेमातल्या ललना जरी 'घर आजा परदेसी तेरा देस बुलाए रे' अशी हाळी देत असल्या तरी पंजाबातल्या तरुणाला मात्र 'परदेसी' व्हायचीच स्वप्नं पडत आहेत
/home/vijay/Desktop/All_Files/ALL_TTS/DIS_Vector_Embedding_Integration/Data/Marathi_Male/wav/mr_m_health_02282.wav	Marathi_Male	ही संस्था भटक्या कुत्र्यांना केंद्रात आणून नसबंदी करते व ॲण्टी रेबीज लस देऊन चौथ्या दिवशी पुन्हा जेथून पकडले त्या ठिकाणीच त्या श्वानाला सोडून देते.
/home/vijay/Desktop/All_Files/ALL_TTS/DIS_Vector_Embedding_Integration/Data/Marathi_Male/wav/mr_m_finance_02700.wav	Marathi_Male	तुम्हाला तुमच्या कर्जामध्ये सुरक्षित गृह कर्ज आणि वाहन कर्ज आणि असुरक्षित वैयक्तिक कर्ज आणि क्रेडीट कार्ड्स अश्या कर्जांचा समावेश करणे गरजेचे आहे
/home/vijay/Desktop/All_Files/ALL_TTS/DIS_Vector_Embedding_Integration/Data/Marathi_Male/wav/mr_m_general_00204.wav	Marathi_Male	पॉप्युलर फ्रंट ऑफ इंडिया आणि सोशल डेमोक्रेटिक पार्टी ऑफ इंडियावर संशय ?
/home/vijay/Desktop/All_Files/ALL_TTS/DIS_Vector_Embedding_Integration/Data/Marathi_Male/wav/mr_m_agri_03617.wav	Marathi_Male	पाणी उपसा करणारी केंद्रे, विस्कळीत झालेला विद्युत पुरवठा आणि पावसाने उघडीप दिल्याने शहरात पाणी टंचाई जाणवली
/home/vijay/Desktop/All_Files/ALL_TTS/DIS_Vector_Embedding_Integration/Data/Marathi_Male/wav/mr_m_politics_00687.wav	Marathi_Male	मॅंचेस्टर सिटी क्लबचे मालक शेख मन्सूर बिन झायेद अल नाह्यन यांनी सांगितले की, सि़टी क्लबने या वर्षीचे प्रीमियर लीग विजेतेपद जिंकले.
/home/vijay/Desktop/All_Files/ALL_TTS/DIS_Vector_Embedding_Integration/Data/Marathi_Male/wav/mr_m_health_00580.wav	Marathi_Male	बाळाला उबदार दुपट्यात गुंडाळावे जेणेकरून शरीर गार पडणार नाही आणि जीवाणू किंवा विषाणू शरीरात प्रवेश क़रणार नाहीत
/home/vijay/Desktop/All_Files/ALL_TTS/DIS_Vector_Embedding_Integration/Data/Marathi_Male/wav/mr_m_other_01384.wav	Marathi_Male	मी आज घेणार नाहीये कारण मला नंतर गाडी चालवायची आहे,  हेच बोलणारी माणसं आजुबाजूला बघतो मी
/home/vijay/Desktop/All_Files/ALL_TTS/DIS_Vector_Embedding_Integration/Data/Marathi_Male/wav/mr_m_politics_03396.wav	Marathi_Male	ही योजना यशस्वी झाल्याने सरकारने प्रत्येक जिल्ह्यात एक गाव डिजिटल करण्याची जबाबदारी आमच्यावर सोपविली होती
/home/vijay/Desktop/All_Files/ALL_TTS/DIS_Vector_Embedding_Integration/Data/Marathi_Male/wav/mr_m_finance_02970.wav	Marathi_Male	अनुदान आयोगाच्या एकोणीशे छप्पन  मधील कायद्याचे उल्लंघन करीत ही बोगस विद्यापीठे सुरू असल्याचे त्या म्हणाल्या
/home/vijay/Desktop/All_Files/ALL_TTS/DIS_Vector_Embedding_Integration/Data/Marathi_Male/wav/mr_m_general_02911.wav	Marathi_Male	वेळ आणि इंधनाचा अपव्यय यामुळे या परिसरात प्रवास करणे जिकरीचे झाले असून त्याचा सर्वाधिक फटका रुग्णवाहिका, अग्निशमन दलाच्या गाड्या तसेच शालेय वाहनांना बसत आहे
/home/vijay/Desktop/All_Files/ALL_TTS/DIS_Vector_Embedding_Integration/Data/Marathi_Male/wav/mr_m_education_03449.wav	Marathi_Male	गावांच्या नावातील साधर्म्यामुळे विद्यार्थ्यांना अगदी ५०० कि मी वरचे परीक्षा केंद्र मिळाले आहे.
/home/vijay/Desktop/All_Files/ALL_TTS/DIS_Vector_Embedding_Integration/Data/Marathi_Male/wav/mr_m_agri_00794.wav	Marathi_Male	आपल्या देशातील चहा म्हणजे वरील प्रकारच्या चहांपेक्षा वेगळा असतो. चहाच्या रोपांची पाने प्रक्रिया करून वाळवली जातात खरे, पण आपल्या चहात काही दोष असतात.
/home/vijay/Desktop/All_Files/ALL_TTS/DIS_Vector_Embedding_Integration/Data/Marathi_Male/wav/mr_m_other_04090.wav	Marathi_Male	तर शार्लोट गुट्टेंबर्ग वय सदुसष्ट  हिनेही आपले शरीर नऊशे पंधरा  टक्के इतके टॅटूने व्यापले आहे
/home/vijay/Desktop/All_Files/ALL_TTS/DIS_Vector_Embedding_Integration/Data/Marathi_Male/wav/mr_m_education_01633.wav	Marathi_Male	तुमचे म्हणणे पटते, काही शद्ब एंग्रजीतच चांगले वाटतात कानांना काहीजण फेसबुक, ऑरकुट अशा सगळ्या शब्दांचे विनाकारण भाषांतर करत बसतात
/home/vijay/Desktop/All_Files/ALL_TTS/DIS_Vector_Embedding_Integration/Data/Marathi_Male/wav/mr_m_politics_01861.wav	Marathi_Male	६ जूलै रोजी वॉश्गिंटन येथे परराष्ट्र मंत्री सुषमा स्वराज आणि संरक्षण मंत्री निर्मला सितारामण यांची बैठक होणार आहे
/home/vijay/Desktop/All_Files/ALL_TTS/DIS_Vector_Embedding_Integration/Data/Marathi_Male/wav/mr_m_agri_02900.wav	Marathi_Male	मात्र भात लागवडीचा कालावधी निघून गेल्यामुळे या पिकांची वाढ योग्य होणार नाही, अशी धास्ती या भागातील काही शेतकर्‍यांनी वर्तवली आहे
/home/vijay/Desktop/All_Files/ALL_TTS/DIS_Vector_Embedding_Integration/Data/Marathi_Male/wav/mr_m_general_02308.wav	Marathi_Male	बावीस  जून, एकोणीशे एक्केचाळीस  रोजी जर्मनीनं रशियावर हल्ला केला आणि रशियानं मित्रराष्ट्रांच्या बाजूनं युद्धात प्रवेश केला
/home/vijay/Desktop/All_Files/ALL_TTS/DIS_Vector_Embedding_Integration/Data/Marathi_Male/wav/mr_m_finance_02648.wav	Marathi_Male	मृत्यू, आजारपण यांचे अहवाल तयार करून विमा पॉलिसी किती रकमेची असावी व त्याचे मासिक, त्रमासिक, सहामाही अथवा वार्षिक हप्ते किती असावेत हे निश्चित करतो
/home/vijay/Desktop/All_Files/ALL_TTS/DIS_Vector_Embedding_Integration/Data/Marathi_Male/wav/mr_m_finance_00919.wav	Marathi_Male	नियमांचे उल्लंघन करून कर आकारणे व वसुलीच्या या प्रकाराकडे संबंधित अधिकाऱ्यांनी  सातारा जिल्ह्यातील जीएसटी कार्यालयाचे लक्ष वेधले.
/home/vijay/Desktop/All_Files/ALL_TTS/DIS_Vector_Embedding_Integration/Data/Marathi_Male/wav/mr_m_weather_01825.wav	Marathi_Male	या पीडित परिवाराचे अधिवक्ता तबस्सुम युसुफ यांनी सर्वोच्च न्यायालयात याविषयी दाद मागणार असल्याचे सांगितले.
/home/vijay/Desktop/All_Files/ALL_TTS/DIS_Vector_Embedding_Integration/Data/Marathi_Male/wav/mr_m_agri_01636.wav	Marathi_Male	कोकणातील मासेमारी करणारा मच्छीमार मत्स्य विभागाने आखून दिलेल्या कायद्याची चौकट राखून मासेमारी करतो
/home/vijay/Desktop/All_Files/ALL_TTS/DIS_Vector_Embedding_Integration/Data/Marathi_Male/wav/mr_m_weather_01928.wav	Marathi_Male	पवारांच्या या निर्णयावर त्यांचे नातू रोहित  पवार यांनी पुनर्विचार करावा असं आवाहन केलं आहे.
/home/vijay/Desktop/All_Files/ALL_TTS/DIS_Vector_Embedding_Integration/Data/Marathi_Male/wav/mr_m_agri_01644.wav	Marathi_Male	त्यानंतरही सिंचनासाठी झालेला पाण्याचा वापर, बाष्पीभवन व विहिरीद्वारे होत असलेला पाण्याचा बेसुमार उपसा यामुळे जिल्ह्यातील भूजल पाणी पातळीत दोनशे अठ्ठ्याहत्तर  मीटरने घट झाली आहे
/home/vijay/Desktop/All_Files/ALL_TTS/DIS_Vector_Embedding_Integration/Data/Marathi_Male/wav/mr_m_education_03009.wav	Marathi_Male	सर्जी अॅलेक्झांड्रोविचचे सर्वात स्पष्ट गीत "पर्शियन मोटेव्स" या चक्रात व्यक्त केले आहेत.
/home/vijay/Desktop/All_Files/ALL_TTS/DIS_Vector_Embedding_Integration/Data/Marathi_Male/wav/mr_m_finance_01761.wav	Marathi_Male	शासनाचा महसूल बुडविणार्‍या डिस्कोथेक मालकाचा शोध घेऊन त्यांचा कडून करमणूक कराची तत्काळ वसुली करण्यात यावी.
/home/vijay/Desktop/All_Files/ALL_TTS/DIS_Vector_Embedding_Integration/Data/Marathi_Male/wav/mr_m_agri_01403.wav	Marathi_Male	महात्मा फुले कृषी विद्यापीठ, राहुरी यांच्या अंतर्गत कृषी विज्ञान केंद्र, सोलापूर येथील तज्ज्ञांनी या कामात मदत केली
/home/vijay/Desktop/All_Files/ALL_TTS/DIS_Vector_Embedding_Integration/Data/Marathi_Male/wav/mr_m_agri_01333.wav	Marathi_Male	बांबू हे कमी श्रमाचे पीक जरूर आहे, पण आळश्याचे पीक नाही
/home/vijay/Desktop/All_Files/ALL_TTS/DIS_Vector_Embedding_Integration/Data/Marathi_Male/wav/mr_m_finance_02376.wav	Marathi_Male	जर उत्पन्नापेक्षा खर्च जास्त होत असेल तर खर्चांमध्ये कपात करायला हवी
/home/vijay/Desktop/All_Files/ALL_TTS/DIS_Vector_Embedding_Integration/Data/Marathi_Male/wav/mr_m_other_00815.wav	Marathi_Male	यावेळी आफिसमध्ये नायकवडी यांच्यासह मक्सूद भोकरे आणि मक्सूद जमादार हे दोघे होते
/home/vijay/Desktop/All_Files/ALL_TTS/DIS_Vector_Embedding_Integration/Data/Marathi_Male/wav/mr_m_health_00318.wav	Marathi_Male	परंतु घाटी रुग्णालयात रेबीज लस उपलब्ध नसल्यामुळे बाहेरुन ही लस मागविण्यात आल्याचे कुटुंबियांनी सांगितले
/home/vijay/Desktop/All_Files/ALL_TTS/DIS_Vector_Embedding_Integration/Data/Marathi_Male/wav/mr_m_general_02138.wav	Marathi_Male	या विल्नीयस चित्र गॅलरी, आणि अप्लाइड आर्ट्स संग्रहालय, आणि रंगमंच संगीत आणि चित्रपट संग्रहालय, आणि अजूनही अनेक मनोरंजक प्रदर्शने आणि दाखवतो
/home/vijay/Desktop/All_Files/ALL_TTS/DIS_Vector_Embedding_Integration/Data/Marathi_Male/wav/mr_m_education_03248.wav	Marathi_Male	जीआरपीने प्रवाशांच्या सुरक्षेसाठी सेफ्टी अलर्ट मॅसेजेस एक्सुसिव्हली ही नवी योजना सुरू केली आहे.
/home/vijay/Desktop/All_Files/ALL_TTS/DIS_Vector_Embedding_Integration/Data/Marathi_Male/wav/mr_m_general_00746.wav	Marathi_Male	पुणे येथे वीस  ते चोवीस  सप्टेबर दरम्यान होणा्या चौदा  व्या राष्ट्रीय एमटीबी सायकलिंग अजिंक्यपद स्पर्धेत हा संघ महाराष्ट्राचे प्रतिनिधित्व करेल
/home/vijay/Desktop/All_Files/ALL_TTS/DIS_Vector_Embedding_Integration/Data/Marathi_Male/wav/mr_m_politics_01502.wav	Marathi_Male	मात्र पर्रिकर यांनी असं वक्तव्य करत देशाच्या शत्रुंची तुलना त्यांनी थेट राजकीय विरोधकांशी केलीये
/home/vijay/Desktop/All_Files/ALL_TTS/DIS_Vector_Embedding_Integration/Data/Marathi_Male/wav/mr_m_other_00275.wav	Marathi_Male	आनंदाच्या भरात रसोईत धावत जाऊन अम्मीला मी सांगितले 'अम्मीअम्मी हे बघ दादाजानने मला नवा स्वेटर दिला'
/home/vijay/Desktop/All_Files/ALL_TTS/DIS_Vector_Embedding_Integration/Data/Marathi_Male/wav/mr_m_health_00372.wav	Marathi_Male	सांध्यांत दोष राहात नाही, पण तापात हृदय विकरीत झाले तर हृदयात कायमचा बिघाड होण्याची शक्यता असते
/home/vijay/Desktop/All_Files/ALL_TTS/DIS_Vector_Embedding_Integration/Data/Marathi_Male/wav/mr_m_weather_00312.wav	Marathi_Male	मंदिरात ५० किलो चान्दीतून छत्र आणि ५० किलो चान्दीतून अष्टपहल बनविले गेले असून त्याखाली विष्णूंच्या पादुका आहेत.
/home/vijay/Desktop/All_Files/ALL_TTS/DIS_Vector_Embedding_Integration/Data/Marathi_Male/wav/mr_m_weather_04007.wav	Marathi_Male	हीच परिस्थिती पुढील दोन तिमाह्यांमध्ये कायम राहिल्यास गेल्या ३० वर्षांतील सर्वाधिक चिंताजनक आर्थिक काळाला आपणास सामोरे जावे लागेल.
/home/vijay/Desktop/All_Files/ALL_TTS/DIS_Vector_Embedding_Integration/Data/Marathi_Male/wav/mr_m_weather_02105.wav	Marathi_Male	त्यावेळी सहारा इंडिया परिवाराचे अध्यक्ष सुब्रतो रॉय यांनी पी व्ही सिंधुचा सन्मान केला.
/home/vijay/Desktop/All_Files/ALL_TTS/DIS_Vector_Embedding_Integration/Data/Marathi_Male/wav/mr_m_general_02048.wav	Marathi_Male	सहशिक्षक दिलीप भावार्थे व विशाल आरेकर यांनी बसविलेल्या आदीवाशी मुला मुलींचे नृत्य सादर करून उपस्थितांची मने जिंकली
/home/vijay/Desktop/All_Files/ALL_TTS/DIS_Vector_Embedding_Integration/Data/Marathi_Male/wav/mr_m_health_02881.wav	Marathi_Male	स्वच्छ, साचलेल्या पाण्यात अंडी घालणारा एडीस इजिप्ती हा डास डेंग्यूचे विषाणू पसरवतो
/home/vijay/Desktop/All_Files/ALL_TTS/DIS_Vector_Embedding_Integration/Data/Marathi_Male/wav/mr_m_other_01675.wav	Marathi_Male	हा चहा प्यायल्याने ब्लड सर्कुलेशन इम्प्रूव्ह होते आणि ब्लड प्रेशर नियंत्रणात राहते
/home/vijay/Desktop/All_Files/ALL_TTS/DIS_Vector_Embedding_Integration/Data/Marathi_Male/wav/mr_m_finance_02105.wav	Marathi_Male	आजकाल सर्वसामान्य व्यक्ती बँकांचे व पोस्टाचे विमा किंवा म्युच्युअल फंड्स वगैरे व्यवहार करताना कोणत्या भाषेत अर्ज व चेक भरतो?
/home/vijay/Desktop/All_Files/ALL_TTS/DIS_Vector_Embedding_Integration/Data/Marathi_Male/wav/mr_m_education_02945.wav	Marathi_Male	फुजी हा मुळचा अल्जेरियाचा नागरीक असून तुर्कीमध्ये तो कामानिमित्त आलेला आहे.
/home/vijay/Desktop/All_Files/ALL_TTS/DIS_Vector_Embedding_Integration/Data/Marathi_Male/wav/mr_m_general_01993.wav	Marathi_Male	त्या वेळी पु लं इतके थ्रिल झाले की, ते म्हणाले, तू अल्काझींचा शिष्य शोभतोस
/home/vijay/Desktop/All_Files/ALL_TTS/DIS_Vector_Embedding_Integration/Data/Marathi_Male/wav/mr_m_agri_00155.wav	Marathi_Male	यज्ञात हविर्द्रव्य तयार करण्यासाठी पीठ भिजवताना उकळते पाणी वापरले जाते, ज्याला मदन्ती आनन्दित होणारे म्हणतात
/home/vijay/Desktop/All_Files/ALL_TTS/DIS_Vector_Embedding_Integration/Data/Marathi_Male/wav/mr_m_politics_00880.wav	Marathi_Male	या इन्स्टाग्रामची दखल घेत महिला आयोगाने पोलिसांना याप्रकरणी लक्ष घालण्याचे आदेश दिले होते
/home/vijay/Desktop/All_Files/ALL_TTS/DIS_Vector_Embedding_Integration/Data/Marathi_Male/wav/mr_m_agri_02590.wav	Marathi_Male	आपण आता शास्त्रीय पद्धतीने खत तयार करणार आहोत आणि त्यासाठी जीवाणू खताचा वापर करणार आहोत
/home/vijay/Desktop/All_Files/ALL_TTS/DIS_Vector_Embedding_Integration/Data/Marathi_Male/wav/mr_m_weather_02723.wav	Marathi_Male	व्हॅनच्या माध्यमातून मच्छिंद्र कणेरकर हे नातेवाईक बांबवडे, मलकापूर, आरळे, सातवे, सावर्डे, थेरगाव, मांगले, या गावांत जाऊन मालाची घरपोच डिलीव्हरी करतात.
/home/vijay/Desktop/All_Files/ALL_TTS/DIS_Vector_Embedding_Integration/Data/Marathi_Male/wav/mr_m_agri_02779.wav	Marathi_Male	शेतातील कडीकचरा तसेच काढलेले अर्धवट सुकलेले तण शेतामध्ये पसरून टाकावे, ज्यामुळे जमिनीतील पाण्याचे बाष्पीभवन कमी होऊन पाण्याची उपलब्धता वाढते
/home/vijay/Desktop/All_Files/ALL_TTS/DIS_Vector_Embedding_Integration/Data/Marathi_Male/wav/mr_m_education_02647.wav	Marathi_Male	यावेळी मराठा लाइट इन्फंट्री रेजिमेंट सेंटरचे कमांडट ब्रिगेडियर गोविंद कलवड यांनी पुष्पचक्र वाहून श्रद्धांजली अर्पण केली.
/home/vijay/Desktop/All_Files/ALL_TTS/DIS_Vector_Embedding_Integration/Data/Marathi_Male/wav/mr_m_finance_00601.wav	Marathi_Male	क्रिकेटमध्ये पैसा आला व तो सातत्याने कसा येईल हेदेखील डुंगरपूर आणि समितीने पाहिले.
/home/vijay/Desktop/All_Files/ALL_TTS/DIS_Vector_Embedding_Integration/Data/Marathi_Male/wav/mr_m_health_00191.wav	Marathi_Male	ऍण्टी बायोटिक्स म्हणजे प्रतिजैविके म्हणजेच काही विशिष्ट प्रकारचे सूक्ष  जंतू, विषाणू आपल्या शरीरातील अणुजीव नष्ट करतात
/home/vijay/Desktop/All_Files/ALL_TTS/DIS_Vector_Embedding_Integration/Data/Marathi_Male/wav/mr_m_politics_01769.wav	Marathi_Male	या लिलावात राहुल तेवतिया हा एक असा अनक्लॅप्ड खेळाडू ठरला ज्याच्यावर बोली लावण्यात स्पर्धा लागली होती
/home/vijay/Desktop/All_Files/ALL_TTS/DIS_Vector_Embedding_Integration/Data/Marathi_Male/wav/mr_m_health_03820.wav	Marathi_Male	शस्त्रक्रिया करताना गर्भाशय किंवा गर्भाशयाबरोबर बीजांडे काढल्यास अचानक ऋतुनिवृत्ती येते, या स्थितीला कृत्रिम ऋतुनिवृत्ती असे म्हणतात.
/home/vijay/Desktop/All_Files/ALL_TTS/DIS_Vector_Embedding_Integration/Data/Marathi_Male/wav/mr_m_finance_03420.wav	Marathi_Male	तानाजी भाऊ साठे यांच्या वारस पत्नीस संस्थेकडील देय रकमेचा व विमा क्लेमच्या रकमेचा चेक प्रदान करताना ते बोलत होते
/home/vijay/Desktop/All_Files/ALL_TTS/DIS_Vector_Embedding_Integration/Data/Marathi_Male/wav/mr_m_general_01784.wav	Marathi_Male	सई ताम्हणकर, स्वप्निल जोशी आणि तेजस्विनी पंडित स्टारर तू ही रे हा प्रेमाचा एक हटके त्रिकोण
/home/vijay/Desktop/All_Files/ALL_TTS/DIS_Vector_Embedding_Integration/Data/Marathi_Male/wav/mr_m_agri_01341.wav	Marathi_Male	अनेकांच्या शेतात रब्बी हंगामातील काही पिके तर काहींच्या शेतात उन्हाळी पिके आहेत
/home/vijay/Desktop/All_Files/ALL_TTS/DIS_Vector_Embedding_Integration/Data/Marathi_Male/wav/mr_m_general_01517.wav	Marathi_Male	जागर अभियानाने लढ्याला ऊर्जा व बळ मिळाले असून नव्या पिढीला सीमालढ्याच्या प्रवाहात सामील होताना बघून भविष्याची चिंता मिटल्याचे उद्गार त्यांनी काढले
/home/vijay/Desktop/All_Files/ALL_TTS/DIS_Vector_Embedding_Integration/Data/Marathi_Male/wav/mr_m_education_03241.wav	Marathi_Male	फियाट ग्रँड पुंटो ही अशा प्रकारची सोय उपलब्ध करून देणारी पहिली गाडी होती.
/home/vijay/Desktop/All_Files/ALL_TTS/DIS_Vector_Embedding_Integration/Data/Marathi_Male/wav/mr_m_general_03142.wav	Marathi_Male	भारतीय क्रिकेट संघातील आघाडीचा खेळाडू उमेश यादव याने सोमवारी, तेवीस  एप्रिलला त्र्यंबकेश्वरी जाऊन दर्शन घेतले.
/home/vijay/Desktop/All_Files/ALL_TTS/DIS_Vector_Embedding_Integration/Data/Marathi_Male/wav/mr_m_education_03471.wav	Marathi_Male	टोयोटा कंपनीने प्रीमियम हॅचबॅक प्रकारातील ग्लांझाकार लाँच केल्यापासून बलेनोच्या विक्रीमध्ये घट झाली आहे.
/home/vijay/Desktop/All_Files/ALL_TTS/DIS_Vector_Embedding_Integration/Data/Marathi_Male/wav/mr_m_education_02445.wav	Marathi_Male	दि पूना मर्चंट्स चेंबरचे माजी अध्यक्ष मिरचीचे व्यापारी राजेंद्र गुगळे आणि सोपान राख म्हणाले, यंदा मिरचीच्या उत्पादनात अगोदरच घट झाली होती.
/home/vijay/Desktop/All_Files/ALL_TTS/DIS_Vector_Embedding_Integration/Data/Marathi_Male/wav/mr_m_health_02571.wav	Marathi_Male	यामुळेच रक्तदाब, अंगावर सूज येणे, वजन कमी करणे, मूत्रपिंड विकार अशा अनेक व्याधींमध्ये मीठ न खाण्याचा सल्ला डॉक्टर देतात
/home/vijay/Desktop/All_Files/ALL_TTS/DIS_Vector_Embedding_Integration/Data/Marathi_Male/wav/mr_m_education_00913.wav	Marathi_Male	चार दिवसांपूर्वी पणुंब्रे तर्फ शिराळा येथील एका वस्तीवर असाच प्रकार घडला होता
/home/vijay/Desktop/All_Files/ALL_TTS/DIS_Vector_Embedding_Integration/Data/Marathi_Male/wav/mr_m_general_02376.wav	Marathi_Male	आमची कार्यालयं म्हणजे सिमेंट किंवा लोखंडी पत्र्याच्या खोल्या, त्यात मोठ मोठी सागवानी टेबलं, लाकडी खुर्च्या आणि लाकडी कपाटं.
/home/vijay/Desktop/All_Files/ALL_TTS/DIS_Vector_Embedding_Integration/Data/Marathi_Male/wav/mr_m_weather_00527.wav	Marathi_Male	ऑप्रा विन्फ्रेने गेल्या पंचवीस वर्षांपेक्षाही अधिककाळ अमेरिकन टीव्हीवरी 'द ऑप्रा विन्फ्रे शो'च्या माध्यमातून जगभरात आपली ओळख निर्माण केली आहे.
/home/vijay/Desktop/All_Files/ALL_TTS/DIS_Vector_Embedding_Integration/Data/Marathi_Male/wav/mr_m_weather_02274.wav	Marathi_Male	जिल्ह्यात नंदुरबार, नवापूर, तळोदा, शहादा, अक्कलकुँवा आणि अक्राणी धडगाव असे सहा तालुके आहेत.
/home/vijay/Desktop/All_Files/ALL_TTS/DIS_Vector_Embedding_Integration/Data/Marathi_Male/wav/mr_m_politics_02597.wav	Marathi_Male	सुप्रसिद्ध, अव्वल दर्जाचे लेखक म्हणून ओळखले जाणारे थरारकथा आणि भयकथा लेखक रस्किन बॉंड यांच्या कथांना आता लवकरच डिजिटल प्लॅटफॉर्म मिळत आहे
/home/vijay/Desktop/All_Files/ALL_TTS/DIS_Vector_Embedding_Integration/Data/Marathi_Male/wav/mr_m_agri_02419.wav	Marathi_Male	कपाशीच्या पिकामध्ये सुरवातीचे पासष्टशे सत्तर  दिवसांचा कालावधी तण व पीक यामधील तीव्र स्पर्धेचा काळ समजला जातो
/home/vijay/Desktop/All_Files/ALL_TTS/DIS_Vector_Embedding_Integration/Data/Marathi_Male/wav/mr_m_finance_02357.wav	Marathi_Male	जेवढ कर्ज कमी भरलं जाईल तेवढ्या पैशांची हमी सरकार घेऊन तेवढे पैसे अनुदान म्हणून त्यांच्या खात्यात भरणार
/home/vijay/Desktop/All_Files/ALL_TTS/DIS_Vector_Embedding_Integration/Data/Marathi_Male/wav/mr_m_general_00009.wav	Marathi_Male	मिठीबाई कॉलेजच्या क्षितीज या फेस्टमध्ये क्रिकेट, बॉलिवूड ग्रुप डान्स , मोनो अॅक्टिंग, रॅपिंग साँग्स, शॉर्ट फिल्म मेकिंग, बॉलिवूड साँग्स यासारख्या स्पर्धांचा खेळ रंगला
/home/vijay/Desktop/All_Files/ALL_TTS/DIS_Vector_Embedding_Integration/Data/Marathi_Male/wav/mr_m_weather_01899.wav	Marathi_Male	या स्फोटांमुळे पृथ्वीच्या अंतर्गत भूभागात मौल्यवान धातू आणि खनिजांची उत्त्पती झाली.
/home/vijay/Desktop/All_Files/ALL_TTS/DIS_Vector_Embedding_Integration/Data/Marathi_Male/wav/mr_m_weather_00580.wav	Marathi_Male	पण पार्कमधल्या सिट्रस  ट्रीजचं मुख्यत्वे लिंबू, मोसंबी, संत्री, ग्रेप फ्रूटचं वास्तव्य बरेच वेळा डळमळीत असतं.
/home/vijay/Desktop/All_Files/ALL_TTS/DIS_Vector_Embedding_Integration/Data/Marathi_Male/wav/mr_m_other_00913.wav	Marathi_Male	मनी लॉन्ड्रिंग प्रकरणी न्यायालयाने रॉबर्ट वाड्रांना काहीसा दिलासा दिला आहे
/home/vijay/Desktop/All_Files/ALL_TTS/DIS_Vector_Embedding_Integration/Data/Marathi_Male/wav/mr_m_general_03290.wav	Marathi_Male	अजय देवगण व तब्बू यांची प्रमुख भूमिका असलेला हा चित्रपट चांगलाच गाजला
/home/vijay/Desktop/All_Files/ALL_TTS/DIS_Vector_Embedding_Integration/Data/Marathi_Male/wav/mr_m_finance_02760.wav	Marathi_Male	भिवंडी पालिका शासकीय अनुदान व इतर योजनांतून मिळणाया आर्थिक स्त्रोतातून शहरातील विकास काम करत आहेत
/home/vijay/Desktop/All_Files/ALL_TTS/DIS_Vector_Embedding_Integration/Data/Marathi_Male/wav/mr_m_education_02187.wav	Marathi_Male	विदर्भाला एक वेगळे राज्य म्हणून विकसित करण्याची इच्छा लोकनायक बापुजी अनले आणि बृजलाल बियाणी यांनी व्यक्त केली होती.
/home/vijay/Desktop/All_Files/ALL_TTS/DIS_Vector_Embedding_Integration/Data/Marathi_Male/wav/mr_m_other_01633.wav	Marathi_Male	भारतीय रेल्वेने नव्या टाईम टेबलमध्ये अनेक रेल्वेंच्या वेळेत बदल केला आहे
/home/vijay/Desktop/All_Files/ALL_TTS/DIS_Vector_Embedding_Integration/Data/Marathi_Male/wav/mr_m_education_03185.wav	Marathi_Male	यासाठी पेशावर आणि खेब्बर पख्तून्वा येथे विशेष प्रशिक्षणही देण्यात आल्याचे गुप्तचर विभागाच्या सूत्रांनी म्हटले आहे.
/home/vijay/Desktop/All_Files/ALL_TTS/DIS_Vector_Embedding_Integration/Data/Marathi_Male/wav/mr_m_general_00209.wav	Marathi_Male	त्यामुळे इंस्तांबूल   किंवा टोक्यो किंवा माद्रिद या शहरात सात वर्षानंतर होणाया ऑलिंपिक स्पर्धेत कुस्ती दिसणारच नाही, याबद्दल व्यक्त होत असलेली भीती तूर्तास अनाठायी आहे
/home/vijay/Desktop/All_Files/ALL_TTS/DIS_Vector_Embedding_Integration/Data/Marathi_Male/wav/mr_m_politics_01392.wav	Marathi_Male	व्यावसायिक नाट्य निर्माता संघाने चांगल्या लेखकांच्या शोधात दीर्घांक स्पर्धा वगैरे आयोजित करणं सुरू केलं
/home/vijay/Desktop/All_Files/ALL_TTS/DIS_Vector_Embedding_Integration/Data/Marathi_Male/wav/mr_m_other_02237.wav	Marathi_Male	त्यातही कोणत्या काळात सुरु झाली आणि कोणकोणत्या समाजातल्या स्तरांत फोफावत गेली हे पाहणे रोचक ठरेल
/home/vijay/Desktop/All_Files/ALL_TTS/DIS_Vector_Embedding_Integration/Data/Marathi_Male/wav/mr_m_finance_01358.wav	Marathi_Male	दोन  टक्के कर घेतला तर या एकाच कराच्या मार्गाने सरकारच्या तिजोरीत चांगला महसूल जमा होईल, हे अर्थक्रांती सूत्रबद्ध पद्धतीने सिद्ध करते
/home/vijay/Desktop/All_Files/ALL_TTS/DIS_Vector_Embedding_Integration/Data/Marathi_Male/wav/mr_m_weather_00999.wav	Marathi_Male	आपण परिपूर्ण सिल्हूट जतन करू इच्छित असल्यास हे खूप महत्वाचे आहे.
/home/vijay/Desktop/All_Files/ALL_TTS/DIS_Vector_Embedding_Integration/Data/Marathi_Male/wav/mr_m_politics_01211.wav	Marathi_Male	अखेरच्या विसाव्याचं स्थान असलेली स्मशानभूमी ही काही पर्यटनाची जागा असू शकत नाही
/home/vijay/Desktop/All_Files/ALL_TTS/DIS_Vector_Embedding_Integration/Data/Marathi_Male/wav/mr_m_agri_03398.wav	Marathi_Male	नंतर त्या पीठात दही, मीठ, साखर, मीरे पूड आणि थोडे पाणी टाकून चांगले हलवुन घ्या हे पीठ इडली च्या पीठासारखे पातळ असु द्या
/home/vijay/Desktop/All_Files/ALL_TTS/DIS_Vector_Embedding_Integration/Data/Marathi_Male/wav/mr_m_finance_01871.wav	Marathi_Male	ज्या बँका एटीएम सुरक्षेकडे दुर्लक्ष करीत आहेत, त्या बँकांमधील खाते बंद करा, असे आवाहन पोलिस आयुक्तांनी नागरिकांना केले आहे
/home/vijay/Desktop/All_Files/ALL_TTS/DIS_Vector_Embedding_Integration/Data/Marathi_Male/wav/mr_m_other_00486.wav	Marathi_Male	हितेश पंडया, गोपाळराव विद्वांस प्रथम पुरस्कार उर्वशी पंडया, तर गोपाळराव विद्वांस व्दितीय पुरस्कार नीला रोठाड यांना देण्यात येणार आहे
/home/vijay/Desktop/All_Files/ALL_TTS/DIS_Vector_Embedding_Integration/Data/Marathi_Male/wav/mr_m_education_01429.wav	Marathi_Male	संगीतकार जीत गांगुली चे काम कर्णमधूर आहे खासकरून 'कुकूडूकू' आणि 'राम्भा मे सांबा' ही गाणी छान जमली आहेत
/home/vijay/Desktop/All_Files/ALL_TTS/DIS_Vector_Embedding_Integration/Data/Marathi_Male/wav/mr_m_finance_01125.wav	Marathi_Male	लिपिक व लेख लिपिकांच्या ग्रेड वेतनात सुधारणा करुन समान पदनाम, समान काम समान वेतन आणि समान पदोन्नती असे टप्पे करणे. .
/home/vijay/Desktop/All_Files/ALL_TTS/DIS_Vector_Embedding_Integration/Data/Marathi_Male/wav/mr_m_other_04054.wav	Marathi_Male	आर्किटेक्टने प्लान दिला, की नंतर सेंट्रींग काम वाले, गवंडी, फरशीवाले, वगैरे अनेकानेक एजन्सीज अक्चुअल एक्झिक्यूशन करीत असतात
/home/vijay/Desktop/All_Files/ALL_TTS/DIS_Vector_Embedding_Integration/Data/Marathi_Male/wav/mr_m_other_03044.wav	Marathi_Male	सर्वात लोकप्रिय सेंट पीटर्सबर्ग, मिन्स्क, कीव, ब्रायांस्क, कुर्स्क, बेल्गोरोड, वॉरन्ज, कोस्ट्रोमा, नॉवगरॉड, यूफा मॉस्को ते मार्ग असू शकते
/home/vijay/Desktop/All_Files/ALL_TTS/DIS_Vector_Embedding_Integration/Data/Marathi_Male/wav/mr_m_politics_02635.wav	Marathi_Male	मात्र त्यांच्या या क्लृप्तीचा फटका सामान्य अर्जदाराला बसला असून, पवईतील घरांच्या अवाढव्य किमती पाहता त्यांनी म्हाडाच्या स्वस्त घराची आशाच सोडली आहे
/home/vijay/Desktop/All_Files/ALL_TTS/DIS_Vector_Embedding_Integration/Data/Marathi_Male/wav/mr_m_health_00719.wav	Marathi_Male	मलावष्टंभ हा स्वतंत्र आजार नाही, परंतु बर्याच आजारांची पार्श्वभूमी तयार करण्यासाठी कारणीभूत ठरतो
/home/vijay/Desktop/All_Files/ALL_TTS/DIS_Vector_Embedding_Integration/Data/Marathi_Male/wav/mr_m_general_01800.wav	Marathi_Male	मुलांच्या हातात तासंतास व्हिडिओ गेम देऊन त्यांना एका जागी बसवून ठेवण्यापेक्षा सर्जनशील आणि त्यांच्या बुद्धीला चालना देणारे खेळ शोधा
/home/vijay/Desktop/All_Files/ALL_TTS/DIS_Vector_Embedding_Integration/Data/Marathi_Male/wav/mr_m_other_00357.wav	Marathi_Male	हे बर्न्स, सोरायसिस, एक्जिमा, हिमोग्लोबेट, पुग्रस्त जखमा, बरे करण्यास मदत करते
/home/vijay/Desktop/All_Files/ALL_TTS/DIS_Vector_Embedding_Integration/Data/Marathi_Male/wav/mr_m_politics_01088.wav	Marathi_Male	शेवर्ले सेल आणि शेवर्ले एन्जॉयच्या विक्रीमध्ये चांगली वाढ झाली असल्याचे कंपनीचे उपाध्यक्ष पी बालेंद्रन यांनी सांगितले
/home/vijay/Desktop/All_Files/ALL_TTS/DIS_Vector_Embedding_Integration/Data/Marathi_Male/wav/mr_m_health_01251.wav	Marathi_Male	अंडय़ाच्या पांढया भागात फक्त प्रथिने आहेत व पिवळय़ा बलकात प्रथिने, स्निग्धांश, कोलेस्ट्रॉल अ व ब समूहातील जीवनसत्त्वे आहेत
/home/vijay/Desktop/All_Files/ALL_TTS/DIS_Vector_Embedding_Integration/Data/Marathi_Male/wav/mr_m_general_01953.wav	Marathi_Male	ज्यांनी भगवद्गीता, ज्ञानेश्वरी, कुराण यांचा सखोल अभ्यास केलेला आहे अशा गुरुतुल्य शेख अब्दुल बियाबानी यांना मी हिंदू गुरू केल्याबद्दल राग आला
/home/vijay/Desktop/All_Files/ALL_TTS/DIS_Vector_Embedding_Integration/Data/Marathi_Male/wav/mr_m_politics_00849.wav	Marathi_Male	महिला एकेरीत कॅरोलिन वोझ्नियाकीने बिनसीडेड इटलीच्या कॅरिन नॅपची ६३, ६० अशी सरळ सेटमध्ये मात केली.
/home/vijay/Desktop/All_Files/ALL_TTS/DIS_Vector_Embedding_Integration/Data/Marathi_Male/wav/mr_m_weather_04035.wav	Marathi_Male	मात्र अजित पवारांच्या या राजकीय निर्णयाला शरद पवारांचा पाठींबा नाही असे त्यांनी व्टिटमधून व्यक्त केले आहे.
/home/vijay/Desktop/All_Files/ALL_TTS/DIS_Vector_Embedding_Integration/Data/Marathi_Male/wav/mr_m_education_02274.wav	Marathi_Male	ईडीने ऑगस्टमध्ये मनी लॉंड्रिंगशी संबंधित एका प्रकरणात रॅनबॅक्सी ग्रुपचे माजी प्रवर्तक मालविंदर सिंग आणि शिविंदर सिंग यांच्या घरावर छापे टाकले होते.
/home/vijay/Desktop/All_Files/ALL_TTS/DIS_Vector_Embedding_Integration/Data/Marathi_Male/wav/mr_m_agri_01787.wav	Marathi_Male	किनार्‍याजवळ मासेमारी करणा्या मच्छीमारांच्या जाळ्यात मासे कमी आणि कचराच जास्त अडकतो
/home/vijay/Desktop/All_Files/ALL_TTS/DIS_Vector_Embedding_Integration/Data/Marathi_Male/wav/mr_m_agri_02073.wav	Marathi_Male	कोकमाच्या झाडावरील मेलेल्या फांदया कमकुवत फांदया कापून नष्ट कराव्यात मात्र कोकमामध्ये जमिनीकडे वाढणा्या जिओट्रोपिक फांदयावर फुले आणि फळे लागतात अशा फांदया तोडू नयेत.
/home/vijay/Desktop/All_Files/ALL_TTS/DIS_Vector_Embedding_Integration/Data/Marathi_Male/wav/mr_m_finance_03279.wav	Marathi_Male	खाजगी व कमर्शियल बँका यांचे वाढते प्रस्थ अशा या स्पर्धात्मक युगात सहकारी बँकांच्या अस्तित्वाचा प्रश्न निर्माण झाला आहे.
/home/vijay/Desktop/All_Files/ALL_TTS/DIS_Vector_Embedding_Integration/Data/Marathi_Male/wav/mr_m_other_03255.wav	Marathi_Male	माणसाच्या अंगठ्याच्या आकाराच्या या बेडकाचे नाव तारांकित बटू बेडूक स्टारी ड्वार्फ फ्रॉग असे आहे
/home/vijay/Desktop/All_Files/ALL_TTS/DIS_Vector_Embedding_Integration/Data/Marathi_Male/wav/mr_m_agri_00412.wav	Marathi_Male	३ शिफारशीत खत मात्रा देतेवेळी नत्र खताची मात्रा चार हप्त्यात विभागून द्यावी.
/home/vijay/Desktop/All_Files/ALL_TTS/DIS_Vector_Embedding_Integration/Data/Marathi_Male/wav/mr_m_finance_01462.wav	Marathi_Male	रिझर्व्ह बँक आणि नोटा छापणारी प्रिटींग प्रेस आवश्यक तितका पुरवठा करण्यास असमर्थ ठरली आहे
/home/vijay/Desktop/All_Files/ALL_TTS/DIS_Vector_Embedding_Integration/Data/Marathi_Male/wav/mr_m_weather_00990.wav	Marathi_Male	या आघाडीने आनंदी झालेल्या कार्यकर्त्यांनी महाराष्ट्र, उत्तर प्रदेश सह पश्चिम बंगाल मध्येदेखील आनंद साजरा करायला सुरवात केली आहे.
/home/vijay/Desktop/All_Files/ALL_TTS/DIS_Vector_Embedding_Integration/Data/Marathi_Male/wav/mr_m_agri_02479.wav	Marathi_Male	कचर्‍याची विल्हेवाट व झाडांसाठी उपयुक्त सेंद्रिय खत या दोन्ही गोष्टी यातून साधू शकतात.
/home/vijay/Desktop/All_Files/ALL_TTS/DIS_Vector_Embedding_Integration/Data/Marathi_Male/wav/mr_m_health_03613.wav	Marathi_Male	छोटया शहरात किंवा खेडयांमध्ये शस्त्रक्रिया करण्यास तेवढी मुबलक सुविधा किंवा स्थिती उपलब्ध नसते
/home/vijay/Desktop/All_Files/ALL_TTS/DIS_Vector_Embedding_Integration/Data/Marathi_Male/wav/mr_m_agri_02197.wav	Marathi_Male	मंडळाच्या प्रयत्नातून हतनूर, रायपूर, रणगाव, कठोरा, सिंगत, सोनोदा, मांगलवाडी, बलवाडी, उदळी आदी गावांच्यामध्ये सुधारित पद्धतीने केळी लागवड वाढली
/home/vijay/Desktop/All_Files/ALL_TTS/DIS_Vector_Embedding_Integration/Data/Marathi_Male/wav/mr_m_agri_00178.wav	Marathi_Male	त्यावेळी रस्त्यातील खड्ड्यात साचलेले पावसाचे पाणी कल्पेश मराठे यांच्या अंगावर उडाले
/home/vijay/Desktop/All_Files/ALL_TTS/DIS_Vector_Embedding_Integration/Data/Marathi_Male/wav/mr_m_finance_01392.wav	Marathi_Male	अर्थव्यवस्था वाढीचा दर चार  च्या आसपास आहे आणि त्यात वाढ व्हायची काहीच चिन्हे नाहीत
/home/vijay/Desktop/All_Files/ALL_TTS/DIS_Vector_Embedding_Integration/Data/Marathi_Male/wav/mr_m_education_00294.wav	Marathi_Male	न्ह ट्रांग मध्ये, तुम्ही उत्तम प्रकारे आणि मोटेल आणि बोर्डिंग घरे आराम करू शकता
/home/vijay/Desktop/All_Files/ALL_TTS/DIS_Vector_Embedding_Integration/Data/Marathi_Male/wav/mr_m_other_01160.wav	Marathi_Male	जे पदाधिकारी निष्क्रीय असतील त्यांना नक्कीच बदलण्यात येईल, असेही रावते यांनी यावेळी सांगितले
/home/vijay/Desktop/All_Files/ALL_TTS/DIS_Vector_Embedding_Integration/Data/Marathi_Male/wav/mr_m_politics_01489.wav	Marathi_Male	या महाआरोग्य शिबिरात त्यांच्या हस्ते मोतिबिंदू, काचबिंदू आदी नेत्ररुग्णांची तपासणी करण्यात येऊन सुमारे ५ हजार चष्म्यांचे वाटप करण्यात येणार आहे
/home/vijay/Desktop/All_Files/ALL_TTS/DIS_Vector_Embedding_Integration/Data/Marathi_Male/wav/mr_m_politics_01930.wav	Marathi_Male	त्यातल्या तरुण स्त्रीकडे बघताक्षणी ती नकुलची आई असणार या विषयी मनात यत्किंचितही शंका राहिली नाही
/home/vijay/Desktop/All_Files/ALL_TTS/DIS_Vector_Embedding_Integration/Data/Marathi_Male/wav/mr_m_other_00813.wav	Marathi_Male	आई तुम्हीही एक स्री आहात मग स्री बद्दल असा विचार करताय?
/home/vijay/Desktop/All_Files/ALL_TTS/DIS_Vector_Embedding_Integration/Data/Marathi_Male/wav/mr_m_weather_04071.wav	Marathi_Male	२१ कवींनी मोठमोठी काव्यें केली नसती तर जगाचा उद्धार झाला नसता त्यामुळे सकळ सृष्टीसाठी ते मोठे आधारच आहेत.
/home/vijay/Desktop/All_Files/ALL_TTS/DIS_Vector_Embedding_Integration/Data/Marathi_Male/wav/mr_m_education_03040.wav	Marathi_Male	पुढे पिलाजीची मुलगी जिऊबाई उर्फ़ राजसबाई येसुबाई यांच्यांशी संभाजी महाराजांचा विवाह झाला.
/home/vijay/Desktop/All_Files/ALL_TTS/DIS_Vector_Embedding_Integration/Data/Marathi_Male/wav/mr_m_finance_00782.wav	Marathi_Male	बँकांत गर्दी आणि एटीएम बंद असल्यामुळे लोकांना आर्थिक अडचणींना सामोरं जावं लागतंय.
/home/vijay/Desktop/All_Files/ALL_TTS/DIS_Vector_Embedding_Integration/Data/Marathi_Male/wav/mr_m_other_03639.wav	Marathi_Male	मच्छीमारांच्या प्रश्नामध्ये फार स्वारस्य दाखविणारे आमदार, खासदार, मंत्री केवळ गावगप्पा मारण्यात मश्गूल आहेत
/home/vijay/Desktop/All_Files/ALL_TTS/DIS_Vector_Embedding_Integration/Data/Marathi_Male/wav/mr_m_agri_00221.wav	Marathi_Male	बारामतीला देण्यात येणारे पाणी हे पाणी दुष्काळी भाग असलेल्या सातारा जिल्ह्य़ातल्या फलटण, सोलापूर जिल्ह्य़ातल्या माळशिरस, सांगोला आणि पंढरपूर या तालुक्यांना दिलं जाणारंय
/home/vijay/Desktop/All_Files/ALL_TTS/DIS_Vector_Embedding_Integration/Data/Marathi_Male/wav/mr_m_education_02269.wav	Marathi_Male	शरद जावडेकर, डॉ अनंत फडके, अरुण वाखरु, किरण मोघे, संजीव चांदोरकर, अजित अभ्यंकर, विश्वेश्वर रास्ते, किशोरी गद्रे, तन्मय कानिटकर आदी उपस्थित होते.
/home/vijay/Desktop/All_Files/ALL_TTS/DIS_Vector_Embedding_Integration/Data/Marathi_Male/wav/mr_m_other_00105.wav	Marathi_Male	एपल कट कुर्ता, जॉगर पॅण्टवर सिल्कचा शॉर्ट, तर या नवरात्रीत फ्रण्ट स्लिट कुर्ता नक्की ट्राय करा
/home/vijay/Desktop/All_Files/ALL_TTS/DIS_Vector_Embedding_Integration/Data/Marathi_Male/wav/mr_m_health_01297.wav	Marathi_Male	रुग्णाचे वय, ऋतूनिवृत्ती, आजाराचे प्रमाण आणि संप्रेरकांची एक तपासणी यावर हा उपचार ठरवण्यात येतो
/home/vijay/Desktop/All_Files/ALL_TTS/DIS_Vector_Embedding_Integration/Data/Marathi_Male/wav/mr_m_general_01229.wav	Marathi_Male	तिथे मुलांना लवकर उठणे, गुरूंची सेवा करणे, गुरुपत्नींना कामात मदत करणे, गुरू जे शिकवतील त्याचेच अध्ययन करणे या गोष्टी कराव्या लागत
