/home/vijay/Desktop/All_Files/ALL_TTS/DIS_Vector_Embedding_Integration/Data/Tamil_Male/wav/train_tamilmale_00289.wav	Tamil_Male	இன்னும் இரண்டு மூன்று சந்துகள் புகுந்து திரும்பிய பிறகே ஓட்டத்தை நிறுத்தி மெதுவாக நடக்கலுற்றான்.
/home/vijay/Desktop/All_Files/ALL_TTS/DIS_Vector_Embedding_Integration/Data/Tamil_Male/wav/train_tamilmale_00430.wav	Tamil_Male	சோழ சிம்மாசனத்தில் ஏறத் துடித்துக் கொண்டிருக்கிறான்.
/home/vijay/Desktop/All_Files/ALL_TTS/DIS_Vector_Embedding_Integration/Data/Tamil_Male/wav/train_tamilmale_00303.wav	Tamil_Male	வந்தியத்தேவன் அவள் கூறியவாறே செய்தான்.
/home/vijay/Desktop/All_Files/ALL_TTS/DIS_Vector_Embedding_Integration/Data/Tamil_Male/wav/train_tamilmale_00287.wav	Tamil_Male	மிதமிஞ்சி மதுபானம் செய்தவன் போலிருக்கிறது என்ற பாவனையில் சிலர் பார்த்தார்கள்.
/home/vijay/Desktop/All_Files/ALL_TTS/DIS_Vector_Embedding_Integration/Data/Tamil_Male/wav/train_tamilmale_00397.wav	Tamil_Male	உங்கள் முத்திரை மோதிரத்தையும் காட்டினான்.
/home/vijay/Desktop/All_Files/ALL_TTS/DIS_Vector_Embedding_Integration/Data/Tamil_Male/wav/train_tamilmale_00179.wav	Tamil_Male	ஆசிரியரின் கற்பனை அணி அலங்காரம் இல்பொருள் உவமை என்று இவ்விதம் ஏதாவது ஒரு வகை இலக்கணம் கூறி ஒப்புக்கொள்ளத் தான் வேண்டும்.
/home/vijay/Desktop/All_Files/ALL_TTS/DIS_Vector_Embedding_Integration/Data/Tamil_Male/wav/train_tamilmale_00360.wav	Tamil_Male	உனக்கு வைத்திருந்த ஏணியில் இன்னொருவன் ஏறி வந்துவிட்டான்.
/home/vijay/Desktop/All_Files/ALL_TTS/DIS_Vector_Embedding_Integration/Data/Tamil_Male/wav/train_tamilmale_00066.wav	Tamil_Male	வேளக்காரப்படை மாலையில் கோட்டையிலிருந்து வெளியேறிய பிறகு மற்ற யாரையும் உள்ளே விடுவதில்லையென்று வந்தியத்தேவன் அறிந்து கொண்டான்.
/home/vijay/Desktop/All_Files/ALL_TTS/DIS_Vector_Embedding_Integration/Data/Tamil_Male/wav/train_tamilmale_00263.wav	Tamil_Male	இன்னொருவன் வந்தியத்தேவனுடன் மல்யுத்தம் செய்ய வருகிறவனைப் போல் இரண்டு கைகளையும் முன்னால் நீட்டிக் கொண்டுவந்தான்.
/home/vijay/Desktop/All_Files/ALL_TTS/DIS_Vector_Embedding_Integration/Data/Tamil_Male/wav/train_tamilmale_00131.wav	Tamil_Male	நம்முடைய ஆதித்தனுக்கு இவனையொத்தவர்களின் உதவியிருந்தால் அவனைப்பற்றி நாம் கவலைப்பட வேண்டியதில்லை.
/home/vijay/Desktop/All_Files/ALL_TTS/DIS_Vector_Embedding_Integration/Data/Tamil_Male/wav/train_tamilmale_00231.wav	Tamil_Male	பிறகு பல்லவன் அபராஜிதவர்மனோடு போர்தொடுத்தான்.
/home/vijay/Desktop/All_Files/ALL_TTS/DIS_Vector_Embedding_Integration/Data/Tamil_Male/wav/train_tamilmale_00158.wav	Tamil_Male	இந்திரனும் சூரியனும் சிவபெருமானும் கூடத் தங்களுடைய வண்மையின் பயனை அனுபவித்திருக்கிறார்கள் என்றார் மற்றோர் புலவர் சிரோமணி.
/home/vijay/Desktop/All_Files/ALL_TTS/DIS_Vector_Embedding_Integration/Data/Tamil_Male/wav/train_tamilmale_00378.wav	Tamil_Male	அவரது சுகத்தில் அபிவிருத்தியும் இல்லை சீர்கேடும் இல்லை என்றார்.
/home/vijay/Desktop/All_Files/ALL_TTS/DIS_Vector_Embedding_Integration/Data/Tamil_Male/wav/train_tamilmale_00025.wav	Tamil_Male	ஆனால் கண்களை மட்டும் பல்லக்கின் பட்டுத் திரையின் மத்தியில் ஒளிர்ந்த மோஹனாங்கியின் சந்திர பிம்ப வதனத்தினின்றும் அவனால் அகற்ற முடியவில்லை.
/home/vijay/Desktop/All_Files/ALL_TTS/DIS_Vector_Embedding_Integration/Data/Tamil_Male/wav/train_tamilmale_00255.wav	Tamil_Male	ஆதித்த சோழன் தலையில் கிரீடத்தை வைத்துப் பட்டாபிஷேகம் செய்தித்தவர் ஒரு பழுவேட்டரையர்.
/home/vijay/Desktop/All_Files/ALL_TTS/DIS_Vector_Embedding_Integration/Data/Tamil_Male/wav/train_tamilmale_00219.wav	Tamil_Male	தங்கள் உடல்நிலையைப் பாதிக்கும்படி இந்த அரண்மனைக்குள்ளேயும் அவர்களுடைய கூச்சல் வந்து கேட்கும்.
/home/vijay/Desktop/All_Files/ALL_TTS/DIS_Vector_Embedding_Integration/Data/Tamil_Male/wav/train_tamilmale_00147.wav	Tamil_Male	இதைச் சின்னப்பழுவேட்டரையர் கவனித்தார் அவருடைய மீசை துடித்தது.
/home/vijay/Desktop/All_Files/ALL_TTS/DIS_Vector_Embedding_Integration/Data/Tamil_Male/wav/train_tamilmale_00055.wav	Tamil_Male	அவர்களைக் கேள்வி கேட்பார் கிடையாது.
/home/vijay/Desktop/All_Files/ALL_TTS/DIS_Vector_Embedding_Integration/Data/Tamil_Male/wav/train_tamilmale_00351.wav	Tamil_Male	தங்க விளக்கின் சுடர் ஒளி அவன் முகத்தின் மீது விழுந்தது.
/home/vijay/Desktop/All_Files/ALL_TTS/DIS_Vector_Embedding_Integration/Data/Tamil_Male/wav/train_tamilmale_00357.wav	Tamil_Male	உனக்குப் பழைய ஞாபகங்கள் எப்படி இருக்கும்.
/home/vijay/Desktop/All_Files/ALL_TTS/DIS_Vector_Embedding_Integration/Data/Tamil_Male/wav/train_tamilmale_00420.wav	Tamil_Male	நந்தினி தன் கண்களை துடைத்துக் கொண்டு பழுவேட்டரையரை நிமிர்ந்து பார்த்தாள்.
/home/vijay/Desktop/All_Files/ALL_TTS/DIS_Vector_Embedding_Integration/Data/Tamil_Male/wav/train_tamilmale_00216.wav	Tamil_Male	அருள்மொழி இங்கு வரும்போது ஈழப்படைக்கு உணவு அனுப்புவது பற்றி உங்கள் ஆட்சேபத்தையும் அவனிடம் தெரிவிக்கலாம்.
/home/vijay/Desktop/All_Files/ALL_TTS/DIS_Vector_Embedding_Integration/Data/Tamil_Male/wav/train_tamilmale_00034.wav	Tamil_Male	அவ்விதம் இதோ கலந்திருக்கின்றனவே பல்லக்கைக் கொண்டு வந்து அவர்கள் உன் குதிரைமீது மோதினார்கள் என்றா சொன்னாய்.
/home/vijay/Desktop/All_Files/ALL_TTS/DIS_Vector_Embedding_Integration/Data/Tamil_Male/wav/train_tamilmale_00208.wav	Tamil_Male	அங்கேயே காலமானார் மேற்கெழுந்தருளிய தேவர் என்று அவரும் பெயர் பெற்றார்.
/home/vijay/Desktop/All_Files/ALL_TTS/DIS_Vector_Embedding_Integration/Data/Tamil_Male/wav/train_tamilmale_00297.wav	Tamil_Male	அல்லது உண்மையில் நடப்பதா அழகுதான் இன்னும் தூக்கம் கலையவில்லை போலிருக்கிறது.
/home/vijay/Desktop/All_Files/ALL_TTS/DIS_Vector_Embedding_Integration/Data/Tamil_Male/wav/train_tamilmale_00350.wav	Tamil_Male	அப்போது அவள் முகத்தில் படிந்திருந்தது பயத்தின் ரேகையா அல்லது மரங்களின் இருண்ட நிழலா என்று சொல்ல முடியாது.
/home/vijay/Desktop/All_Files/ALL_TTS/DIS_Vector_Embedding_Integration/Data/Tamil_Male/wav/train_tamilmale_00433.wav	Tamil_Male	கேவலம் பெண் பிள்ளைகள் என்று அலட்00சியம் செய்வீர்கள்.
/home/vijay/Desktop/All_Files/ALL_TTS/DIS_Vector_Embedding_Integration/Data/Tamil_Male/wav/train_tamilmale_00099.wav	Tamil_Male	உன்னைக் காட்டிலும் நன்றாய்ப் பாடுவானா அழகாயிருக்கிறது உங்கள் கேள்வி.
/home/vijay/Desktop/All_Files/ALL_TTS/DIS_Vector_Embedding_Integration/Data/Tamil_Male/wav/train_tamilmale_00258.wav	Tamil_Male	தன்னுடைய உடைகளைப் பரிசீலனை செய்து பார்ப்பதற்காகவே தனக்கு இவ்வளவு உபசாரம் செய்து புது ஆடைகளும் கொடுத்திருக்கிறார்கள்.
/home/vijay/Desktop/All_Files/ALL_TTS/DIS_Vector_Embedding_Integration/Data/Tamil_Male/wav/train_tamilmale_00137.wav	Tamil_Male	அகத்தியனாரின் வழி வந்தவர்கள் தொல்காப்பியம் முதலிய சங்க நூல்களைக் கரைத்துக் குடித்தவர்கள்.
/home/vijay/Desktop/All_Files/ALL_TTS/DIS_Vector_Embedding_Integration/Data/Tamil_Male/wav/train_tamilmale_00256.wav	Tamil_Male	அண்ணன் தம்பிகளான பழுவேட்டரையர்கள் இன்று சோழ நாட்டில் இவ்வளவு ஆதிக்கம் வகிப்பதற்குக் காரணம் இல்லாமற் போகவில்லை.
/home/vijay/Desktop/All_Files/ALL_TTS/DIS_Vector_Embedding_Integration/Data/Tamil_Male/wav/train_tamilmale_00210.wav	Tamil_Male	இந்த பிள்ளை பிறந்தவுடனே சரஸ்வதி தேவி இவனுடைய நாவில் எழுதி விட்டாள் போலும் இவனுடைய வாக்குவன்மை அதிசயமாயிருக்கிறது என்றாள் தேவி.
/home/vijay/Desktop/All_Files/ALL_TTS/DIS_Vector_Embedding_Integration/Data/Tamil_Male/wav/train_tamilmale_00046.wav	Tamil_Male	கோட்டை வாசலில் பிரம்மாண்டமான கதவுகள் அச்சமயம் சாத்தியிருந்தன.
/home/vijay/Desktop/All_Files/ALL_TTS/DIS_Vector_Embedding_Integration/Data/Tamil_Male/wav/train_tamilmale_00246.wav	Tamil_Male	கண்டராதித்தருக்குப் பிறகு அதிக காலம் பரகேசரி அரிஞ்சயன் ஜீவிய வந்தனாக இருக்கவில்லை.
/home/vijay/Desktop/All_Files/ALL_TTS/DIS_Vector_Embedding_Integration/Data/Tamil_Male/wav/train_tamilmale_00435.wav	Tamil_Male	தங்களையும் என்னையும் சேர்த்து அவள் அவமானப்படுத்தியதைத் தாங்கள் மறந்திருக்கலாம்.
/home/vijay/Desktop/All_Files/ALL_TTS/DIS_Vector_Embedding_Integration/Data/Tamil_Male/wav/train_tamilmale_00056.wav	Tamil_Male	கோட்டை வாசலின் கதவுகள் இரண்டும் படார் படார் என்று திறந்துகொண்டன.
/home/vijay/Desktop/All_Files/ALL_TTS/DIS_Vector_Embedding_Integration/Data/Tamil_Male/wav/train_tamilmale_00319.wav	Tamil_Male	அப்படியென்றால் பூர்வ ஜன்மத்தில் இரண்டு பேருக்கு நட்போ உறவோ இருந்தால் இந்த ஜன்மத்திலும் அத்தகைய சொந்தம் ஏற்படும் என்கிறார்களே அதைத்தான் சொல்லுகிறேன்.
/home/vijay/Desktop/All_Files/ALL_TTS/DIS_Vector_Embedding_Integration/Data/Tamil_Male/wav/train_tamilmale_00298.wav	Tamil_Male	ஜாக்கிரதையாக ஏறி வா கீழே விழுந்து தொலைக்காதே இப்படிச் சொல்லிக் கொண்டே அப்பெண் சுவரின் உட்புறத்திலிருந்து மெல்லிய மூங்கிலினால் ஆன ஏணி ஒன்றை எடுத்து வெளிப்புறத்தில் சுவர் ஓரமாக வைத்தாள்.
/home/vijay/Desktop/All_Files/ALL_TTS/DIS_Vector_Embedding_Integration/Data/Tamil_Male/wav/train_tamilmale_00011.wav	Tamil_Male	அதைக் கேட்ட அவ்வீரன் புன்னகை செய்துவிட்டு தஞ்சைக்கு எதற்காகப் போகிறாய் என்றான்.
/home/vijay/Desktop/All_Files/ALL_TTS/DIS_Vector_Embedding_Integration/Data/Tamil_Male/wav/train_tamilmale_00240.wav	Tamil_Male	சீரான்மல்கு தில்லைச் செம்போன் அம்பலத்தாடி தன்னைக் காரார் சோலைக்கோழி வேந்தன் தஞ்சையோர்கோன் கலந்த ஆராவின் சொற் கண்டராதித்தன் அருந்தமிழ் மாலை வல்லவர்.
/home/vijay/Desktop/All_Files/ALL_TTS/DIS_Vector_Embedding_Integration/Data/Tamil_Male/wav/train_tamilmale_00039.wav	Tamil_Male	சொல்லா விட்டால் நல்லவேளையாக ஏற்கனவே அந்த மறுமொழி வந்தியத்தேவன் உள்ளத்தில் உதயமாயிருந்தது.
/home/vijay/Desktop/All_Files/ALL_TTS/DIS_Vector_Embedding_Integration/Data/Tamil_Male/wav/train_tamilmale_00159.wav	Tamil_Male	இந்திரன் ஏறக் கரி அளித்தார் பரிஏ ழளித்தார் செந்திரு மேனித் தினகரற்கு சிவனார் மணத்துப் பைந்துகிலேறப் பல்லக்களித்தார்.
/home/vijay/Desktop/All_Files/ALL_TTS/DIS_Vector_Embedding_Integration/Data/Tamil_Male/wav/train_tamilmale_00151.wav	Tamil_Male	சிவநேசச் செல்வராகிய தாங்கள் பௌத்த மடாலயத்துக்கு நிவந்தம் அளித்து உதவியதை இந்தத் தமிழகமெங்கும் உள்ள பௌத்தர்கள் பாராட்டிப் போற்றுகிறார்கள்.
/home/vijay/Desktop/All_Files/ALL_TTS/DIS_Vector_Embedding_Integration/Data/Tamil_Male/wav/train_tamilmale_00120.wav	Tamil_Male	இந்த மோதிரத்தையும் அவர்தான் கொடுத்தனுப்பினார்.
/home/vijay/Desktop/All_Files/ALL_TTS/DIS_Vector_Embedding_Integration/Data/Tamil_Male/wav/train_tamilmale_00390.wav	Tamil_Male	இதை என்னிடம் விட்டுவிடு மற்றபடி நீ என்னவோ சிறிய விசேஷம் இங்கே நடந்ததாகச் சொன்னாயே அது என்ன காஞ்சியிலிருந்து வாலிபன் ஒருவன் வந்தான்.
/home/vijay/Desktop/All_Files/ALL_TTS/DIS_Vector_Embedding_Integration/Data/Tamil_Male/wav/train_tamilmale_00389.wav	Tamil_Male	வந்தால் அவனைத் தடுக்க வேண்டியது தான் மதுராந்தகனுக்கு இளவரசுப் பட்டம் கட்டிச் சிம்மாசனத்தில் சகல அதிகாரங்களுடன் ஏற்றிய பிறகுதான் அவர்கள் இருவரும் வந்தால் வரலாம்.
/home/vijay/Desktop/All_Files/ALL_TTS/DIS_Vector_Embedding_Integration/Data/Tamil_Male/wav/train_tamilmale_00181.wav	Tamil_Male	இன்னும் சிலர் தங்களுடைய மனோநிலை இன்னதென்று தங்களுக்கே தெரியாமல் கல்லாய்ச் சமைந்திருந்தார்கள் சுந்தர சோழர் கூறினார்.
/home/vijay/Desktop/All_Files/ALL_TTS/DIS_Vector_Embedding_Integration/Data/Tamil_Male/wav/train_tamilmale_00027.wav	Tamil_Male	நல்ல வேளையாக அதே நிமிஷத்தில் வந்தியத்தேவனுடைய மூளை நரம்பு ஒன்று அசைந்தது.
/home/vijay/Desktop/All_Files/ALL_TTS/DIS_Vector_Embedding_Integration/Data/Tamil_Male/wav/train_tamilmale_00327.wav	Tamil_Male	ருக்மணி சத்திய பாமாவையும் ராதாவையும் கோபிகாஸ்திரீகளையும் உடனே கைவிட்டு அவர்கள் வீற்றிருந்த சிம்மாசனத்தில் தங்களை ஏற்றி உட்கார வைத்துவிடுவார் ஐயா.
/home/vijay/Desktop/All_Files/ALL_TTS/DIS_Vector_Embedding_Integration/Data/Tamil_Male/wav/train_tamilmale_00074.wav	Tamil_Male	ஆனால் உங்களுக்கு இஷ்டமாயிருந்தால்.
/home/vijay/Desktop/All_Files/ALL_TTS/DIS_Vector_Embedding_Integration/Data/Tamil_Male/wav/train_tamilmale_00185.wav	Tamil_Male	குந்தவை என்ற பெயரைக் கேட்டதுமே வந்தியத்தேவனுக்கு மெய்சிலிர்த்தது.
/home/vijay/Desktop/All_Files/ALL_TTS/DIS_Vector_Embedding_Integration/Data/Tamil_Male/wav/train_tamilmale_00053.wav	Tamil_Male	நான் குதிரை மேல் உட்கார்ந்து கொண்டு பார்த்தால் என்ன பார்க்கலாம் ஆனால் வேளக்காரப் படை வீரர்கள் உங்களைப் பார்த்துவிட்டால் ஆபத்து.
/home/vijay/Desktop/All_Files/ALL_TTS/DIS_Vector_Embedding_Integration/Data/Tamil_Male/wav/train_tamilmale_00209.wav	Tamil_Male	எங்கள் பழைய பூர்வீக ராஜ்யத்தில் ஒரு சிறு பகுதியையாவது அடியேனுக்குத் திருப்பிக் கொடுக்க அருள் புரிய வேண்டும்.
/home/vijay/Desktop/All_Files/ALL_TTS/DIS_Vector_Embedding_Integration/Data/Tamil_Male/wav/train_tamilmale_00180.wav	Tamil_Male	புலவர் தலைவரான நல்லன் சாத்தனார் பிரபு அப்படியானால் இந்தப் பாடலை இயற்றிய கவி என்று தயங்கினார்.
/home/vijay/Desktop/All_Files/ALL_TTS/DIS_Vector_Embedding_Integration/Data/Tamil_Male/wav/train_tamilmale_00114.wav	Tamil_Male	குதிரைகளும் குதிரை பூட்டிய ரதங்களும் பூமி அதிரும்படி சத்தமிட்டுக் கொண்டு சென்றன.
/home/vijay/Desktop/All_Files/ALL_TTS/DIS_Vector_Embedding_Integration/Data/Tamil_Male/wav/train_tamilmale_00091.wav	Tamil_Male	நமக்கென்ன அதைப்பற்றி பெரிய இடத்துப் பேச்சு பேசாமலிருப்பதே நல்லது.
/home/vijay/Desktop/All_Files/ALL_TTS/DIS_Vector_Embedding_Integration/Data/Tamil_Male/wav/train_tamilmale_00308.wav	Tamil_Male	உற்சாகம் இருக்கும்போது இளமை தானே வருகிறது அப்படி உனக்கு என்ன உற்சாகம் வந்தது.
/home/vijay/Desktop/All_Files/ALL_TTS/DIS_Vector_Embedding_Integration/Data/Tamil_Male/wav/train_tamilmale_00394.wav	Tamil_Male	அவனிடம் நீ ஏமாந்து போய்விட்டாயா என்ன ஆம் அண்ணா ஏமாந்துதான் போய்விட்டேன்.
/home/vijay/Desktop/All_Files/ALL_TTS/DIS_Vector_Embedding_Integration/Data/Tamil_Male/wav/train_tamilmale_00349.wav	Tamil_Male	வந்தியத்தேவனுடைய உடம்பு சிலிர்த்தது.
/home/vijay/Desktop/All_Files/ALL_TTS/DIS_Vector_Embedding_Integration/Data/Tamil_Male/wav/train_tamilmale_00204.wav	Tamil_Male	வல்லவரையன் நல்ல பலசாலிதான் ஆயினும் அந்த வஜ்ரப் பிடியின் வேகம் அவன் உச்சந்தலை முதல் உள்ளங்கால் வரையில் ஒரு குலுக்குக் குலுக்கி அவனை செயலிழந்து நிற்கும்படி செய்துவிட்டது.
/home/vijay/Desktop/All_Files/ALL_TTS/DIS_Vector_Embedding_Integration/Data/Tamil_Male/wav/train_tamilmale_00103.wav	Tamil_Male	பழுவூர்க்காரர்கள் போட்ட கோட்டை அவர் தாண்டுவதில்லை என்று ஜனங்கள் சொல்கிறார்கள்.
/home/vijay/Desktop/All_Files/ALL_TTS/DIS_Vector_Embedding_Integration/Data/Tamil_Male/wav/train_tamilmale_00426.wav	Tamil_Male	மேலும் இந்த யோசனை கூறியது நீதான் என்பதை மறந்து விட்டாயா.
/home/vijay/Desktop/All_Files/ALL_TTS/DIS_Vector_Embedding_Integration/Data/Tamil_Male/wav/train_tamilmale_00408.wav	Tamil_Male	எதற்காக அநாவசியமாய் நந்தினியைப் பற்றிக் குறைகூற வேண்டும் மனித சுபாவம் அப்படித்தான் போலும்.
/home/vijay/Desktop/All_Files/ALL_TTS/DIS_Vector_Embedding_Integration/Data/Tamil_Male/wav/train_tamilmale_00438.wav	Tamil_Male	நந்தினி அவரை சாந்தப் படுத்த முயன்றாள்.
/home/vijay/Desktop/All_Files/ALL_TTS/DIS_Vector_Embedding_Integration/Data/Tamil_Male/wav/train_tamilmale_00395.wav	Tamil_Male	சந்தேகித்தேன் ஆனால் சிறைப்படுத்தவில்லை பின்னே என்ன செய்தாய் ஊர் பார்க்கவேண்டும் என்றான்.
/home/vijay/Desktop/All_Files/ALL_TTS/DIS_Vector_Embedding_Integration/Data/Tamil_Male/wav/train_tamilmale_00393.wav	Tamil_Male	அது உண்மையா ஆகா வெறும் பொய் கடம்பூரில் அழையாத வாலிபன் ஒருவன் கந்தன்மாறனின் சிநேகிதன் என்று சொல்லிக்கொண்டு வந்திருந்தான்.
/home/vijay/Desktop/All_Files/ALL_TTS/DIS_Vector_Embedding_Integration/Data/Tamil_Male/wav/train_tamilmale_00162.wav	Tamil_Male	அவனுடைய திகைப்பைக் கண்ட சுந்தர சோழர் தாமே ஒரு யானையைப் பொறுக்கி இந்திரனுக்கு அளித்தார்.
/home/vijay/Desktop/All_Files/ALL_TTS/DIS_Vector_Embedding_Integration/Data/Tamil_Male/wav/train_tamilmale_00354.wav	Tamil_Male	பெண்ணே நினைவில் வைத்திருக்க வேண்டிய சில சம்பவங்களை நீ மறந்துவிட்டாய் போலிருக்கிறது.
/home/vijay/Desktop/All_Files/ALL_TTS/DIS_Vector_Embedding_Integration/Data/Tamil_Male/wav/train_tamilmale_00105.wav	Tamil_Male	அவர்களைத் தட்டிப் பேசுவதற்கே யாரும் கிடையாது.
/home/vijay/Desktop/All_Files/ALL_TTS/DIS_Vector_Embedding_Integration/Data/Tamil_Male/wav/train_tamilmale_00305.wav	Tamil_Male	அச்சமயம் காற்றின் அசைவில் மரக்கிளைகள் விலகி நிலாக் கதிர் ஒன்று வந்தியத்தேவனுடைய முகத்தின் மீது விழுந்தது.
/home/vijay/Desktop/All_Files/ALL_TTS/DIS_Vector_Embedding_Integration/Data/Tamil_Male/wav/train_tamilmale_00227.wav	Tamil_Male	சுவர்களில் பல அழகிய வர்ணங்களில் தீட்டியிருந்த அற்புதமான சித்திரங்களைப் பார்த்துப் பார்த்துப் புளகாங்கிதம் அடைந்தான்.
/home/vijay/Desktop/All_Files/ALL_TTS/DIS_Vector_Embedding_Integration/Data/Tamil_Male/wav/train_tamilmale_00280.wav	Tamil_Male	என்ன பொருள்கள் என்று இன்னமும் நீ சொல்லவில்லையே சொல்லத்தான் வேண்டுமானால் சொல்லுகிறேன்.
/home/vijay/Desktop/All_Files/ALL_TTS/DIS_Vector_Embedding_Integration/Data/Tamil_Male/wav/train_tamilmale_00418.wav	Tamil_Male	தங்களுடைய நிழலைப் போல் தொடர்ந்து நானும் போர்க்களத்துக்கு வருவேன்.
/home/vijay/Desktop/All_Files/ALL_TTS/DIS_Vector_Embedding_Integration/Data/Tamil_Male/wav/train_tamilmale_00252.wav	Tamil_Male	இத்தகைய மன்னர் பரம்பரையைப் பெற்ற சோழ நாடு பாக்கியம் செய்த நாடு இன்று அவர்களுடைய ஆட்சியின் கீழ் உள்ள நாடுகள் எல்லாம் பாக்கியம் செய்த நாடுகள்தாம்.
/home/vijay/Desktop/All_Files/ALL_TTS/DIS_Vector_Embedding_Integration/Data/Tamil_Male/wav/train_tamilmale_00338.wav	Tamil_Male	இரண்டு தடவை தற்செயலாகப் பார்த்த என்னாலேயே தங்களை மறக்கமுடியாது போலிருக்கிறதே வாழ்நாளெல்லாம் தங்களோடு இருந்தவரால் எப்படி மறக்கமுடியும்.
/home/vijay/Desktop/All_Files/ALL_TTS/DIS_Vector_Embedding_Integration/Data/Tamil_Male/wav/train_tamilmale_00192.wav	Tamil_Male	ஆயினும் இச்சமயம் அதே பாடலை நான் பாடியிருந்தால் இன்னொரு கொடையையும் சேர்ந்திருப்பேன்.
/home/vijay/Desktop/All_Files/ALL_TTS/DIS_Vector_Embedding_Integration/Data/Tamil_Male/wav/train_tamilmale_00213.wav	Tamil_Male	சக்கரவர்த்தி இளவரசரைக் கேட்டால் பழுவூர்த் தேவரைக் கேட்க வேண்டும் என்று சொல்கிறார் பழுவூர்த் தேவரோ இளவரசரைக் கேட்க வேண்டும் என்கிறார்.
/home/vijay/Desktop/All_Files/ALL_TTS/DIS_Vector_Embedding_Integration/Data/Tamil_Male/wav/train_tamilmale_00199.wav	Tamil_Male	புலவர் தலைவர் எழுந்து கூறினார் அரசே தங்களுடைய முன்னோர்களில் மிகப் பிரபலமானவர் கரிகால் பெருவளத்தார்.
/home/vijay/Desktop/All_Files/ALL_TTS/DIS_Vector_Embedding_Integration/Data/Tamil_Male/wav/train_tamilmale_00268.wav	Tamil_Male	இவரை எண்ணெய் முழுக்காட்டிப் புதிய ஆடைகளையும் ஆபரனங்களையும் அணிவித்தோம் அறுசுவை உண்டி அளித்தோம்.
/home/vijay/Desktop/All_Files/ALL_TTS/DIS_Vector_Embedding_Integration/Data/Tamil_Male/wav/train_tamilmale_00359.wav	Tamil_Male	அது பொய்யானால் நான் இன்று வரப்போவதாக முன்னதாகச் சொல்லி அனுப்பியிருந்தும் வழக்கமான இடத்துக்கு உன் தாதிப் பெண்ணை ஏன் அனுப்பி வைக்கவில்லை அனுப்பி வைத்துத்தான் இருந்தேன்.
/home/vijay/Desktop/All_Files/ALL_TTS/DIS_Vector_Embedding_Integration/Data/Tamil_Male/wav/train_tamilmale_00284.wav	Tamil_Male	கடவுளே பார்த்துக் காட்டியிருக்கும் இந்த வழியை உபயோகித்துக் கொள்ளாவிட்டால் தன்னைப் போன்ற மூடன் வேறு யாரும் இல்லை.
/home/vijay/Desktop/All_Files/ALL_TTS/DIS_Vector_Embedding_Integration/Data/Tamil_Male/wav/train_tamilmale_00174.wav	Tamil_Male	அந்தக் குதூகலச் சிரிப்பின் ஒலியைக் கேட்டு உடைய பிராட்டியின் பட்டத்து அரசியை உடைய பிராட்டி என்று குறிப்பிடுவது அக்காலத்து மரபு முகமும் தாதியரின் முகங்களும் மலர்ந்தன.
/home/vijay/Desktop/All_Files/ALL_TTS/DIS_Vector_Embedding_Integration/Data/Tamil_Male/wav/train_tamilmale_00009.wav	Tamil_Male	ஆனால் இதில் முக்கியமானவர்கள் மட்டுமே போகலாம் மற்றவர்களுக்கு வேறு சாலை இருக்கிறது என்றான் வீரன்.
/home/vijay/Desktop/All_Files/ALL_TTS/DIS_Vector_Embedding_Integration/Data/Tamil_Male/wav/train_tamilmale_00375.wav	Tamil_Male	மாளிகை வாசலுக்குத் தமையனை வரவேற்க வந்த தளபதியின் முகத்தில் பரபரப்பும் கவலையும் காணப்பட்டன.
/home/vijay/Desktop/All_Files/ALL_TTS/DIS_Vector_Embedding_Integration/Data/Tamil_Male/wav/train_tamilmale_00377.wav	Tamil_Male	ஏதாவது விசேஷம் உண்டா சக்கரவர்த்தி சுகமா என்று தமையனார் கேட்டார்.
/home/vijay/Desktop/All_Files/ALL_TTS/DIS_Vector_Embedding_Integration/Data/Tamil_Male/wav/train_tamilmale_00370.wav	Tamil_Male	ஜயகோஷம் செய்வார்கள் வாழ்த்துக் கூறுவார்கள் பூமாரியும் பொரி மழையும் பொழிவார்கள்.
/home/vijay/Desktop/All_Files/ALL_TTS/DIS_Vector_Embedding_Integration/Data/Tamil_Male/wav/train_tamilmale_00391.wav	Tamil_Male	அவனை என்ன செய்தாய் ஓலைகளைப் பிடுங்கிக் கொண்டு அவனைச் சிறைப்படுத்தியிருக்கிறாய் அல்லவா.
/home/vijay/Desktop/All_Files/ALL_TTS/DIS_Vector_Embedding_Integration/Data/Tamil_Male/wav/train_tamilmale_00373.wav	Tamil_Male	இன்னும் சிலர் சுந்தோப சுந்தர்கள் என்பார்கள்.
/home/vijay/Desktop/All_Files/ALL_TTS/DIS_Vector_Embedding_Integration/Data/Tamil_Male/wav/train_tamilmale_00320.wav	Tamil_Male	அவர் தம் கைத்தடியின் சக்தியைக் கொண்டு விஷ்ணுதான் பெரிய தெய்வம் என்று மெய்ப்பிக்க முயன்றார்.
/home/vijay/Desktop/All_Files/ALL_TTS/DIS_Vector_Embedding_Integration/Data/Tamil_Male/wav/train_tamilmale_00203.wav	Tamil_Male	குந்தவை தேவிக்குக் கொண்டுவந்த ஓலையைக் காணாததால் மனக்கலக்கம் அடைந்திருந்த வல்லவராயன்.
/home/vijay/Desktop/All_Files/ALL_TTS/DIS_Vector_Embedding_Integration/Data/Tamil_Male/wav/train_tamilmale_00024.wav	Tamil_Male	அவனுடைய கையும் இயல்பாக உறைவாளிடம் சென்றது.
/home/vijay/Desktop/All_Files/ALL_TTS/DIS_Vector_Embedding_Integration/Data/Tamil_Male/wav/train_tamilmale_00318.wav	Tamil_Male	நேற்று உங்களைப் பார்த்தது முதல் எனக்கு உங்கள் ஞாபகமாகவேயிருந்தது பூர்வ ஜன்ம வாசனையில் உனக்கு நம்பிக்கை உண்டா.
/home/vijay/Desktop/All_Files/ALL_TTS/DIS_Vector_Embedding_Integration/Data/Tamil_Male/wav/train_tamilmale_00118.wav	Tamil_Male	ஆயினும் என்ன இன்னும் எத்தனை காவல்கள் இப்படி உண்டோ சின்னப் பழுவேட்டரையர் எங்கே இருக்கிறாரோ.
/home/vijay/Desktop/All_Files/ALL_TTS/DIS_Vector_Embedding_Integration/Data/Tamil_Male/wav/train_tamilmale_00016.wav	Tamil_Male	ஏன் பின்னாலேயே வந்துகொண்டிருக்கிறாய்.
/home/vijay/Desktop/All_Files/ALL_TTS/DIS_Vector_Embedding_Integration/Data/Tamil_Male/wav/train_tamilmale_00337.wav	Tamil_Male	அவருக்கு என்ன சொல்லட்டும் அவருக்கு நந்தினி என்று ஒரு சகோதரி இருந்தாள் என்பதை அடியோடு மறந்துவிடும்படி சொல்லு சொல்லிவிடலாம் ஆனால் நடக்கிற காரியமில்லை எது தங்களை மறப்பதுதான்.
/home/vijay/Desktop/All_Files/ALL_TTS/DIS_Vector_Embedding_Integration/Data/Tamil_Male/wav/train_tamilmale_00441.wav	Tamil_Male	நாதா தங்கள் கையில் வாளும் வேலும் இருக்கும்போது மந்திரம் எதற்கு.
/home/vijay/Desktop/All_Files/ALL_TTS/DIS_Vector_Embedding_Integration/Data/Tamil_Male/wav/train_tamilmale_00383.wav	Tamil_Male	தலைவர்களைப் பற்றித் தாங்கள் சொல்வதெல்லாம் சரி ஜனங்கள் ஜனங்கள் ஆட்சேபித்தால் என்று கேட்டார் காலாந்தகக் கண்டர்.
/home/vijay/Desktop/All_Files/ALL_TTS/DIS_Vector_Embedding_Integration/Data/Tamil_Male/wav/train_tamilmale_00218.wav	Tamil_Male	நம்முடைய மக்களுக்கே போதாமலிருக்கும்போது இலங்கைக்குக் கப்பல் கப்பலாக அரிசி அனுப்புவதை மக்கள் ஆட்சேபிக்கிறார்கள் தற்போது வாய்க்குள் முணுமுணுக்கிறார்கள்.
/home/vijay/Desktop/All_Files/ALL_TTS/DIS_Vector_Embedding_Integration/Data/Tamil_Male/wav/train_tamilmale_00407.wav	Tamil_Male	அவர்மீது தம்பி வைத்திருந்த அபிமானத்துக்கு அளவேயில்லை.
/home/vijay/Desktop/All_Files/ALL_TTS/DIS_Vector_Embedding_Integration/Data/Tamil_Male/wav/train_tamilmale_00182.wav	Tamil_Male	நான் இவருக்கு அதைக் கொடுத்தேன் அவருக்கு இதை அளித்தேன் என்றெல்லாம் பாடினார்கள்.
/home/vijay/Desktop/All_Files/ALL_TTS/DIS_Vector_Embedding_Integration/Data/Tamil_Male/wav/train_tamilmale_00170.wav	Tamil_Male	ஒரு வேளை இந்திரனுக்கு நான் அளித்த வெள்ளை யானையையும் சூரியனுக்கு அளித்த குதிரைகளையும் திரும்பப் பறித்துக் கொண்டு வந்து விட்டீரோ.
/home/vijay/Desktop/All_Files/ALL_TTS/DIS_Vector_Embedding_Integration/Data/Tamil_Male/wav/train_tamilmale_00422.wav	Tamil_Male	மூன்று உலகமும் நம் வசத்தில் இல்லாதபடியால் நம் உடல் பொருள் ஆவி மூன்றையும் இவளுக்காகத் தத்தம் செய்யலாம்.
/home/vijay/Desktop/All_Files/ALL_TTS/DIS_Vector_Embedding_Integration/Data/Tamil_Male/wav/train_tamilmale_00044.wav	Tamil_Male	வேடிக்கை பார்ப்பதெல்லாம் பிற்பாடு வைத்துக்கொள்ள வேண்டும்.
/home/vijay/Desktop/All_Files/ALL_TTS/DIS_Vector_Embedding_Integration/Data/Tamil_Male/wav/train_tamilmale_00244.wav	Tamil_Male	ஆனால் இவருடைய தம்பி அரிஞ்சயனுக்கோ அழகிலும் அறிவிலும் ஆற்றலிலும் சிறந்த புதல்வன் இருந்தான்.
/home/vijay/Desktop/All_Files/ALL_TTS/DIS_Vector_Embedding_Integration/Data/Tamil_Male/wav/train_tamilmale_00342.wav	Tamil_Male	படித்து முடித்தபோது அவளுடைய கண்களிலிருந்து கிளம்பிய மின்னல் ஜுவாலை நாக சர்ப்பத்தின் வாயிலிருந்து வெளிவந்து மறையும் அதன் பிளவுபட்ட நாவை வந்தியத்தேவனுக்கு நினைவூட்டியது.
/home/vijay/Desktop/All_Files/ALL_TTS/DIS_Vector_Embedding_Integration/Data/Tamil_Male/wav/train_tamilmale_00385.wav	Tamil_Male	ஆதித்த கரிகாலன்மீது ஜனங்கள் அவ்வளவு பிரேமை கொண்டிருக்கவில்லை.
/home/vijay/Desktop/All_Files/ALL_TTS/DIS_Vector_Embedding_Integration/Data/Tamil_Male/wav/train_tamilmale_00299.wav	Tamil_Male	ஏணியில் முக்கால் பங்கு அவன் ஏறியபோது அந்தப் பெண் மறுபடியும் நல்ல தாமதக்காரன் நீ அங்கே இளைய ராணியம்மாள் காத்துக் கொண்டிருக்கிறார்கள்.
/home/vijay/Desktop/All_Files/ALL_TTS/DIS_Vector_Embedding_Integration/Data/Tamil_Male/wav/train_tamilmale_00068.wav	Tamil_Male	வீதிகளெல்லாம் ஜே ஜே என்று ஒரே ஜனக்கூட்டம்.
/home/vijay/Desktop/All_Files/ALL_TTS/DIS_Vector_Embedding_Integration/Data/Tamil_Male/wav/train_tamilmale_00083.wav	Tamil_Male	சற்று நேரத்துக்கெல்லாம் இலை போட்டு அந்த அம்மாள் உணவு பரிமாறினாள்.
/home/vijay/Desktop/All_Files/ALL_TTS/DIS_Vector_Embedding_Integration/Data/Tamil_Male/wav/train_tamilmale_00184.wav	Tamil_Male	விந்தை விந்தை என்றும் அற்புதம் அற்புதம் என்றும் புலவர்கள் கூறி மகிழ்ந்தார்கள்.
/home/vijay/Desktop/All_Files/ALL_TTS/DIS_Vector_Embedding_Integration/Data/Tamil_Male/wav/train_tamilmale_00358.wav	Tamil_Male	சீச்சீ இந்த மஞ்சமும் மெத்தையும் ஆடை ஆபரணமும் யாருக்கு வேண்டும்.
/home/vijay/Desktop/All_Files/ALL_TTS/DIS_Vector_Embedding_Integration/Data/Tamil_Male/wav/train_tamilmale_00386.wav	Tamil_Male	சிவபக்தன் உத்தம குணம் படைத்தவன் என்று ஏற்கனவே பெயர் வாங்கியிருக்கிறான்.
/home/vijay/Desktop/All_Files/ALL_TTS/DIS_Vector_Embedding_Integration/Data/Tamil_Male/wav/train_tamilmale_00271.wav	Tamil_Male	தோள்கள் தினவெடுக்கின்றன அரண்மனை விருந்தாளிகளை எப்படி நடத்த வேண்டுமென்று இவர்களுக்குப் பாடம் கற்பிக்கிறேன் என்றான் நமது வீரன்.
/home/vijay/Desktop/All_Files/ALL_TTS/DIS_Vector_Embedding_Integration/Data/Tamil_Male/wav/train_tamilmale_00339.wav	Tamil_Male	சுந்தரச்சோழர் வண்மையும் வனப்பும் திண்மையும் உலகிற் சிறந்த வாழ்கெனவே என்று பிரார்த்தனை செலுத்துகிறார்கள்.
/home/vijay/Desktop/All_Files/ALL_TTS/DIS_Vector_Embedding_Integration/Data/Tamil_Male/wav/train_tamilmale_00128.wav	Tamil_Male	உலகமெல்லாம் புகழ்பெற்ற பராந்தக சக்கரவர்த்தி அரண்மனையில் சேர்ந்திருந்த தங்கத்தையெல்லாம் அளித்துத் தில்லை அம்பலத்துக்குப் பொன் கூரை வேய்ந்து பொன்னம்பலம் ஆக்கினார்.
/home/vijay/Desktop/All_Files/ALL_TTS/DIS_Vector_Embedding_Integration/Data/Tamil_Male/wav/train_tamilmale_00093.wav	Tamil_Male	அதையெல்லாம் கெடுத்துக் கொள்வானேன் மேலும் நீண்ட பிரயாணக் களைப்புடன் முதல்நாள் இரவு கண் விழித்ததும் சேர்ந்துகொண்டது.
/home/vijay/Desktop/All_Files/ALL_TTS/DIS_Vector_Embedding_Integration/Data/Tamil_Male/wav/train_tamilmale_00398.wav	Tamil_Male	அதை அவனுக்கு நீங்கள் கொடுத்தீர்களா இல்லவே இல்லை அப்படியெல்லாம் ஏமாந்துவிட நான் உன்னைப் போல் ஏமாளியா அவனிடம் முத்திரை மோதிரம் இருந்தது உண்மை.
/home/vijay/Desktop/All_Files/ALL_TTS/DIS_Vector_Embedding_Integration/Data/Tamil_Male/wav/train_tamilmale_00119.wav	Tamil_Male	சிம்மாசனத்துக்குப் பின்னால் நின்று சில ஏவலாளர் வெண்சாமரம் வீசிக் கொண்டிருந்தார்கள்.
/home/vijay/Desktop/All_Files/ALL_TTS/DIS_Vector_Embedding_Integration/Data/Tamil_Male/wav/train_tamilmale_00283.wav	Tamil_Male	ஆகா தப்புவதற்கு இதைக் காட்டிலும் வேறு சிறந்த உபாயம் என்ன பின்னோடு வருகிறவர்கள் அவ்வளவு சுலபத்தில் தன்னை விட்டுவிடமாட்டார்கள்.
/home/vijay/Desktop/All_Files/ALL_TTS/DIS_Vector_Embedding_Integration/Data/Tamil_Male/wav/train_tamilmale_00084.wav	Tamil_Male	முதலில் இடியாப்பமும் இனிப்பான தேங்காய்ப்பாலும் வந்தன.
/home/vijay/Desktop/All_Files/ALL_TTS/DIS_Vector_Embedding_Integration/Data/Tamil_Male/wav/train_tamilmale_00245.wav	Tamil_Male	கேவலம் இந்த உலக சாம்ராஜ்யத்தைக் காட்டிலும் சிவலோக சாம்ராஜ்யம் எவ்வளவோ மேலானது என்று நம்பியவர்களாதலால்.
/home/vijay/Desktop/All_Files/ALL_TTS/DIS_Vector_Embedding_Integration/Data/Tamil_Male/wav/train_tamilmale_00374.wav	Tamil_Male	இராமரையும் பரதரையும் ஒத்த அருமைச் சகோதரர்கள் என்றும் வீமனையும் அருச்சுனையும் ஒத்த வீரச் சகோதரர்கள் என்றும் கூறுவோரும் உண்டு.
/home/vijay/Desktop/All_Files/ALL_TTS/DIS_Vector_Embedding_Integration/Data/Tamil_Male/wav/train_tamilmale_00344.wav	Tamil_Male	ஒரு நிபந்தனையின் பேரில்தான் உம்மைத் தப்பித்துவிட நான் உதவி செய்யலாகும்.
/home/vijay/Desktop/All_Files/ALL_TTS/DIS_Vector_Embedding_Integration/Data/Tamil_Male/wav/train_tamilmale_00250.wav	Tamil_Male	திருடர் திருடர் விஜயாலய சோழர் முதல் இரண்டாம் பராந்தகராகிய சுந்தரசோழர் வரை சோழ மன்னர்களின் உயிர்ச் சித்திரங்களை நம் வீரன் வந்தியத்தேவன் பார்த்து மகிழ்ந்தான்.
/home/vijay/Desktop/All_Files/ALL_TTS/DIS_Vector_Embedding_Integration/Data/Tamil_Male/wav/train_tamilmale_00325.wav	Tamil_Male	ஆண்டாளைப் போல் பரம்பக்தையாகக் கொஞ்சமும் தகுதியற்றவள் நான் என்று சொல்லு நான் அதை ஒப்புக் கொள்ளவில்லை அம்மா என்னத்தை ஒப்புக்கொள்ளவில்லை.
/home/vijay/Desktop/All_Files/ALL_TTS/DIS_Vector_Embedding_Integration/Data/Tamil_Male/wav/train_tamilmale_00425.wav	Tamil_Male	ஆனால் அந்த அசட்டுப் பிள்ளை மதுராந்தகன் சுரங்க வழியின் மூலமாக பத்திரமாகத் திரும்பி வந்து சேர்கிறானா என்று தெரிந்து கொள்வதற்காகவே தம்பியின் வீட்டில் தாமதிக்க வேண்டியதாயிற்று.
/home/vijay/Desktop/All_Files/ALL_TTS/DIS_Vector_Embedding_Integration/Data/Tamil_Male/wav/train_tamilmale_00029.wav	Tamil_Male	அதுகாறும் குவிந்திருந்த தாமரை மொட்டு சிறிது விரிந்து உள்ளே பதித்திருந்த வெண்முத்து வரிசையை இலேசாகப் புலப்படுத்தியது.
/home/vijay/Desktop/All_Files/ALL_TTS/DIS_Vector_Embedding_Integration/Data/Tamil_Male/wav/train_tamilmale_00171.wav	Tamil_Male	இத்தனை காலமும் நான் இவர்களைப் போன்ற புலவர் சிகாமணிகளைத் வரவொட்டாமல் தடை செய்து வைத்திருந்தேன்.
/home/vijay/Desktop/All_Files/ALL_TTS/DIS_Vector_Embedding_Integration/Data/Tamil_Male/wav/train_tamilmale_00095.wav	Tamil_Male	இவர்களையெல்லாம் அடக்கி நியாயத்தையும் தர்மத்தையும் நிலைநாட்ட அரசாங்கம் வேண்டும்.
/home/vijay/Desktop/All_Files/ALL_TTS/DIS_Vector_Embedding_Integration/Data/Tamil_Male/wav/train_tamilmale_00193.wav	Tamil_Male	அந்த எருமைக் கடாவின் பேரில் ஏறிக்கொண்டு தான் யமன் இப்போது ஜாம் ஜாம் என்று என்னைத் தேடி வந்து கொண்டிருக்கிறான்.
/home/vijay/Desktop/All_Files/ALL_TTS/DIS_Vector_Embedding_Integration/Data/Tamil_Male/wav/train_tamilmale_00247.wav	Tamil_Male	பின்னர் இளவரசர் சுந்தர சோழருக்கு நாட்டாரும் சிற்றரசர்களும் பிற அரசாங்க அதிகாரிகளும் சேர்ந்து முடிசூட்டி மகிழ்ந்தார்கள்.
/home/vijay/Desktop/All_Files/ALL_TTS/DIS_Vector_Embedding_Integration/Data/Tamil_Male/wav/train_tamilmale_00323.wav	Tamil_Male	நாங்கள் ஒரே வீட்டில் ஒரே குடும்பத்தில் வளர்ந்தோம்.
/home/vijay/Desktop/All_Files/ALL_TTS/DIS_Vector_Embedding_Integration/Data/Tamil_Male/wav/train_tamilmale_00028.wav	Tamil_Male	அதை உபயோகித்துக் கொள்ளத் தீர்மானித்தான்.
/home/vijay/Desktop/All_Files/ALL_TTS/DIS_Vector_Embedding_Integration/Data/Tamil_Male/wav/train_tamilmale_00186.wav	Tamil_Male	சோழகுலத்தில் பிறந்த அந்த இணையில்லாப் பெண்ணரசியின் எழிலையும் புலமையையும் அறிவுத்திறனையும் பற்றி அவன் எவ்வளவோ கேள்விப்பட்டதுண்டு.
/home/vijay/Desktop/All_Files/ALL_TTS/DIS_Vector_Embedding_Integration/Data/Tamil_Male/wav/train_tamilmale_00381.wav	Tamil_Male	அதைப் பற்றிப் பிற்பாடு சொல்கிறேன்.
/home/vijay/Desktop/All_Files/ALL_TTS/DIS_Vector_Embedding_Integration/Data/Tamil_Male/wav/train_tamilmale_00248.wav	Tamil_Male	இராஜகேசரி சுந்தர சோழரும் அதிர்ஷ்ட வசத்தினால் தமக்குக் கிடைத்த மகத்தான பதவியைத் திறம்படச் சிறப்பாக வகித்தார்.
/home/vijay/Desktop/All_Files/ALL_TTS/DIS_Vector_Embedding_Integration/Data/Tamil_Male/wav/train_tamilmale_00178.wav	Tamil_Male	ஏற்கனவே அவருடைய சிரஸின் பேரில் தூக்க முடியாத கனமுடைய சோழ சாம்ராஜ்ய மணிமகுடம் உட்கார்ந்து அழுத்திக்கொண்டிருக்கிறது.
/home/vijay/Desktop/All_Files/ALL_TTS/DIS_Vector_Embedding_Integration/Data/Tamil_Male/wav/train_tamilmale_00202.wav	Tamil_Male	புலவர்கள் மன்னருக்கு வாழி கூறிக் கோஷித்துக் கொண்டு புறப்பட்டுச் சென்றார்கள்.
/home/vijay/Desktop/All_Files/ALL_TTS/DIS_Vector_Embedding_Integration/Data/Tamil_Male/wav/train_tamilmale_00279.wav	Tamil_Male	அது எவ்வளவு பொருள் பொதிந்த வார்த்தை ஆம் தம்பி பழையாறையிலிருந்து சக்கரவர்த்தியை நாங்கள் இங்கே அழைத்துவந்து கட்டுக் காவலுக்குள் வைத்திராவிட்டால் இத்தனை நாளும் என்ன விபரீதம் நடந்திருக்குமோ தெரியாது.
/home/vijay/Desktop/All_Files/ALL_TTS/DIS_Vector_Embedding_Integration/Data/Tamil_Male/wav/train_tamilmale_00376.wav	Tamil_Male	தமையனுக்கு வணக்கம் செலுத்திப் பிறகு மார்புறத் தழுவிக் கொண்டார்.
/home/vijay/Desktop/All_Files/ALL_TTS/DIS_Vector_Embedding_Integration/Data/Tamil_Male/wav/train_tamilmale_00060.wav	Tamil_Male	வீரப் புலிக்கொடி பாரெல்லாம் பரந்து வெல்க வெல்க வெல்க வெற்றிவேல் வீரவேல்.
/home/vijay/Desktop/All_Files/ALL_TTS/DIS_Vector_Embedding_Integration/Data/Tamil_Male/wav/train_tamilmale_00069.wav	Tamil_Male	வெளியூர்களிலிருந்து பல அலுவல்களின் நிமித்தமாக வந்தவர்கள் அங்குமிங்கும் சென்று கொண்டிருந்தார்கள்.
/home/vijay/Desktop/All_Files/ALL_TTS/DIS_Vector_Embedding_Integration/Data/Tamil_Male/wav/train_tamilmale_00037.wav	Tamil_Male	வேடிக்கை அப்புறம் இருக்கட்டும் உண்மையைச் சொல் எதற்காகப் பல்லக்கின் மேல் குதிரையைக் கொண்டு வந்து மோதி நிறுத்தினாய்.
/home/vijay/Desktop/All_Files/ALL_TTS/DIS_Vector_Embedding_Integration/Data/Tamil_Male/wav/train_tamilmale_00282.wav	Tamil_Male	அவனுடைய கண்களோ அப்புறமும் இப்புறமும் நாலாபுறமும் கவனமாகப் பார்த்துக் கொண்டு வந்தன.
/home/vijay/Desktop/All_Files/ALL_TTS/DIS_Vector_Embedding_Integration/Data/Tamil_Male/wav/train_tamilmale_00183.wav	Tamil_Male	அது நேற்று நடந்தது போல் எனக்கு ஞாபகம் இருக்கிறது.
/home/vijay/Desktop/All_Files/ALL_TTS/DIS_Vector_Embedding_Integration/Data/Tamil_Male/wav/train_tamilmale_00089.wav	Tamil_Male	ஷிவ பக்தியில் ஈடுபட்டுப் பெரும்பாலும் யோகத்திலும் தியானத்திலும் பூஜையிலும் காலம்கழிப்பதாகக் கேள்வி.
/home/vijay/Desktop/All_Files/ALL_TTS/DIS_Vector_Embedding_Integration/Data/Tamil_Male/wav/train_tamilmale_00295.wav	Tamil_Male	வயிற்றிலுள்ள குடல் மேலே மார்பு வரை விம்மி வந்து அடைத்தது.
/home/vijay/Desktop/All_Files/ALL_TTS/DIS_Vector_Embedding_Integration/Data/Tamil_Male/wav/train_tamilmale_00116.wav	Tamil_Male	விரைவிலேயே அரண்மனை முகப்பை அடைந்துவிட்டான்.
/home/vijay/Desktop/All_Files/ALL_TTS/DIS_Vector_Embedding_Integration/Data/Tamil_Male/wav/train_tamilmale_00333.wav	Tamil_Male	மேலே ஆகாசம் கீழே பூமி இப்போது நான் சகல பூமண்டலத்துக்கும் ஏக சக்ராதிபதி நந்தினி சிறிது நேரம் வல்லவரையனை ஏறத்தாழப் பார்த்துக் கொண்டிருந்தாள்.
/home/vijay/Desktop/All_Files/ALL_TTS/DIS_Vector_Embedding_Integration/Data/Tamil_Male/wav/train_tamilmale_00421.wav	Tamil_Male	ஆகா இந்தப் புன்சிரிப்புக்கு மூன்று உலகத்தையும் கொடுக்கலாமே.
/home/vijay/Desktop/All_Files/ALL_TTS/DIS_Vector_Embedding_Integration/Data/Tamil_Male/wav/train_tamilmale_00005.wav	Tamil_Male	கோட்டைக்குள் பல்லக்குப் போய்விட்டால் அப்புறம் அவன் எண்ணம் கைகூடப் போவதில்லை.
/home/vijay/Desktop/All_Files/ALL_TTS/DIS_Vector_Embedding_Integration/Data/Tamil_Male/wav/train_tamilmale_00356.wav	Tamil_Male	நெஞ்சில் குடிகொண்டிருந்த அருவருப்பையும் பீதியையும் அதே சமயத்தில் பயங்கர சங்கல்பத்தின் உறுதியையும் அவள் முக மண்டலம் காட்டியது.
/home/vijay/Desktop/All_Files/ALL_TTS/DIS_Vector_Embedding_Integration/Data/Tamil_Male/wav/train_tamilmale_00269.wav	Tamil_Male	போதும் உங்கள் வீரப் பிரதாபம் நிறுத்துங்கள் தம்பி நீ என்ன சொல்லுகிறாய் இவர்களுக்கு அனுமதி கொடுங்கள் என்றுதான் சொல்கிறேன்.
/home/vijay/Desktop/All_Files/ALL_TTS/DIS_Vector_Embedding_Integration/Data/Tamil_Male/wav/train_tamilmale_00427.wav	Tamil_Male	மட்டுமா செய்தாய் இன்று மதுராந்தகன் உடம்பெல்லாம் விபூதியைப் பூசிக்கொண்டு ருத்ராட்ச மாலையை அணிந்து நமசிவாய ஜபம் செய்து கொண்டிருந்தான்.
/home/vijay/Desktop/All_Files/ALL_TTS/DIS_Vector_Embedding_Integration/Data/Tamil_Male/wav/train_tamilmale_00143.wav	Tamil_Male	ஆம் ஆம் அரசர்க்கரசே சக்கரவர்த்திப் பெருமானே தங்களுக்குச் சிறிதும் சிரமம் கொடுக்க நாங்கள் வந்தோமில்லை என்றார் புலவர்களின் தலைவராகிய நல்லன் சாத்தனார்.
/home/vijay/Desktop/All_Files/ALL_TTS/DIS_Vector_Embedding_Integration/Data/Tamil_Male/wav/train_tamilmale_00059.wav	Tamil_Male	ரிஷபத்துக்குப் பின்னால் சுமார் ஐம்பது வீரர்கள் சிறுபறை பெரும்பறை தம்பட்டம் ஆகியவற்றை முழங்கிக் கொண்டு வந்தார்கள்.
/home/vijay/Desktop/All_Files/ALL_TTS/DIS_Vector_Embedding_Integration/Data/Tamil_Male/wav/train_tamilmale_00292.wav	Tamil_Male	அவன் தூக்கம் நீங்க கண் விழித்த போது சந்திரன் உதயமாகி கீழ்வானத்தில் சிறிது தூரம் மேலே வந்திருந்தது.
/home/vijay/Desktop/All_Files/ALL_TTS/DIS_Vector_Embedding_Integration/Data/Tamil_Male/wav/train_tamilmale_00132.wav	Tamil_Male	நெடுந்தூரப் பிரயாணத்தை மேற்கொள்ளுதல் இயலாத காரியம்.
/home/vijay/Desktop/All_Files/ALL_TTS/DIS_Vector_Embedding_Integration/Data/Tamil_Male/wav/train_tamilmale_00214.wav	Tamil_Male	வடதிசையில் நம் பகைவர்கள் இன்னும் பலசாலிகளாக இருக்கிறார்களே பார்த்திபேந்திரனும் மலையமானும் அங்கிருந்து பார்த்துக் கொள்வார்கள்.
/home/vijay/Desktop/All_Files/ALL_TTS/DIS_Vector_Embedding_Integration/Data/Tamil_Male/wav/train_tamilmale_00286.wav	Tamil_Male	வேளக்காரப் படை வீரர்கள் காட்டிலும் அதிக உற்சாகத்துடன் கோஷங்களைச் செய்தான்.
/home/vijay/Desktop/All_Files/ALL_TTS/DIS_Vector_Embedding_Integration/Data/Tamil_Male/wav/train_tamilmale_00196.wav	Tamil_Male	புலவர்களே நமனை அஞ்சோம் என்று தமிழகத்தின் தவப்புதல்வர் ஒருவர் பாடினார் அல்லவா என்றார் சக்கரவர்த்தி.
/home/vijay/Desktop/All_Files/ALL_TTS/DIS_Vector_Embedding_Integration/Data/Tamil_Male/wav/train_tamilmale_00413.wav	Tamil_Male	ஏதோ விரதம் நோன்பு என்று சொல்லுகிறாளே தவிர என்ன விரதம் என்ன நோன்பு என்று விளங்கச் சொல்கிறாள் இல்லை கதைகளிலே வரும் தந்திரக்காரப் பெண்கள் தட்டிக் கழிக்கக் கையாளும் முறையைப் போலத்தானே இருக்கிறது.
/home/vijay/Desktop/All_Files/ALL_TTS/DIS_Vector_Embedding_Integration/Data/Tamil_Male/wav/train_tamilmale_00447.wav	Tamil_Male	வழியில் காடு அடர்ந்த ஓர் இடத்தில் உன்னைக் கண்டேன்.
/home/vijay/Desktop/All_Files/ALL_TTS/DIS_Vector_Embedding_Integration/Data/Tamil_Male/wav/train_tamilmale_00126.wav	Tamil_Male	ஆகா இளவரசன் காஞ்சியில் பொன் மாளிகை கட்டியிருக்கிறானாம்.
/home/vijay/Desktop/All_Files/ALL_TTS/DIS_Vector_Embedding_Integration/Data/Tamil_Male/wav/train_tamilmale_00315.wav	Tamil_Male	அம்மணி தங்கள் மைத்துனர் இருக்கிறாரோ சின்னப் பழுவேட்டரையர் அவருடைய ஆட்கள் சுத்தத் திருடர்கள்.
/home/vijay/Desktop/All_Files/ALL_TTS/DIS_Vector_Embedding_Integration/Data/Tamil_Male/wav/train_tamilmale_00071.wav	Tamil_Male	ஆனால் என்று அந்த வாலிபன் தயங்கி நிறுத்தினான் ஆனால் என்ன.
/home/vijay/Desktop/All_Files/ALL_TTS/DIS_Vector_Embedding_Integration/Data/Tamil_Male/wav/train_tamilmale_00097.wav	Tamil_Male	இதற்காகத்தான் அலங்கரித்துக் கொண்டானா அல்லது பழவூர் இளையராணியை அன்று மீண்டும் பார்க்கப் போகிறோம் என்கிற எண்ணமும் அவன் மனதிற்குள் இருந்ததா என்று நாம் சொல்ல முடியாது.
/home/vijay/Desktop/All_Files/ALL_TTS/DIS_Vector_Embedding_Integration/Data/Tamil_Male/wav/train_tamilmale_00109.wav	Tamil_Male	வந்தியத்தேவனோ எத்தனையோ மனக்கோட்டைகளுடன் அந்தக் கோட்டை வாசலை நெருங்கினான்.
/home/vijay/Desktop/All_Files/ALL_TTS/DIS_Vector_Embedding_Integration/Data/Tamil_Male/wav/train_tamilmale_00010.wav	Tamil_Male	அப்படியா ஆனால் நானும் ரொம்ப ரொம்ப முக்கியமான மனுஷன் தான் என்றான் வந்தியத்தேவன்.
/home/vijay/Desktop/All_Files/ALL_TTS/DIS_Vector_Embedding_Integration/Data/Tamil_Male/wav/train_tamilmale_00274.wav	Tamil_Male	தளபதி காவலர்களைப் பார்த்து முட்டாள்களா இந்தப் பிள்ளைக்கு புது ஆடைகள் கொடுக்கும்படி மட்டுந்தானே சொன்னேன் பழையவைகளைப் பற்றி நான் ஒன்றுமே சொல்லவில்லையே.
/home/vijay/Desktop/All_Files/ALL_TTS/DIS_Vector_Embedding_Integration/Data/Tamil_Male/wav/train_tamilmale_00265.wav	Tamil_Male	வந்தியத்தேவன் தன் குரலின் சக்தியையெல்லாம் உபயோகித்துத் திருடர்கள் திருடர்கள் என்று சத்தமிட்டுக் கொண்டே அவர்கள் மீது பாய்ந்தான்.
/home/vijay/Desktop/All_Files/ALL_TTS/DIS_Vector_Embedding_Integration/Data/Tamil_Male/wav/train_tamilmale_00242.wav	Tamil_Male	இராஷ்டிரகூடர் படையெடுப்பைத் தென்பெண்ணைக்கு அப்பாலே தடுத்து நிறுத்தினான்.
/home/vijay/Desktop/All_Files/ALL_TTS/DIS_Vector_Embedding_Integration/Data/Tamil_Male/wav/train_tamilmale_00329.wav	Tamil_Male	இப்போது தாங்கள் அல்லவா முகஸ்துதி செய்கிறீர்கள் நீரும் உமது முகத்தைத் திருப்பிக்கொண்டு முதுகைக் காட்டுவதுதானே.
/home/vijay/Desktop/All_Files/ALL_TTS/DIS_Vector_Embedding_Integration/Data/Tamil_Male/wav/train_tamilmale_00411.wav	Tamil_Male	அம்மாதிரி ஊரார் சிரிப்பதற்கு நம்மை நாமே இடமாக்கிக் கொள்வதா இருந்த போதிலும் சிற்சில விவரங்களை அவருடைய வாய்ப் பொறுப்பில் கேட்டறிந்து கொள்வதும் அவசியந்தான்.
/home/vijay/Desktop/All_Files/ALL_TTS/DIS_Vector_Embedding_Integration/Data/Tamil_Male/wav/train_tamilmale_00197.wav	Tamil_Male	ஒரு புலவர் எழுந்து அப்பாடலைப் பாடினார் நாமார்க்கும் குடியல்லோம் நமனை அஞ்சோம் நரகத்தில் இடர்ப்படும் நடலையல்லோம் எமாப்போம் பிணியறியோம்.
/home/vijay/Desktop/All_Files/ALL_TTS/DIS_Vector_Embedding_Integration/Data/Tamil_Male/wav/train_tamilmale_00379.wav	Tamil_Male	பின் ஏன் வாட்டம் அடைந்திருக்கிறது உன் முகம் என் கோட்டை வாசலுக்கு வரவில்லை.
/home/vijay/Desktop/All_Files/ALL_TTS/DIS_Vector_Embedding_Integration/Data/Tamil_Male/wav/train_tamilmale_00021.wav	Tamil_Male	என்று சொல்லிக் கொண்டே அண்ணாந்து பார்த்தான்.
/home/vijay/Desktop/All_Files/ALL_TTS/DIS_Vector_Embedding_Integration/Data/Tamil_Male/wav/train_tamilmale_00412.wav	Tamil_Male	யாரோ ஒரு மந்திரவாதி அடிக்கடி அவளைப் பார்க்க வருகிறதாகக் கேள்விப்படுகிறோம் அவளே ஒப்புக்கொண்டாளே அது எதற்காக.
/home/vijay/Desktop/All_Files/ALL_TTS/DIS_Vector_Embedding_Integration/Data/Tamil_Male/wav/train_tamilmale_00419.wav	Tamil_Male	ஆனால் உன்னுடைய மிருதுவான மலர் மேனியில் ஒரு சிறு முள் தைத்து விட்டால் என்னுடைய நெஞ்சு பிளந்து போய்விடும்.
/home/vijay/Desktop/All_Files/ALL_TTS/DIS_Vector_Embedding_Integration/Data/Tamil_Male/wav/train_tamilmale_00445.wav	Tamil_Male	ஒருநாள் எரிந்து சாம்பலாகி மண்ணோடு மண் ஆகப் போகிற உடம்பு இது.
/home/vijay/Desktop/All_Files/ALL_TTS/DIS_Vector_Embedding_Integration/Data/Tamil_Male/wav/train_tamilmale_00371.wav	Tamil_Male	அண்ணனும் தம்பியும் ஒருவரையொருவர் கண்டதும் தழுவிக் கொள்ளும் காட்சி நீலகிரியும் பொதிகை மலையும் ஆலிங்கனம் செய்து கொள்வது போலிருக்கும்.
/home/vijay/Desktop/All_Files/ALL_TTS/DIS_Vector_Embedding_Integration/Data/Tamil_Male/wav/train_tamilmale_00082.wav	Tamil_Male	கூரிய அறிவின் ஒளியும் அம்முகத்திலிருந்து வீசியது.
/home/vijay/Desktop/All_Files/ALL_TTS/DIS_Vector_Embedding_Integration/Data/Tamil_Male/wav/train_tamilmale_00355.wav	Tamil_Male	அவனைத் தடுப்பதில் பயனில்லை யென்று கருதியவனைப் போல் நந்தினி ஒரு பெருமூச்சு விட்டு விட்டு வேறு பக்கம் திரும்பிக் கொண்டாள்.
/home/vijay/Desktop/All_Files/ALL_TTS/DIS_Vector_Embedding_Integration/Data/Tamil_Male/wav/train_tamilmale_00078.wav	Tamil_Male	தோட்டத்துக்குள்ளே எங்கள் வீடும் இருக்கிறது என்றான் அமுதன் ஆஹா அப்படியானால் உன் வீட்டுக்கு நான் வந்தே தீருவேன்.
/home/vijay/Desktop/All_Files/ALL_TTS/DIS_Vector_Embedding_Integration/Data/Tamil_Male/wav/train_tamilmale_00428.wav	Tamil_Male	கோவில் குளம் என்று சொல்லிக் கொண்டு அம்மாவுக்குப் பிள்ளை நான் தான் என்பதை நிரூபித்துக் கொண்டிருந்தான் அரசாள்வதில் ஆசை உண்டாக நாங்கள் எவ்வளவோ முயன்றும் முடியவில்லை.
/home/vijay/Desktop/All_Files/ALL_TTS/DIS_Vector_Embedding_Integration/Data/Tamil_Male/wav/train_tamilmale_00081.wav	Tamil_Male	ஆனால் அந்த மாதரசியின் முகத்தில் கருணையும் அன்பும் நிறைந்து ததும்பியதை வந்தியத்தேவன் கண்டான்.
/home/vijay/Desktop/All_Files/ALL_TTS/DIS_Vector_Embedding_Integration/Data/Tamil_Male/wav/train_tamilmale_00362.wav	Tamil_Male	என்னைச் சந்தேகித்த பாவத்தை அந்த முழுக்கினால் கழுவிக் கொண்டாய் பெண்ணே சத்தியமாகச் சொல் அந்த வாலிபனுடைய அழகில் நீ மதிமயங்கி விடவில்லையா.
/home/vijay/Desktop/All_Files/ALL_TTS/DIS_Vector_Embedding_Integration/Data/Tamil_Male/wav/train_tamilmale_00088.wav	Tamil_Male	ஒரு வேளை வழியில் எங்கேனும் தங்கி விட்டு நாளை வரக்கூடும்.
/home/vijay/Desktop/All_Files/ALL_TTS/DIS_Vector_Embedding_Integration/Data/Tamil_Male/wav/train_tamilmale_00022.wav	Tamil_Male	தொண்டையில் திடீரென்று ஈரம் வற்றியது.
/home/vijay/Desktop/All_Files/ALL_TTS/DIS_Vector_Embedding_Integration/Data/Tamil_Male/wav/train_tamilmale_00403.wav	Tamil_Male	ஆனால் நான் கைப்பிடித்து மணந்து கொண்டவளைப் பற்றிக் குறைவாக இனி எப்போதேனும் ஒரு வார்த்தை சொன்னாலும் சரி உன்னை வளர்த்த அதே கையினால் உன்னைக் கொன்றுவிடுவேன்.
/home/vijay/Desktop/All_Files/ALL_TTS/DIS_Vector_Embedding_Integration/Data/Tamil_Male/wav/train_tamilmale_00012.wav	Tamil_Male	என் சித்தப்பா தஞ்சையில் இருக்கிறார்.
/home/vijay/Desktop/All_Files/ALL_TTS/DIS_Vector_Embedding_Integration/Data/Tamil_Male/wav/train_tamilmale_00026.wav	Tamil_Male	பெண் என்றாலும் எப்படிப்பட்ட பெண்.
/home/vijay/Desktop/All_Files/ALL_TTS/DIS_Vector_Embedding_Integration/Data/Tamil_Male/wav/train_tamilmale_00429.wav	Tamil_Male	இரண்டு தடவை நீ அவனுடன் பேசினாய் உடனே மாறிப் போய் விட்டான்.
/home/vijay/Desktop/All_Files/ALL_TTS/DIS_Vector_Embedding_Integration/Data/Tamil_Male/wav/train_tamilmale_00201.wav	Tamil_Male	அதை நான் அறிவதற்காகத்தானே இப்புலவர்கள் அழைத்து வந்தீர் ஆம் அரசே என்று கோட்டைத் தளபதி கூறியது சிறிது ஈனஸ்வரத்தில் கேட்டது.
/home/vijay/Desktop/All_Files/ALL_TTS/DIS_Vector_Embedding_Integration/Data/Tamil_Male/wav/train_tamilmale_00072.wav	Tamil_Male	போனால் போகட்டும் தம்பி இரவு எங்கேயாவது நான் நிம்மதியாக தூங்க வேண்டும்.
/home/vijay/Desktop/All_Files/ALL_TTS/DIS_Vector_Embedding_Integration/Data/Tamil_Male/wav/train_tamilmale_00434.wav	Tamil_Male	அந்தக் குந்தவையின் வஞ்சனையெல்லாம் உங்களுக்குத் தெரியாது எனக்குத் தெரியும்.
/home/vijay/Desktop/All_Files/ALL_TTS/DIS_Vector_Embedding_Integration/Data/Tamil_Male/wav/train_tamilmale_00436.wav	Tamil_Male	இந்த உடம்பில் உயிருள்ள வரையில் மறக்க முடியாது என்று கூறி நந்தினி விம்மி அழத் தொடங்கினாள்.
/home/vijay/Desktop/All_Files/ALL_TTS/DIS_Vector_Embedding_Integration/Data/Tamil_Male/wav/train_tamilmale_00251.wav	Tamil_Male	ஆஹா இவர்களில் ஒவ்வொருவரும் எப்பேர்ப்பட்டவர்கள்.
/home/vijay/Desktop/All_Files/ALL_TTS/DIS_Vector_Embedding_Integration/Data/Tamil_Male/wav/train_tamilmale_00047.wav	Tamil_Male	வாசலண்டை காவலர்கள் மட்டும் நின்றார்கள்.
/home/vijay/Desktop/All_Files/ALL_TTS/DIS_Vector_Embedding_Integration/Data/Tamil_Male/wav/train_tamilmale_00014.wav	Tamil_Male	உன் சித்தப்பா தஞ்சையில் என்ன செய்கிறார் அரண்மனையில் உத்தியோகம் பார்க்கிறாரா.
/home/vijay/Desktop/All_Files/ALL_TTS/DIS_Vector_Embedding_Integration/Data/Tamil_Male/wav/train_tamilmale_00239.wav	Tamil_Male	இராஜாதித்யன் மட்டும் இறந்திராவிட்டால் அவனே பராந்தக சக்கரவர்த்திக்குப் பிறகு சோழ சிம்மானம் ஏறியிருக்க வேண்டும்.
/home/vijay/Desktop/All_Files/ALL_TTS/DIS_Vector_Embedding_Integration/Data/Tamil_Male/wav/train_tamilmale_00312.wav	Tamil_Male	பல வர்ண நறுமண மலர்களைப் பரப்பிய சப்ரகூட மஞ்சத்தில் ஒரு பெண் ஒய்யாரமாக சாய்ந்து கொண்டு வீற்றிருந்தாள்.
/home/vijay/Desktop/All_Files/ALL_TTS/DIS_Vector_Embedding_Integration/Data/Tamil_Male/wav/train_tamilmale_00260.wav	Tamil_Male	உடனே கொண்டு வாருங்கள் இல்லாவிட்டால்.
/home/vijay/Desktop/All_Files/ALL_TTS/DIS_Vector_Embedding_Integration/Data/Tamil_Male/wav/train_tamilmale_00343.wav	Tamil_Male	நந்தினி கம்பீர பாவத்துடன் வந்தியத்தேவனைப் பார்த்து ஐயா நீர் இந்தக் கோட்டையிலிருந்து உயிரோடு தப்பிச் செல்ல எண்ணுகிறீர் அல்லவா என்று கேட்டாள்.
/home/vijay/Desktop/All_Files/ALL_TTS/DIS_Vector_Embedding_Integration/Data/Tamil_Male/wav/train_tamilmale_00067.wav	Tamil_Male	சீக்கிரத்தில் அதற்கு ஓய்வு கொடுக்க வேண்டியதுதான்.
/home/vijay/Desktop/All_Files/ALL_TTS/DIS_Vector_Embedding_Integration/Data/Tamil_Male/wav/train_tamilmale_00041.wav	Tamil_Male	கண்களில் வியப்பும் ஐயமும் தோன்றின.
/home/vijay/Desktop/All_Files/ALL_TTS/DIS_Vector_Embedding_Integration/Data/Tamil_Male/wav/train_tamilmale_00075.wav	Tamil_Male	ஆமாம் அது எப்படி உங்களுக்குத் தெரிந்தது என்னிடம் மந்திர வித்தை இருக்கிறது.
/home/vijay/Desktop/All_Files/ALL_TTS/DIS_Vector_Embedding_Integration/Data/Tamil_Male/wav/train_tamilmale_00331.wav	Tamil_Male	உம்மை யார் வைதது சற்று முன் என்னைக் கவி என்றீர்களே அப்படியென்றால்.
/home/vijay/Desktop/All_Files/ALL_TTS/DIS_Vector_Embedding_Integration/Data/Tamil_Male/wav/train_tamilmale_00396.wav	Tamil_Male	உனக்குக் காலாந்தக கண்டன் என்று பெயர் வைத்தேன் என் முட்டாள்தனத்தை நொந்து கொள்ள வேண்டும்.
/home/vijay/Desktop/All_Files/ALL_TTS/DIS_Vector_Embedding_Integration/Data/Tamil_Male/wav/train_tamilmale_00200.wav	Tamil_Male	பூம்புகாரின் செல்வப் பெருக்கையும் வளத்தையும் வர்ணிக்கும் சங்கப் புலவர் ஒருவர் இன்னின்ன நாட்டிலிருந்து இன்னின்ன பொருள்கள் வந்தன என்பதைத் தெளிவாகச் சொல்லியிருக்கிறார்.
/home/vijay/Desktop/All_Files/ALL_TTS/DIS_Vector_Embedding_Integration/Data/Tamil_Male/wav/train_tamilmale_00215.wav	Tamil_Male	அது மட்டுமல்ல ஈழநாட்டுக்குச் சென்றிருக்கும் இளங்கோவை உடனே இங்கு வந்து சேரும்படி அழைப்பு அனுப்ப வேண்டும்.
/home/vijay/Desktop/All_Files/ALL_TTS/DIS_Vector_Embedding_Integration/Data/Tamil_Male/wav/train_tamilmale_00382.wav	Tamil_Male	நான் சென்றிருந்த காரியம் பூரண வெற்றிதான்.
/home/vijay/Desktop/All_Files/ALL_TTS/DIS_Vector_Embedding_Integration/Data/Tamil_Male/wav/train_tamilmale_00063.wav	Tamil_Male	நல்ல வேளை இவர்களுடைய பார்வை நம்மீது விழாமல் ஒதுங்கி நின்றோம்.
/home/vijay/Desktop/All_Files/ALL_TTS/DIS_Vector_Embedding_Integration/Data/Tamil_Male/wav/train_tamilmale_00104.wav	Tamil_Male	இரண்டு வருஷத்துக்கு முன்னால் அவர்களுக்கு இத்தனை செல்வாக்கு இல்லை அல்லவா இல்லை.
/home/vijay/Desktop/All_Files/ALL_TTS/DIS_Vector_Embedding_Integration/Data/Tamil_Male/wav/train_tamilmale_00051.wav	Tamil_Male	தாங்கள் இந்தப் பக்கத்து மனிதர் இல்லையா ஐயா இல்லை நான் தொண்டை நாட்டைச் சேர்ந்தவன் அதனால்தான் கேட்கிறீர்கள்.
/home/vijay/Desktop/All_Files/ALL_TTS/DIS_Vector_Embedding_Integration/Data/Tamil_Male/wav/train_tamilmale_00228.wav	Tamil_Male	சோழ வம்சத்தின் பூர்வீக அரசர்களையும் அவர்களுடைய வாழ்க்கைச் சம்பவங்களையும் சித்தரிக்கும் காட்சிகள் அவனுடைய கவனத்தைக் கவர்ந்து பரவசமடையச் செய்தன.
/home/vijay/Desktop/All_Files/ALL_TTS/DIS_Vector_Embedding_Integration/Data/Tamil_Male/wav/train_tamilmale_00166.wav	Tamil_Male	சூரியன் தன் பிரயாணத்தை எப்படித் தொடங்குவது என்று திகைத்து நிற்கையில் அவனுடைய திக்கற்ற நிலையைக் கண்ட சுந்தரசோழர் ஏழு புதிய குதிரைகளுடன் சூரிய பகவானை அணுகி.
/home/vijay/Desktop/All_Files/ALL_TTS/DIS_Vector_Embedding_Integration/Data/Tamil_Male/wav/train_tamilmale_00267.wav	Tamil_Male	எஜமானே தாங்கள் சொன்னது சொன்னபடியே செய்தோம்.
/home/vijay/Desktop/All_Files/ALL_TTS/DIS_Vector_Embedding_Integration/Data/Tamil_Male/wav/train_tamilmale_00353.wav	Tamil_Male	மஞ்சத்தின் எதிரில் கிடந்த பலகையில் உட்கார்ந்துகொண்டு நந்தினியை உற்றுப் பார்த்துக் கொண்டு ஹும் ஹ்ரீம் ஹ்ராம் பகவதி சக்தி சண்டிகேசுவரி.
/home/vijay/Desktop/All_Files/ALL_TTS/DIS_Vector_Embedding_Integration/Data/Tamil_Male/wav/train_tamilmale_00262.wav	Tamil_Male	இருந்தால்தானே தம்பி கொண்டு வருவேன் அந்த அழுக்குத் துணிகளை வெட்டாற்று முதலைகளுக்குப் போட்டு விட்டோம் முதலை வயிற்றில் போனது திரும்பி வருமா.
/home/vijay/Desktop/All_Files/ALL_TTS/DIS_Vector_Embedding_Integration/Data/Tamil_Male/wav/train_tamilmale_00149.wav	Tamil_Male	உங்களில் எவரேனும் புதிய பாடல் ஏதேனும் கொண்டு வந்திருக்கிறீர்களா என்று சக்கரவர்த்தி சுந்தர சோழர் கேட்டார்.
/home/vijay/Desktop/All_Files/ALL_TTS/DIS_Vector_Embedding_Integration/Data/Tamil_Male/wav/train_tamilmale_00402.wav	Tamil_Male	வேறு எந்தக் காரியத்தைப் பற்றி வேண்டுமானாலும் உன் அபிப்பிராயத்தை நீ தாராளமாய்ச் சொல்லலாம்.
/home/vijay/Desktop/All_Files/ALL_TTS/DIS_Vector_Embedding_Integration/Data/Tamil_Male/wav/train_tamilmale_00004.wav	Tamil_Male	அப்படியும் பல்லக்கு கீழே வைக்கப்படவில்லை ஒரே மூச்சாகப் போய்க்கொண்டிருந்தது.
/home/vijay/Desktop/All_Files/ALL_TTS/DIS_Vector_Embedding_Integration/Data/Tamil_Male/wav/train_tamilmale_00020.wav	Tamil_Male	பல்லக்கை மூடியிருந்த திரை சலசலத்தது.
/home/vijay/Desktop/All_Files/ALL_TTS/DIS_Vector_Embedding_Integration/Data/Tamil_Male/wav/train_tamilmale_00404.wav	Tamil_Male	அவர்களுடைய குரலும் சிம்ம கர்ஜனையைப் போலவே முழங்கிற்று.
/home/vijay/Desktop/All_Files/ALL_TTS/DIS_Vector_Embedding_Integration/Data/Tamil_Male/wav/train_tamilmale_00138.wav	Tamil_Male	சிலப்பதிகாரம் முதலிய ஐம்பெருங் காவியங்களைத் தலைகீழாகப் படித்தவர்கள்.
/home/vijay/Desktop/All_Files/ALL_TTS/DIS_Vector_Embedding_Integration/Data/Tamil_Male/wav/train_tamilmale_00048.wav	Tamil_Male	விஷயம் என்னவென்று தெரிந்துகொள்ள வந்தியத்தேவன் ஆவல் கொண்டான்.
/home/vijay/Desktop/All_Files/ALL_TTS/DIS_Vector_Embedding_Integration/Data/Tamil_Male/wav/train_tamilmale_00194.wav	Tamil_Male	நமது தஞ்சைக் கோட்டைத் தளபதி சின்னப் பழுவேட்டரையரால் கூட யமதர்ம ராஜனையும் அவனுடைய எருமைக்கடா வாகனத்தையும் தடுத்து நிறுத்த முடியாது அல்லவா.
/home/vijay/Desktop/All_Files/ALL_TTS/DIS_Vector_Embedding_Integration/Data/Tamil_Male/wav/train_tamilmale_00002.wav	Tamil_Male	அதற்குத் தகுந்தபடி ஏதாவது கொஞ்சம் பேசி வேஷம் போட்டால் போகிறது.
/home/vijay/Desktop/All_Files/ALL_TTS/DIS_Vector_Embedding_Integration/Data/Tamil_Male/wav/train_tamilmale_00190.wav	Tamil_Male	ஒருவேளை பழையாற்றை திருமேற்றளி ஆலயத்தின் ஈசான்ய பட்டாச்சாரியருடன் சொல்லியிருக்கலாம்.
/home/vijay/Desktop/All_Files/ALL_TTS/DIS_Vector_Embedding_Integration/Data/Tamil_Male/wav/train_tamilmale_00205.wav	Tamil_Male	அத்தகைய மரணத்துக்கு சிறிதும் அஞ்ச மாட்டேன் சோர்வும் கொள்ள மாட்டேன் உற்சாகத்துடன் வரவேற்பேன்.
/home/vijay/Desktop/All_Files/ALL_TTS/DIS_Vector_Embedding_Integration/Data/Tamil_Male/wav/train_tamilmale_00155.wav	Tamil_Male	சில காலத்துக்கு முன்பு சோழ மண்டலம் பல்லவர் ஆட்சியின் கீழ் இருந்த போது நந்திபுரி என்னும் பெயர் பிரபலமாய் விளங்கியது.
/home/vijay/Desktop/All_Files/ALL_TTS/DIS_Vector_Embedding_Integration/Data/Tamil_Male/wav/train_tamilmale_00264.wav	Tamil_Male	மூன்று பேரும் சட் புட்டென்று எழுந்து மறுபடியும் வந்தியத்தேவனைத் தாக்குவதற்கு வளைத்துக்கொண்டு வந்தார்கள்.
/home/vijay/Desktop/All_Files/ALL_TTS/DIS_Vector_Embedding_Integration/Data/Tamil_Male/wav/train_tamilmale_00006.wav	Tamil_Male	எடுத்த காரியத்தை முடிக்காமல் உயிரோடு திரும்பிப் போவதில் என்ன லாபம்.
/home/vijay/Desktop/All_Files/ALL_TTS/DIS_Vector_Embedding_Integration/Data/Tamil_Male/wav/train_tamilmale_00064.wav	Tamil_Male	ஆனான் ஒரே ஒரு வித்தியாசமும் அவனுக்குப் புலனாயிற்று.
/home/vijay/Desktop/All_Files/ALL_TTS/DIS_Vector_Embedding_Integration/Data/Tamil_Male/wav/train_tamilmale_00094.wav	Tamil_Male	பாம்பும் ஆடிக் கொண்டேயிருந்தது பாம்பு ஆடிய போது அதற்கிணங்க இவன் உடம்பும் ஆடியது இதன் முடிவு என்ன ஆயிருக்குமோ தெரியாது.
/home/vijay/Desktop/All_Files/ALL_TTS/DIS_Vector_Embedding_Integration/Data/Tamil_Male/wav/train_tamilmale_00156.wav	Tamil_Male	புத்தர்கள் இவ்வளவு நன்றியுடையவர்களாயிருப்பது வியப்பு என்றார் ஒரு வீர சைவக் கவிராயர்.
/home/vijay/Desktop/All_Files/ALL_TTS/DIS_Vector_Embedding_Integration/Data/Tamil_Male/wav/train_tamilmale_00361.wav	Tamil_Male	அது என்னுடைய குற்றமா யாருடைய குற்றமாயிருந்தால் என்ன இன்னும் ஒரு கணத்தில் என் உயிருக்கு ஆபத்து வருவதாயிருந்தது.
/home/vijay/Desktop/All_Files/ALL_TTS/DIS_Vector_Embedding_Integration/Data/Tamil_Male/wav/train_tamilmale_00211.wav	Tamil_Male	இதுதான் சமயம் என்று வந்தியத் தேவன் தாயே தாங்கள் எனக்காகப் பரிந்து ஒரு வார்த்தை சொல்லவேணும்.
/home/vijay/Desktop/All_Files/ALL_TTS/DIS_Vector_Embedding_Integration/Data/Tamil_Male/wav/train_tamilmale_00266.wav	Tamil_Male	எங்கள் தொண்டை மண்டலத்தில் இப்படிப்பட்ட திருடர்களை உடனே கழுவில் ஏற்றிவிட்டு மறு காரியம் பார்ப்போம் என்று சரமாரியாகப் பொழிந்தான்.
/home/vijay/Desktop/All_Files/ALL_TTS/DIS_Vector_Embedding_Integration/Data/Tamil_Male/wav/train_tamilmale_00061.wav	Tamil_Male	எதிரில் வந்த ஒரு மாட்டுவண்டியை இன்னொரு வீரன் நிறுத்தி மாட்டை வண்டியிலிருந்து பூட்டு அவிழ்த்து விரட்டி அடித்தான்.
/home/vijay/Desktop/All_Files/ALL_TTS/DIS_Vector_Embedding_Integration/Data/Tamil_Male/wav/train_tamilmale_00117.wav	Tamil_Male	ஆகா இது எத்தகைய அரண்மனை தேவலோகத்தில் தேவேந்திரனுடைய அரண்மனையையும் உஜ்ஜயினி நகரத்து விக்ரமாதித்யனுடைய அரண்மனையும் போல அல்லவா இருக்கிறது.
/home/vijay/Desktop/All_Files/ALL_TTS/DIS_Vector_Embedding_Integration/Data/Tamil_Male/wav/train_tamilmale_00057.wav	Tamil_Male	செந்நிறமான அக் கொடியின் மேலே புலியும் புலிக்கு அடியில் கிரீடமும் சித்தரிக்கப்பட்டிருந்தன.
/home/vijay/Desktop/All_Files/ALL_TTS/DIS_Vector_Embedding_Integration/Data/Tamil_Male/wav/train_tamilmale_00367.wav	Tamil_Male	அவனிடமிருந்துதான் இரகசியத்தைக் கிரஹித்துக் கொண்டேன்.
/home/vijay/Desktop/All_Files/ALL_TTS/DIS_Vector_Embedding_Integration/Data/Tamil_Male/wav/train_tamilmale_00125.wav	Tamil_Male	அவர் அருகில் திருக்கோவலூர் மலையமான் புதல்வியான சக்கரவர்த்தினி வானமாதேவி வீற்றிருந்தாள்.
/home/vijay/Desktop/All_Files/ALL_TTS/DIS_Vector_Embedding_Integration/Data/Tamil_Male/wav/train_tamilmale_00080.wav	Tamil_Male	அரை நாழிகை நேரம் நடந்து அவர்கள் நகர்ப்புறத்துக்கு அப்பாலிருந்த பூந்தோட்டத்துக்கு வந்து சேர்ந்தார்கள்.
/home/vijay/Desktop/All_Files/ALL_TTS/DIS_Vector_Embedding_Integration/Data/Tamil_Male/wav/train_tamilmale_00177.wav	Tamil_Male	புலவர்கள் அத்தனைபேரும் அவன் பக்கமாகப் பார்த்து நன்று நன்று என்று உற்சாகத்துடன் ஆர்ப்பரித்தார்கள்.
/home/vijay/Desktop/All_Files/ALL_TTS/DIS_Vector_Embedding_Integration/Data/Tamil_Male/wav/train_tamilmale_00176.wav	Tamil_Male	நன்று சொன்னீர் தளபதி இப்போதாவது இதை நீர் உணர்ந்தீர் அல்லவா.
/home/vijay/Desktop/All_Files/ALL_TTS/DIS_Vector_Embedding_Integration/Data/Tamil_Male/wav/train_tamilmale_00145.wav	Tamil_Male	தரையில் விரித்திருந்த ரத்தின ஜமக்காளத்தில் எல்லோரும் உட்கார்ந்தார்கள்.
/home/vijay/Desktop/All_Files/ALL_TTS/DIS_Vector_Embedding_Integration/Data/Tamil_Male/wav/train_tamilmale_00369.wav	Tamil_Male	இது உலகம் அறிந்ததாயிற்றே அதுவும் தவறு உலகம் அப்படி எண்ணுகிறது இந்தக் கிழவரும் அப்படி எண்ணியே ஏமாந்து போகிறார்.
/home/vijay/Desktop/All_Files/ALL_TTS/DIS_Vector_Embedding_Integration/Data/Tamil_Male/wav/train_tamilmale_00123.wav	Tamil_Male	சக்கரவர்த்தி ஓலையை வாங்கிக்கொண்டே எங்கிருந்து வந்தாய் யாருடைய ஓலை என்று ஈனஸ்வரத்தில் கேட்டார்.
/home/vijay/Desktop/All_Files/ALL_TTS/DIS_Vector_Embedding_Integration/Data/Tamil_Male/wav/train_tamilmale_00130.wav	Tamil_Male	ஆகையால் தாங்களும் தேவியும் வசிப்பதற்காகத் தங்கள் புதல்வர் பொன்மாளிகை கட்டியது முறைதானே என்றான்.
/home/vijay/Desktop/All_Files/ALL_TTS/DIS_Vector_Embedding_Integration/Data/Tamil_Male/wav/train_tamilmale_00365.wav	Tamil_Male	அவ்வனை இவ்விடம் தருவித்துப் பேசுவதற்காகவே கொடுத்தேன்.
