/home/vijay/Desktop/All_Files/ALL_TTS/DIS_Vector_Embedding_Integration/Data/Tamil_Female/wav/train_tamilfemale_02075.wav	Tamil_Female	விளக்கம் பணிவான நடத்தை இன்சொல் ஆகியவற்றைக் கொண்டவருக்கு மற்ற விலைமதிப்புள்ள அணிகலன்கள் தேவையில்லை.
/home/vijay/Desktop/All_Files/ALL_TTS/DIS_Vector_Embedding_Integration/Data/Tamil_Female/wav/train_tamilfemale_01911.wav	Tamil_Female	அங்கு அவன் ஓட்டி வந்த பெண் எருமையை ஒரு ஆண் எருமை பின் தொடர்ந்தது அதைக் கண்டு கோபம் கொண்ட ரம்பன் அந்த எருமையை அடித்தான்.
/home/vijay/Desktop/All_Files/ALL_TTS/DIS_Vector_Embedding_Integration/Data/Tamil_Female/wav/train_tamilfemale_01971.wav	Tamil_Female	பழகுதல் என்றால் தெரிந்துகொள்ளுதல் பக்குவப்படுதல் தேர்ச்சிகொள்ளுதல் போன்ற அர்த்தங்களை உள்ளடக்கியதாகும்.
/home/vijay/Desktop/All_Files/ALL_TTS/DIS_Vector_Embedding_Integration/Data/Tamil_Female/wav/train_tamilfemale_02089.wav	Tamil_Female	போன்களுக்கான விளையாட்டுக்கள் ரிங்டோன்கள் மற்றும் மற்ற சாஃப்ட்வேர்களைக் கொண்டிருக்கும் வலைத் தளங்களில் மிகுவும் கவனம் தேவை.
/home/vijay/Desktop/All_Files/ALL_TTS/DIS_Vector_Embedding_Integration/Data/Tamil_Female/wav/train_tamilfemale_02071.wav	Tamil_Female	கழுத்திலும் கைகளிலும் இடுப்பிலும் கால்களிலும் எவ்வளவு நகைகள் அணிந்து கொள்ள முடியுமோ அவ்வளவுக்கும் எடுத்து அணிந்து கொண்டாள்.
/home/vijay/Desktop/All_Files/ALL_TTS/DIS_Vector_Embedding_Integration/Data/Tamil_Female/wav/train_tamilfemale_01935.wav	Tamil_Female	நாகரீகத்தின் தொட்டில் என்றழைக்கப்படும் மெஸொப்படாமியா ஒரு முக்கிய நதிகளான டைக்ரிஸ் மற்றும் இயுஃப்ரட்டீஸ் இடையே அமையப் பெற்றிருந்தது எகிப்தியர்களின் பண்டைய சமூகங்கள் நைல் நதியை முழுமையாக நம்பியிருந்தன.
/home/vijay/Desktop/All_Files/ALL_TTS/DIS_Vector_Embedding_Integration/Data/Tamil_Female/wav/train_tamilfemale_02088.wav	Tamil_Female	அக்ஷ்யபாத்திரத்தையும் பந்தையும் தன்னுடன் எடுத்துக் கொண்டபின் தன் தங்கை சைலஜாவை அழைத்துக் கொண்டு மேற்குத் திசையை நோக்கிப் பறந்தான்.
/home/vijay/Desktop/All_Files/ALL_TTS/DIS_Vector_Embedding_Integration/Data/Tamil_Female/wav/train_tamilfemale_02053.wav	Tamil_Female	ஆயினும் மக்கள் தாங்களாகவே அங்குள்ள ஒரு வெள்ளித்தட்டில் சில்லறைகளைப் போட்டுவிட்டுச் செல்வார்கள்.
/home/vijay/Desktop/All_Files/ALL_TTS/DIS_Vector_Embedding_Integration/Data/Tamil_Female/wav/train_tamilfemale_02005.wav	Tamil_Female	சூரியனில் இருந்து புறப்படும் கதிர்களை ரேடியோ அலை இன்ஃப்ராரெட் வெள்ளொளி வெள்ளொளி அல்ட்றா வயலெட் எக்ஸ் ரேய் காமா ரேய் என வகைப்படுத்தலாம்.
/home/vijay/Desktop/All_Files/ALL_TTS/DIS_Vector_Embedding_Integration/Data/Tamil_Female/wav/train_tamilfemale_02047.wav	Tamil_Female	வாண்டு பாபு தூக்கத்துல அர்த்தமில்லாத கனவு வருது அதான்.
/home/vijay/Desktop/All_Files/ALL_TTS/DIS_Vector_Embedding_Integration/Data/Tamil_Female/wav/train_tamilfemale_02039.wav	Tamil_Female	தென் கொரியாவின் தலைநகரம் சியோல் என்பது அனைவருக்கும் தெரியும்.
/home/vijay/Desktop/All_Files/ALL_TTS/DIS_Vector_Embedding_Integration/Data/Tamil_Female/wav/train_tamilfemale_02073.wav	Tamil_Female	எனக்கு கலஹம்சி என்ற பெயர் வைக்கப்பட்டாலும் கணவன் வீட்டிற்குப் போனதும் என் வாயாடித்தனத்தைக் கண்டு கலகதுந்துபி என்ற பெயரை வைத்துவிட்டார்கள்.
/home/vijay/Desktop/All_Files/ALL_TTS/DIS_Vector_Embedding_Integration/Data/Tamil_Female/wav/train_tamilfemale_01949.wav	Tamil_Female	கடந்த ஆண்டில் ஒரு சராசரி அமெரிக்கர் உயர் அளவில் சேர்க்கப்பட்ட சர்க்கரைகளைக் கொண்டிருக்கும் மென் பானங்களில் ஐம்பத்தி நான்கு கேலன்களை அருந்தியிருக்கின்றனர்.
/home/vijay/Desktop/All_Files/ALL_TTS/DIS_Vector_Embedding_Integration/Data/Tamil_Female/wav/train_tamilfemale_02084.wav	Tamil_Female	விநாயகரும் காலா பிறர் செய்ய வேண்டிய வேலைகளை எல்லாம் தானே செய்துவிட முடியும் என எண்ணிச் செயல்படுவது என்றுமே ஆபத்தானது.
/home/vijay/Desktop/All_Files/ALL_TTS/DIS_Vector_Embedding_Integration/Data/Tamil_Female/wav/train_tamilfemale_02040.wav	Tamil_Female	சைப்ரஸ் நாட்டுக் கொடியில் அதன் வரைபடம் இடம் பெற்றிருக்கும்.
/home/vijay/Desktop/All_Files/ALL_TTS/DIS_Vector_Embedding_Integration/Data/Tamil_Female/wav/train_tamilfemale_02014.wav	Tamil_Female	அக்கூட்டத்தில் சேராமல் தனியாகத் தான் உட்கார மாகதன் இடம் ஒதுக்கிய போதெல்லாம் மற்றவர்கள் அதனை ஆக்கிரமித்துக் கொண்டனர்.
/home/vijay/Desktop/All_Files/ALL_TTS/DIS_Vector_Embedding_Integration/Data/Tamil_Female/wav/train_tamilfemale_01961.wav	Tamil_Female	பகைவரது அரணை இடித்து இடித்த அவ்விடத்தை உழுது அதன்கண் கொள்ளினை வித்தும் செயல் பேசப்படுதலின் உழுது வித்திடுதல் என்னும் பெயர்த்தாயிற்று.
/home/vijay/Desktop/All_Files/ALL_TTS/DIS_Vector_Embedding_Integration/Data/Tamil_Female/wav/train_tamilfemale_02085.wav	Tamil_Female	பல நூற்றாண்டுகளுக்கு முன் ஒருநாள் ஔரங்கசீப் மார்வார் மன்னராக தற்போது ஜோத்பூர் ஜஸ்வந்த் சிங்கை தன் மாளிகைக்கு விருந்தினராக அழைத்திருந்தார்.
/home/vijay/Desktop/All_Files/ALL_TTS/DIS_Vector_Embedding_Integration/Data/Tamil_Female/wav/train_tamilfemale_01996.wav	Tamil_Female	அப்படி இருக்கும்போது நடராஜர் பெயரைச் சொல்லிப் பிழைத்து வரும் தீக்ஷிதர்கள் தமிழில் பாட தடை வாங்கி வைத்திருப்பது தமிழுக்கும் தமிழ்க் கடவுளுக்கும் செய்யும் துரோகம் ஆகும்.
/home/vijay/Desktop/All_Files/ALL_TTS/DIS_Vector_Embedding_Integration/Data/Tamil_Female/wav/train_tamilfemale_02057.wav	Tamil_Female	சாம்ராஜ்யங்களை வேறோடு சாய்த்த ஆணவப் போட்டி.
/home/vijay/Desktop/All_Files/ALL_TTS/DIS_Vector_Embedding_Integration/Data/Tamil_Female/wav/train_tamilfemale_01975.wav	Tamil_Female	தாதாபாய் நௌரோஜி செப்டம்பர் ஆறு ஆயிரத்தி எட்நூத்தி இருபத்தி ஐந்திலிருந்து ஜூன் முப்பது ஆயிரத்தி தொள்ளாயிரத்தி பதினேழு வரை இந்தியாவின் அரசியல் தலைவர்களில் ஒருவராகத் திகழ்ந்தவர்.
/home/vijay/Desktop/All_Files/ALL_TTS/DIS_Vector_Embedding_Integration/Data/Tamil_Female/wav/train_tamilfemale_02009.wav	Tamil_Female	அமெரிக்காவின் அர்கான்சஸ் பகுதியைச் சேர்ந்த ஆண்டி அலிசன் மில்லர் தம்பதியனர் எப்போதும் வித்தியாசமாக செய்யவேண்டுமென்று திட்டமிட்டு செயல்படுபவர்கள்.
/home/vijay/Desktop/All_Files/ALL_TTS/DIS_Vector_Embedding_Integration/Data/Tamil_Female/wav/train_tamilfemale_02056.wav	Tamil_Female	ஆனால் அவள் யாருக்கும் பதில்சொல்லவில்லை.
/home/vijay/Desktop/All_Files/ALL_TTS/DIS_Vector_Embedding_Integration/Data/Tamil_Female/wav/train_tamilfemale_02051.wav	Tamil_Female	ஆனால் மகா புத்திசாலியான குரு ஞானேந்திரர் நம்பியின் யோசனை எப்படி ஆமோதித்தார் ஏன் சந்தேகத்திற்கு விடை தெரிந்தும் நீ மௌனமாக இருந்தால் உன் தலை வெடித்து சுக்கு நூறாகும் என்றது.
/home/vijay/Desktop/All_Files/ALL_TTS/DIS_Vector_Embedding_Integration/Data/Tamil_Female/wav/train_tamilfemale_02027.wav	Tamil_Female	சாப்பிட வந்தவர் ஒரு பேப்பர் மசாலா கொண்டுவாப்பா.
/home/vijay/Desktop/All_Files/ALL_TTS/DIS_Vector_Embedding_Integration/Data/Tamil_Female/wav/train_tamilfemale_02061.wav	Tamil_Female	அதன் பிறகு அவர் அக்பரிடம் பிரபு உங்களுக்கு வந்திருப்பது விஷக்காய்ச்சல் அதற்கு மருந்து என்னிடம் இருக்கிறது.
/home/vijay/Desktop/All_Files/ALL_TTS/DIS_Vector_Embedding_Integration/Data/Tamil_Female/wav/train_tamilfemale_01910.wav	Tamil_Female	அதனை ஓட்டிக் கொண்டு அவன் பாதாள லோகத்திற்கு சென்றான்.
/home/vijay/Desktop/All_Files/ALL_TTS/DIS_Vector_Embedding_Integration/Data/Tamil_Female/wav/train_tamilfemale_01936.wav	Tamil_Female	அமெரிக்காவில் ஊட்டச்சத்து நிபுணர்களுக்கு கமிஷன் ஃபார் டயடெடிக் அஸோஸியேஷன் மற்றும் அமெரிக்க டயடிக் அஸோஸியேஷனில் பதிவுசெய்து கொள்கிறார்கள் அல்லது உரிமம் அளிக்கப்படுகிறார்கள்.
/home/vijay/Desktop/All_Files/ALL_TTS/DIS_Vector_Embedding_Integration/Data/Tamil_Female/wav/train_tamilfemale_01990.wav	Tamil_Female	சங்கரன் அங்கே பிக்ஷைக்கு வந்து நின்றான்.
/home/vijay/Desktop/All_Files/ALL_TTS/DIS_Vector_Embedding_Integration/Data/Tamil_Female/wav/train_tamilfemale_01970.wav	Tamil_Female	ரௌத்திரம் பழகு மேலோட்டமாக பார்த்தால் அநீதிகளூக்கு எதிராக சினம் கொள் என சொல்வதாகவே புரியும்.
/home/vijay/Desktop/All_Files/ALL_TTS/DIS_Vector_Embedding_Integration/Data/Tamil_Female/wav/train_tamilfemale_01947.wav	Tamil_Female	புளுடூத்தின் பெரும்பாலான பயன்பாடுகளில் இவையும் அடங்கும்.
/home/vijay/Desktop/All_Files/ALL_TTS/DIS_Vector_Embedding_Integration/Data/Tamil_Female/wav/train_tamilfemale_01926.wav	Tamil_Female	ஆயிரத்தி தொள்ளாயிரத்தி இருபத்தி ஐந்தில் ஷெண்ட் கியோர்கி என்பவர் நிலத்தில் இரும்புச்சத்து அளவுகள் உறிஞ்சப்படுவது அவசியமானது என்பதைக் கண்டுபிடித்தார்.
/home/vijay/Desktop/All_Files/ALL_TTS/DIS_Vector_Embedding_Integration/Data/Tamil_Female/wav/train_tamilfemale_02011.wav	Tamil_Female	அந்தக்குழந்தைக்கு எட்டு எழுத்துக்கள் வரும் படி காம்ப்பெல் எனப் பெயரிட்டுள்ளனர்.
/home/vijay/Desktop/All_Files/ALL_TTS/DIS_Vector_Embedding_Integration/Data/Tamil_Female/wav/train_tamilfemale_01955.wav	Tamil_Female	வண்டு தேனீ ஞிமிறு சுரும்பு இவை ஒன்றைவிட ஒன்று பெரியன.
/home/vijay/Desktop/All_Files/ALL_TTS/DIS_Vector_Embedding_Integration/Data/Tamil_Female/wav/train_tamilfemale_02019.wav	Tamil_Female	தீயினாற் சுட்டபுண் உள்ளாறும் ஆறாதே.
/home/vijay/Desktop/All_Files/ALL_TTS/DIS_Vector_Embedding_Integration/Data/Tamil_Female/wav/train_tamilfemale_02015.wav	Tamil_Female	பாற்கடலிலிருந்து வந்த உச்ச சிரவம் என்ற குதிரையை அவன் தன் வசப்படுத்திக் கொண்டான்.
/home/vijay/Desktop/All_Files/ALL_TTS/DIS_Vector_Embedding_Integration/Data/Tamil_Female/wav/train_tamilfemale_01896.wav	Tamil_Female	பிரம்மாவும் உங்கள் காது களிலிருந்து தோன்றிய இரு ராட்சஸர்கள் என்னை கொன்று விடுவதாக கூறி போருக்கு அழைக்கிறார்கள் என்றார் இதற்கா பயப்படுகிறாய்.
/home/vijay/Desktop/All_Files/ALL_TTS/DIS_Vector_Embedding_Integration/Data/Tamil_Female/wav/train_tamilfemale_02072.wav	Tamil_Female	அங்கு அனல் போன்ற கண்களோடும் அரிவாள் போன்ற கோரைப் பற்களோடும் பயங்கரச் சிரிப்பு சிரித்துக் கொண்டு நிற்கும் பிரம்மராட்சஸியைக் கண்டு பயந்து நின்றாள்.
/home/vijay/Desktop/All_Files/ALL_TTS/DIS_Vector_Embedding_Integration/Data/Tamil_Female/wav/train_tamilfemale_02028.wav	Tamil_Female	சர்வர் ரூல்டா அன்ரூல்டா.
/home/vijay/Desktop/All_Files/ALL_TTS/DIS_Vector_Embedding_Integration/Data/Tamil_Female/wav/train_tamilfemale_01909.wav	Tamil_Female	ரம்பன் வரத்தை பெற்றபின் திரும்பிச் செல்கையில் யட்சர்கள் வசமிருந்த ஒரு பகுதியில் ஒரு பெண் எருமையை கண்டான்.
/home/vijay/Desktop/All_Files/ALL_TTS/DIS_Vector_Embedding_Integration/Data/Tamil_Female/wav/train_tamilfemale_02034.wav	Tamil_Female	மனிதர்கள் விலங்குகள் தாவரங்கள் எல்லாம் ஓருயிராகி ஒன்றிணைக்கப்பட்டிருக்கும் உண்மையை விளக்குதலே இந்நாளின் சிற்ப்பாகும்.
/home/vijay/Desktop/All_Files/ALL_TTS/DIS_Vector_Embedding_Integration/Data/Tamil_Female/wav/train_tamilfemale_01906.wav	Tamil_Female	வியாசர் சுகரை பார்த்து ஓ இதென்ன அதிசயம் இது சிவ இது சிவபிரானின் அனுக்கிரகமோ என்று எண்ணினார்.
/home/vijay/Desktop/All_Files/ALL_TTS/DIS_Vector_Embedding_Integration/Data/Tamil_Female/wav/train_tamilfemale_01952.wav	Tamil_Female	கல்லாத மாந்தர்கள் பரந்த நோக்கைக் கனிவுடனே பெற்றிருந்தால் மேலோர் ஆவர் கல்வியிலே கரைகொண்டோர் சந்தேகத்தின் கரம் பிடித்தால் என்றென்றும் கீழோர் அவர்.
/home/vijay/Desktop/All_Files/ALL_TTS/DIS_Vector_Embedding_Integration/Data/Tamil_Female/wav/train_tamilfemale_01991.wav	Tamil_Female	பவதி பிக்ஷாம் தேஹி என்றும் சங்கரன் குரல் கொடுத்தான்.
/home/vijay/Desktop/All_Files/ALL_TTS/DIS_Vector_Embedding_Integration/Data/Tamil_Female/wav/train_tamilfemale_02077.wav	Tamil_Female	ஆனால் சிவநேசனின் மனப்போக்கில் திடீர் மாறுதல் ஏற்பட்டது.
/home/vijay/Desktop/All_Files/ALL_TTS/DIS_Vector_Embedding_Integration/Data/Tamil_Female/wav/train_tamilfemale_02037.wav	Tamil_Female	அவர் லோபாமுத்திரைகளுக்கு பணம் கொடுத்து வேண்டிய பணத்தைத் தனியாக எடுத்து வைத்திருந்ததால் அவரிடம் வேறு பணம் எதுவும் இருக்கவில்லை.
/home/vijay/Desktop/All_Files/ALL_TTS/DIS_Vector_Embedding_Integration/Data/Tamil_Female/wav/train_tamilfemale_02044.wav	Tamil_Female	இரண்டு வரிகளுக்கு கன்ட்ரோல் இரண்டு மற்றும் கன்ட்ரோல் ஐந்து தர வேண்டும்.
/home/vijay/Desktop/All_Files/ALL_TTS/DIS_Vector_Embedding_Integration/Data/Tamil_Female/wav/train_tamilfemale_01986.wav	Tamil_Female	இவற்றைவிட ஹொய்சாலக் கட்டிடக்கலையின் பிற எடுத்துக்காட்டுகளை பேளவாடி அம்ருதபுரம் ஹொசஹொளலு நுக்கஹள்ளி ஆகிய இடங்களிலுள்ள கோயில்களிற் காணலாம்.
/home/vijay/Desktop/All_Files/ALL_TTS/DIS_Vector_Embedding_Integration/Data/Tamil_Female/wav/train_tamilfemale_01993.wav	Tamil_Female	ஒரு முறை பிக்ஷை எடுத்த வீட்டிற்கு அங்கே பிக்ஷை கிடைச்சாலும் கிடைக்காட்டியும் மறு முறை செல்லவும் கூடாது.
/home/vijay/Desktop/All_Files/ALL_TTS/DIS_Vector_Embedding_Integration/Data/Tamil_Female/wav/train_tamilfemale_02002.wav	Tamil_Female	இந்த ஒர்க்ஷாப்பில் மின்சாரத்தை எடுத்து செல்லக்கூடிய ராட்சச பில்லர்கள் தயாரிக்கப்பட்டு வந்தன.
/home/vijay/Desktop/All_Files/ALL_TTS/DIS_Vector_Embedding_Integration/Data/Tamil_Female/wav/train_tamilfemale_01964.wav	Tamil_Female	அடுத்த ஆண்டு மார்ச் மாதத்துக்குள் குடியரசில் உள்ள அனைத்து அதாவது நாளாயிரத்தி ஐநூறு பேருந்து நிறுத்தங்களில் இந்தப் புதிய சமிக்ஞை தூண்கள் பொருத்தப்படும்.
/home/vijay/Desktop/All_Files/ALL_TTS/DIS_Vector_Embedding_Integration/Data/Tamil_Female/wav/train_tamilfemale_01988.wav	Tamil_Female	இவற்றுட் பெரும்பாலானவை ஹொய்சால மன்னர்களின் தாயகமான மலைநாடு பகுதியிலேயே உள்ளன.
/home/vijay/Desktop/All_Files/ALL_TTS/DIS_Vector_Embedding_Integration/Data/Tamil_Female/wav/train_tamilfemale_01981.wav	Tamil_Female	தவிரவும் ஸாதாரணமாக எல்லோரும் லௌகீக சுகங்களை விரும்புவர்களாகவே இருப்பார்கள்.
/home/vijay/Desktop/All_Files/ALL_TTS/DIS_Vector_Embedding_Integration/Data/Tamil_Female/wav/train_tamilfemale_02041.wav	Tamil_Female	விண்டோஸ் இயங்குதளத்தில் ஆப்பரேட்டிங் ஸிஸ்டம் விரைவாகவும் எளிதாகவும் செயல்பட உதவும் சுருக்குவழி விசைகள் உங்களுக்காக.
/home/vijay/Desktop/All_Files/ALL_TTS/DIS_Vector_Embedding_Integration/Data/Tamil_Female/wav/train_tamilfemale_02004.wav	Tamil_Female	ஐயப்பா சேவா சங்க கேம்ப் அலுவலர் ராமன்உன்னி துவக்கி வைத்தார்.
/home/vijay/Desktop/All_Files/ALL_TTS/DIS_Vector_Embedding_Integration/Data/Tamil_Female/wav/train_tamilfemale_01917.wav	Tamil_Female	இது பயன்படுத்தப்படும் இரு சாதனங்களிலும் உள்ளமைக்கப்பட்டுள்ள குறைந்த விலை ட்ரான்சீவர் மைக்ரோசிப்களை அடிப்படையாகக் கொண்டது.
/home/vijay/Desktop/All_Files/ALL_TTS/DIS_Vector_Embedding_Integration/Data/Tamil_Female/wav/train_tamilfemale_01894.wav	Tamil_Female	சுதரும் இவ்வாறு கூறத் தொடங்கினார் முனிவர்களே சொல்கிறேன் கவனமாகக் கேளுங்கள்.
/home/vijay/Desktop/All_Files/ALL_TTS/DIS_Vector_Embedding_Integration/Data/Tamil_Female/wav/train_tamilfemale_01921.wav	Tamil_Female	புகைபிடிப்பதை விட்டொழித்தவர்களில் பெரும்பாலோர் தொழில்முறை வல்லுநர்கள் மற்றும் செல்வச் செழிப்பு மிக்கவராவர்.
/home/vijay/Desktop/All_Files/ALL_TTS/DIS_Vector_Embedding_Integration/Data/Tamil_Female/wav/train_tamilfemale_02058.wav	Tamil_Female	அவரது சாம்ராஜ்யத்தின் எல்லைக்கு உட்பட்ட வளங்கள் மிக்க லிபிஸ் நகரமும் அதன் வழியாக வற்றாமல் ஓடிக்கொண்டிருக்கும் சிட்லினா மற்றும் லேப் நதிகளும் அவரது அரசுக்கு வருவாயை அதிகளவு ஈட்டித் தந்தது.
/home/vijay/Desktop/All_Files/ALL_TTS/DIS_Vector_Embedding_Integration/Data/Tamil_Female/wav/train_tamilfemale_02007.wav	Tamil_Female	ஏனென்றால் அவர் இறந்த பின்பும் அவரது ஞானத்தால் உலகத்திற்கு நன்மையே ஏற்படும்.
/home/vijay/Desktop/All_Files/ALL_TTS/DIS_Vector_Embedding_Integration/Data/Tamil_Female/wav/train_tamilfemale_01913.wav	Tamil_Female	தமிழ் மொழியை அறிந்திரா விட்டாலும் தமிழர் பண்பாடு பின்புலத்தில் இருந்து வந்து தம்மைத் தமிழர் என்று அடையாளப்படுத்துவோரும் தமிழர் ஆவார்.
/home/vijay/Desktop/All_Files/ALL_TTS/DIS_Vector_Embedding_Integration/Data/Tamil_Female/wav/train_tamilfemale_02024.wav	Tamil_Female	மதுசூதன் அவர் மீது தொடுத்து உள்ள வழக்கைப்பற்றி பீர்பால் விவாதித்ததும் நான் ஏன் அவரிடம் இருந்து கடன் வாங்க வேண்டும் எனக்கு ஏராளமாக சொத்து இருக்கிறது.
/home/vijay/Desktop/All_Files/ALL_TTS/DIS_Vector_Embedding_Integration/Data/Tamil_Female/wav/train_tamilfemale_01918.wav	Tamil_Female	புளுடூத் செயல்படுத்தப்பட்ட ஒரு கைபேசி பல சாதனங்களுடன் இணை சேர முடியும்.
/home/vijay/Desktop/All_Files/ALL_TTS/DIS_Vector_Embedding_Integration/Data/Tamil_Female/wav/train_tamilfemale_02003.wav	Tamil_Female	மேட்டூர் அணை கட்டுமானப் பணிகள் முடிந்த பின் பொதுப்பணித் துறையிடம் இருந்த ஒர்க்ஷாப் மின்சார வாரியத்தின் கட்டுப்பாட்டில் வந்தது.
/home/vijay/Desktop/All_Files/ALL_TTS/DIS_Vector_Embedding_Integration/Data/Tamil_Female/wav/train_tamilfemale_01904.wav	Tamil_Female	அவர்களோ மாயையில் சிக்கியதால் கர்வத்தோடு நீயா எங்களுக்கு வரம் கொடுக்கப்போகிறாய் வேண்டாம் நாங்களே நீ கேட்கும் வரத்தை அளிக்கிறோம்.
/home/vijay/Desktop/All_Files/ALL_TTS/DIS_Vector_Embedding_Integration/Data/Tamil_Female/wav/train_tamilfemale_01932.wav	Tamil_Female	மூளைக்கு சக்தி கொடுக்க இதயம் நுரை ஈரல் எல்லாமே தேவை மூளையின் கட்டளைகளை செயல் படுத்த கை கால்களின் திசுக்கள் நரம்புகள் எலும்புகள் எல்லாம் தேவை இவை எதுவுமின்றி தனித்து எப்படி ஆவி செயல் பட முடியும்.
/home/vijay/Desktop/All_Files/ALL_TTS/DIS_Vector_Embedding_Integration/Data/Tamil_Female/wav/train_tamilfemale_01958.wav	Tamil_Female	தொல்காப்பியத்திற்குப் பின்னால் எழுந்த இலக்கண நூல்களில் அரண் முற்றல் அரண் அழித்தல் ஆகியன நொச்சி உழிஞை ஆகிய இருதிணைகளாக வகுக்கப் பெற்றுள்ளன.
/home/vijay/Desktop/All_Files/ALL_TTS/DIS_Vector_Embedding_Integration/Data/Tamil_Female/wav/train_tamilfemale_01940.wav	Tamil_Female	காலநிலை கணிப்பின்படி பூமியை வந்தடையும் அதிக கதிர்வீச்சு கடல் இழப்பு போன்ற மோசமான விளைவுகளை ஏற்படுத்தும்.
/home/vijay/Desktop/All_Files/ALL_TTS/DIS_Vector_Embedding_Integration/Data/Tamil_Female/wav/train_tamilfemale_01915.wav	Tamil_Female	புளுடூத் என்ற சொல்லானது பழைய ஜெர்மன் மொழியிலான ப்ளூடோன் அல்லது டானிஷ் மொழியிலான ப்ளாட்டேண்ட் ஆகிய சொற்களின் ஆங்கில வடிவமாகும்.
/home/vijay/Desktop/All_Files/ALL_TTS/DIS_Vector_Embedding_Integration/Data/Tamil_Female/wav/train_tamilfemale_02087.wav	Tamil_Female	ஆற்றின் மேற்குப்புறம் அவர்களைக் கொல்ல நினைத்த எதிரிகள் இருக்கலாம் என்று ஊகத்தினால்தான் அந்தத் திசையில் செல்ல வேண்டும் என சதாசிவன் கூறியதாகவும் தெரிவித்தாள்.
/home/vijay/Desktop/All_Files/ALL_TTS/DIS_Vector_Embedding_Integration/Data/Tamil_Female/wav/train_tamilfemale_01978.wav	Tamil_Female	திருகோகலே ரானடே தாதாபாய் நௌரோஜி முதலிய தலைவர்கள் நம் இந்தியாவில் ஒரு சுதந்திர தாகத்தை உண்டுபண்ணிவிட்டார்கள் என்று பொதுவாக நாமறிவோம்.
/home/vijay/Desktop/All_Files/ALL_TTS/DIS_Vector_Embedding_Integration/Data/Tamil_Female/wav/train_tamilfemale_02076.wav	Tamil_Female	அந்தச் சில ஆண்டுகளில் எதிர்பாராத வண்ணம் சிவநேசனின் வியாபாரம் பிரமாதமாகச் செழித்தோங்க அவர் பெரும் செல்வரானார்.
/home/vijay/Desktop/All_Files/ALL_TTS/DIS_Vector_Embedding_Integration/Data/Tamil_Female/wav/train_tamilfemale_01903.wav	Tamil_Female	அதனால் அவர்கள் தாம் புரிந்து வந்த போரை மறந்து மன்மத பாணத்தால் தாக்குண்டார்கள் அப்போது விஷ்ணு நானும் எவ்வளவோ பேர்களுடன் சண்டை போட்டிருக்கிறேன்.
/home/vijay/Desktop/All_Files/ALL_TTS/DIS_Vector_Embedding_Integration/Data/Tamil_Female/wav/train_tamilfemale_02059.wav	Tamil_Female	இருந்தாலும் பெரிதாக அலட்டிக் கொள்ளாமல் தனது மனைவி ஸ்ட்ரெசிஸ்லாவா மற்றும் ஏழு மகன்களுடன் மகிழ்ச்சியாகவே வாழ்ந்து வந்தார் ஸ்லாவெனிக் மன்னர்.
/home/vijay/Desktop/All_Files/ALL_TTS/DIS_Vector_Embedding_Integration/Data/Tamil_Female/wav/train_tamilfemale_02067.wav	Tamil_Female	ஓகோ ரோஜாப்பூக்களில் உள்ள முட்களைக் குறிப்பிடுகிறாயா என்று அக்பர் கேட்டார்.
/home/vijay/Desktop/All_Files/ALL_TTS/DIS_Vector_Embedding_Integration/Data/Tamil_Female/wav/train_tamilfemale_02032.wav	Tamil_Female	அப்போது அங்கிருந்த முனிவர்கள் மதிநிலையின் மன்னர் ஜனகர் ஒரு மாபெரும் வேள்வியைச் செய்யப் போகிறாராம்.
/home/vijay/Desktop/All_Files/ALL_TTS/DIS_Vector_Embedding_Integration/Data/Tamil_Female/wav/train_tamilfemale_02006.wav	Tamil_Female	சஞ்ஜீவனி மந்திரத்தை உபயோகிக்காமல் மாதவனின் தந்தை எவ்வாறு குணம்அடைந்தார் எனது இந்த சந்தேகங்களுக்கு விடை தெரிந்து இருந்தும் பதில் கூறாமல் இருந்தால் உனது தலை வெடித்து சுக்கு நூறாகி விடும் என்றது.
/home/vijay/Desktop/All_Files/ALL_TTS/DIS_Vector_Embedding_Integration/Data/Tamil_Female/wav/train_tamilfemale_01931.wav	Tamil_Female	வெறும் பஸ் டிரைவர் நம் மீது மோதி ஒரு ஆக்ஸிடென்ட் ஏற்படாது ஒரு பேய் செயல் பட வேண்டுமானால் அதற்கு ஒரு மனம் இருக்க வேண்டும் அப்படியானால் அதற்கு ஒரு மூளை தேவை.
/home/vijay/Desktop/All_Files/ALL_TTS/DIS_Vector_Embedding_Integration/Data/Tamil_Female/wav/train_tamilfemale_01982.wav	Tamil_Female	கர்நாடக மாநிலத்தில் உள்ள சோம்னாத்பூர் என்னும் இடத்தில் இருக்கும் கேசவ கோவில்.
/home/vijay/Desktop/All_Files/ALL_TTS/DIS_Vector_Embedding_Integration/Data/Tamil_Female/wav/train_tamilfemale_01933.wav	Tamil_Female	ஹைட்ரஜனை விட அதிக மின்நேரான தனிமங்களானலித்தியம் சோடியம் கேல்சியம் பொட்டாஷியம் போன்றவை நீரிலிருந்து ஹைட்ரஜனை வெளியேற்றி ஹைட்ராக்ஸைடுகளை ஈகின்றன.
/home/vijay/Desktop/All_Files/ALL_TTS/DIS_Vector_Embedding_Integration/Data/Tamil_Female/wav/train_tamilfemale_01912.wav	Tamil_Female	அந்த எருமையோ தன் கொம்புகளால் ரம்பனை குத்திக் கொண்றது அதை கண்ட பெண் எருமை தன் உயிரை விட்டது.
/home/vijay/Desktop/All_Files/ALL_TTS/DIS_Vector_Embedding_Integration/Data/Tamil_Female/wav/train_tamilfemale_01998.wav	Tamil_Female	யார் சொன்னபடி வழிபடவேண்டும் என்று தீக்ஷிதர்கள் வகுத்து வைத்துள்ள சட்டத்தின்படியே வழிபடவேண்டும் என்று தீக்ஷிதர்களின் அறிவிக்கப்படாத ம தொ செ அசினாச்சு அறிவித்தார்.
/home/vijay/Desktop/All_Files/ALL_TTS/DIS_Vector_Embedding_Integration/Data/Tamil_Female/wav/train_tamilfemale_02049.wav	Tamil_Female	விருந்து சாப்பிட்டு முடித்த பிறகு சாந்தா உல்லாசமாக மாமரத்தில் கட்டித் தொங்கவிடப்பட்டிருந்த ஊஞ்சலில் நீண்ட நேரம் ஆடினாள்.
/home/vijay/Desktop/All_Files/ALL_TTS/DIS_Vector_Embedding_Integration/Data/Tamil_Female/wav/train_tamilfemale_02000.wav	Tamil_Female	வட இந்தியாவில் ஹரியானா டில்லி உத்தரப் பிரதேசம் போன்ற மாநிலங்களில் வயல் வெளிகளிலும் தரிசு நிலங்களிலும் இப் பறவைகளைக் காண முடியும்.
/home/vijay/Desktop/All_Files/ALL_TTS/DIS_Vector_Embedding_Integration/Data/Tamil_Female/wav/train_tamilfemale_01934.wav	Tamil_Female	மனித நாகரீகத்தில் நீரின் பங்கு நாகரீகம் நதிகள் மற்றும் முக்கிய நீர்வழிகளை அடுத்து செழுமையாக இருந்ததாக வரலாற்றுவழி அறிகிறோம்.
/home/vijay/Desktop/All_Files/ALL_TTS/DIS_Vector_Embedding_Integration/Data/Tamil_Female/wav/train_tamilfemale_02033.wav	Tamil_Female	உயிர்களுக்கு நேரும் இன்னலை நீக்கும் பொருட்டு சிவன் ஆறுமுகங்களாய்த் தோன்றி தம் திருவிளையாடலால் குழந்தையானது இந்நாளில்.
/home/vijay/Desktop/All_Files/ALL_TTS/DIS_Vector_Embedding_Integration/Data/Tamil_Female/wav/train_tamilfemale_02086.wav	Tamil_Female	ஜஸ்வந்த் சிங்க் ஆண்டு வந்த மார்வார் ராஜ்யம் ராஜஸ்தானில் தார் பாலைவனத்திற்கு அருகிலிருந்தது.
/home/vijay/Desktop/All_Files/ALL_TTS/DIS_Vector_Embedding_Integration/Data/Tamil_Female/wav/train_tamilfemale_01995.wav	Tamil_Female	சேக்கிழாரும் பிற சிவனடியார்களும் நடராஜரை தமிழில்தான் பாடி வழிபட்டு வந்தனர்.
/home/vijay/Desktop/All_Files/ALL_TTS/DIS_Vector_Embedding_Integration/Data/Tamil_Female/wav/train_tamilfemale_01919.wav	Tamil_Female	எட்டு வரையிலான சாதனங்களைக் கொண்டுள்ள இந்த நெட்வொர்க் குழுவை பைக்கோநெட் என்பர்.
/home/vijay/Desktop/All_Files/ALL_TTS/DIS_Vector_Embedding_Integration/Data/Tamil_Female/wav/train_tamilfemale_01905.wav	Tamil_Female	அவருக்கு குழந்தை பிறக்கும் என வரம் கொடுக்கவே வியாசர் தம் ஆசிரமத்திற்கு வந்தார் வியாசர் அக்கினியை மூட்டி எனக்கு இந்த அக்கினி போன்ற புதல்வன் பிறப்பானா.
/home/vijay/Desktop/All_Files/ALL_TTS/DIS_Vector_Embedding_Integration/Data/Tamil_Female/wav/train_tamilfemale_01941.wav	Tamil_Female	புகைபிடித்தல் குறிப்பாக புகையிலையின் அறிமுகத்திற்குப் பின்பு முஸ்லீம் சமூகத்தின் மற்றும் பண்பாட்டின் முக்கிய பகுதியானது.
/home/vijay/Desktop/All_Files/ALL_TTS/DIS_Vector_Embedding_Integration/Data/Tamil_Female/wav/train_tamilfemale_01928.wav	Tamil_Female	இன்சுலின் மற்றும் லெப்டின் ஆகிய இரண்டுமே மூளையிலுள்ள ஹிப்போதாலமஸூக்கான திருப்தியளிக்கும் செயல்படுகின்றன.
/home/vijay/Desktop/All_Files/ALL_TTS/DIS_Vector_Embedding_Integration/Data/Tamil_Female/wav/train_tamilfemale_02042.wav	Tamil_Female	எம் எஸ் ஆபிஸ் தொகுப்பில் உள்ள வேர்ட் எக்செல் உள்பட அனைத்தும் அப்ளிகேஷன்களிலும் விரைவாகவும் எளிதாகவும் செயல்பட உதவும் சுருக்கு வழி விசைகள்.
/home/vijay/Desktop/All_Files/ALL_TTS/DIS_Vector_Embedding_Integration/Data/Tamil_Female/wav/train_tamilfemale_01965.wav	Tamil_Female	பேருந்து நிறுத்தங்களில் உள்ள சமிக்ஞை தூண்கள் பற்றி இவ்வாண்டு ஆகஸ்ட் மாதம் வரை சேகரிக்கப் பட்ட பொதுமக்கள் கருத்துகளின் அடிப்படையில் புதிய சமிக்ஞை தூணின் வடிவமைப்பு நிர்ணயிக்கப்பட்டது.
/home/vijay/Desktop/All_Files/ALL_TTS/DIS_Vector_Embedding_Integration/Data/Tamil_Female/wav/train_tamilfemale_02082.wav	Tamil_Female	அது கிர்கிர்ரென்று சுழன்று மாபெரும் ப்ரளயமே ஏற்பட்டது போன்ற நிலையை உருவாக்கியது.
/home/vijay/Desktop/All_Files/ALL_TTS/DIS_Vector_Embedding_Integration/Data/Tamil_Female/wav/train_tamilfemale_01977.wav	Tamil_Female	காங்கிரஸ் பேரியக்கத்தை மக்கள் இயக்கமாக மாற்றிய பெருந்தலைவர் காந்தியார் தாதாபாய்தான் தனக்குத் தலைவர் என்றும் வழிகாட்டி என்றும் குறிப்பிட்டார்.
/home/vijay/Desktop/All_Files/ALL_TTS/DIS_Vector_Embedding_Integration/Data/Tamil_Female/wav/train_tamilfemale_01946.wav	Tamil_Female	இந்த தொடர்புகள் க்ளைமேட் மாடல்கல் சரியாக நான் தயார் செய்யப்பட்டுள்ளன என்பதை காட்டுகின்றன மிக குறைவான பரப்பில் வளர்ந்து வந்த அண்டார்க்டிக் ஹேர் கிராஸ் தற்போது அதிக அளவில் வளர்ந்து வருகின்றன.
/home/vijay/Desktop/All_Files/ALL_TTS/DIS_Vector_Embedding_Integration/Data/Tamil_Female/wav/train_tamilfemale_01942.wav	Tamil_Female	புகையிலை பலமுறை நறுமணச் சுவையுடன் விற்கப்படுகிறது அடிக்கடி பல்வேறு பழங்களின் நறுமணச் சுவையுடனும் விற்கப்படுகின்றது குறிப்பாக ஹூக்காக்கள் போன்ற நீர்க் குழாயுடன் பயன்படுத்துவதற்கு பிரபலமானது.
/home/vijay/Desktop/All_Files/ALL_TTS/DIS_Vector_Embedding_Integration/Data/Tamil_Female/wav/train_tamilfemale_02030.wav	Tamil_Female	சற்று நேரத்தில் அஸ்லாமின் மகனுடன் பீர்பாலின் வேலைக்காரன் திரும்பினான்.
/home/vijay/Desktop/All_Files/ALL_TTS/DIS_Vector_Embedding_Integration/Data/Tamil_Female/wav/train_tamilfemale_01898.wav	Tamil_Female	மேலும் நீங்கள் இருவர் ஒருவனாகிய என்னுடன் சண்டையிடுவதும் போர் முறைகளுக்கு புறம்பானது எனவே என்னை சற்று இளைப்பாற விடுங்கள்.
/home/vijay/Desktop/All_Files/ALL_TTS/DIS_Vector_Embedding_Integration/Data/Tamil_Female/wav/train_tamilfemale_01897.wav	Tamil_Female	விஷ்ணு பிரம்மாவை தன் பின்னால் வந்து நிற்கும்படி சொல்லி ராட்சஸர்களை பார்த்து அடே கொழுப்பு அதிகரித்து விட்டதா அதை நான் அடக்குகிறேன் பார் என்றார்.
/home/vijay/Desktop/All_Files/ALL_TTS/DIS_Vector_Embedding_Integration/Data/Tamil_Female/wav/train_tamilfemale_01953.wav	Tamil_Female	வளைகுடா நாடுகளில் வேலைக்காக வந்து தனியாக இருக்கும் ஆண்களும் தற்காலங்களில் கூழோ கஞ்சியோ சேர்ந்தே இருப்போம் என்று வேலையை விட்டுவிட்டு இந்தியா செல்வதும் துன்பமான தருணங்களில் துணையின் ஆதரவு வேண்டிதானே.
/home/vijay/Desktop/All_Files/ALL_TTS/DIS_Vector_Embedding_Integration/Data/Tamil_Female/wav/train_tamilfemale_02012.wav	Tamil_Female	அது கொய்யா பழத்தை எனக்கு நினைவு படுத்தியது.
/home/vijay/Desktop/All_Files/ALL_TTS/DIS_Vector_Embedding_Integration/Data/Tamil_Female/wav/train_tamilfemale_02029.wav	Tamil_Female	பிறகு தன் தாதி மூலம் அக்பருக்கு பிரபு நான் பிறந்த வீடு செல்லத் தயாராகி விட்டேன்.
/home/vijay/Desktop/All_Files/ALL_TTS/DIS_Vector_Embedding_Integration/Data/Tamil_Female/wav/train_tamilfemale_01976.wav	Tamil_Female	இவரது பிரிட்டிஷ் கொடுங்கோல் ஆட்சியும் இந்தியாவின் வறுமையும் என்கிற நூல் பிரித்தானிய அரசின் கொடுங்கோன்மையைப் பற்றிய உண்மைகளை உலகிற்கு உணர்த்தியது.
/home/vijay/Desktop/All_Files/ALL_TTS/DIS_Vector_Embedding_Integration/Data/Tamil_Female/wav/train_tamilfemale_01973.wav	Tamil_Female	தௌலஹார் மலைத் தொடர்ச்சி வெண்பனியினால் முற்றிலும் மூடப்பட்டவை.
/home/vijay/Desktop/All_Files/ALL_TTS/DIS_Vector_Embedding_Integration/Data/Tamil_Female/wav/train_tamilfemale_02045.wav	Tamil_Female	சிற்பக்கலைக்கு பெயர்பெற்ற பல்லவர்களின் கற்சிற்பங்கள் சாசன அறிக்கைகளைக் கொண்ட கல்வெட்டுக்கள் ஹரப்பா மொஹஞ்சதாரோ பகுதிகளில் இருந்து கண்டெடுக்கப்பட்ட பொருட்கள் முதுமக்கள் தாழிகள் அழகாக காட்சிக்கு வைக்கப்பட்டுள்ளன.
/home/vijay/Desktop/All_Files/ALL_TTS/DIS_Vector_Embedding_Integration/Data/Tamil_Female/wav/train_tamilfemale_01908.wav	Tamil_Female	கிளி ரூபமாக வந்த கிருதாட்சியினால் அக்குழந்தை பிறந்தால் வியாசர் அதற்கு சுகர் என்று பெயரிட்டார்.
/home/vijay/Desktop/All_Files/ALL_TTS/DIS_Vector_Embedding_Integration/Data/Tamil_Female/wav/train_tamilfemale_02081.wav	Tamil_Female	ஹோமத் தீயிலிருந்து வெளிவந்த பயங்கர உருவம் மறைந்த உடனே காலன் ராட்சஸ உருவை எடுத்து பாசக் கயிற்றை விட்டெறிந்தான்.
/home/vijay/Desktop/All_Files/ALL_TTS/DIS_Vector_Embedding_Integration/Data/Tamil_Female/wav/train_tamilfemale_02001.wav	Tamil_Female	கூடு சுமார் மூன்றடி விட்டத்தில் வைக்கோல் நாணால் இவற்றால் அமைக்கப் பட்டு இருக்கும்.
/home/vijay/Desktop/All_Files/ALL_TTS/DIS_Vector_Embedding_Integration/Data/Tamil_Female/wav/train_tamilfemale_02050.wav	Tamil_Female	இல்லாவிட்டால் இப்படி எண்ணித் திட்டமிட்டுச் செல்வானா.
/home/vijay/Desktop/All_Files/ALL_TTS/DIS_Vector_Embedding_Integration/Data/Tamil_Female/wav/train_tamilfemale_02023.wav	Tamil_Female	இந்த உகாதி பச்சடி வேப்பம்பூ மாங்காய் புளி வெல்லம் மற்றும் உப்பு ஆகியவற்றை சேர்ந்து செய்யப்படுகிறது.
/home/vijay/Desktop/All_Files/ALL_TTS/DIS_Vector_Embedding_Integration/Data/Tamil_Female/wav/train_tamilfemale_01974.wav	Tamil_Female	அந்த மலையில் தெரியும் பனிதான் அப்பகுதி மக்களுக்கு உயிரூட்டும் ஜலம்.
/home/vijay/Desktop/All_Files/ALL_TTS/DIS_Vector_Embedding_Integration/Data/Tamil_Female/wav/train_tamilfemale_01960.wav	Tamil_Female	வெற்றியை நிலைநாட்டவும் வெளிப்படுத்தவும் மேற்கொள்ளும் செயல்களை இனிக் காண்போம்.
/home/vijay/Desktop/All_Files/ALL_TTS/DIS_Vector_Embedding_Integration/Data/Tamil_Female/wav/train_tamilfemale_02026.wav	Tamil_Female	நெய் விற்ற பணம் இதோ என்று அவர் சொத்தையும் பீர்பாலிடம் தந்தார்.
/home/vijay/Desktop/All_Files/ALL_TTS/DIS_Vector_Embedding_Integration/Data/Tamil_Female/wav/train_tamilfemale_02066.wav	Tamil_Female	ஆனால் பீர்பல் மட்டும் தீர்ப்பைப் பாராட்டாமல் மிகவும் மௌனமாக இருந்ததை கவனித்த அக்பர் அந்தத் தீர்ப்பை மறு ஆய்வு செய்யுமாறு பீர்பலிடம் கூறினார்.
/home/vijay/Desktop/All_Files/ALL_TTS/DIS_Vector_Embedding_Integration/Data/Tamil_Female/wav/train_tamilfemale_01902.wav	Tamil_Female	வீரர்களுக்கு வெற்றி தோல்வி என்பது சகஜம் நீ பல ராட்சஸர்களை வென்றிருக்கலாம் ஆனால் எப்போதுமே வெற்றி உன் பக்கம் இராது.
/home/vijay/Desktop/All_Files/ALL_TTS/DIS_Vector_Embedding_Integration/Data/Tamil_Female/wav/train_tamilfemale_02055.wav	Tamil_Female	மண்பொம்மைகளை வைத்து விளையாடினால் என்ன இருக்கிறது என்று யோசித்தாள்.
/home/vijay/Desktop/All_Files/ALL_TTS/DIS_Vector_Embedding_Integration/Data/Tamil_Female/wav/train_tamilfemale_02046.wav	Tamil_Female	ராமு ஏண்டா தலைக்கடியில் டிக்ஸ்னரியை வச்சிட்டு தூங்கற.
/home/vijay/Desktop/All_Files/ALL_TTS/DIS_Vector_Embedding_Integration/Data/Tamil_Female/wav/train_tamilfemale_01959.wav	Tamil_Female	மேலும் தொல்காப்பியர் காட்டும் உழிஞைத் துறைகள் பல கம்பராமாயணத்துள் எடுத்தாளப்பெற்றுள்ளன.
/home/vijay/Desktop/All_Files/ALL_TTS/DIS_Vector_Embedding_Integration/Data/Tamil_Female/wav/train_tamilfemale_01992.wav	Tamil_Female	இப்போது தான் உபநயனம் ஆகி இருக்க வேண்டும் கையில் கட்டிய கங்கணமும் பூநூலில் புதுக்கருக்கும் இன்னும் அழியவில்லை குருகுலத்தில் புதிதாய்ச் சேர்ந்திருக்கிறான் போலும்.
/home/vijay/Desktop/All_Files/ALL_TTS/DIS_Vector_Embedding_Integration/Data/Tamil_Female/wav/train_tamilfemale_02036.wav	Tamil_Female	சிறுவன் இதுதான் விநாயகரின் தொப்புள்.
/home/vijay/Desktop/All_Files/ALL_TTS/DIS_Vector_Embedding_Integration/Data/Tamil_Female/wav/train_tamilfemale_01907.wav	Tamil_Female	அவர் தன் மகனான சுகரை கங்கைக்கு கொண்டு போய் குளிப்பாட்டினார் பிறகு ஜாதகர்மம் நடக்க தேவர்கள் பூமாரி பொழிந்தனர் நாரதர் இசைபாட ரம்பை ஊர்வசி போன்றோர் நடனம் ஆடினார்கள்.
/home/vijay/Desktop/All_Files/ALL_TTS/DIS_Vector_Embedding_Integration/Data/Tamil_Female/wav/train_tamilfemale_01916.wav	Tamil_Female	இது பத்தாம் நூற்றாண்டைச் சேர்ந்த டென்மார்க்கின் முதலாம் ஹரால்ட் மன்னரின் பெயராகும்.
/home/vijay/Desktop/All_Files/ALL_TTS/DIS_Vector_Embedding_Integration/Data/Tamil_Female/wav/train_tamilfemale_01900.wav	Tamil_Female	இவர்கள் தமக்கு மரணம் தம் விருப்பப்படி வர வேண்டுமென ஆதி பராசக்தியிடம் வரம் வாங்கி இருக்கிறார்கள் இப்படிப் பட்டவர்களை எப்படி ஒழிப்பது என்று யோசிக்கலானார்.
/home/vijay/Desktop/All_Files/ALL_TTS/DIS_Vector_Embedding_Integration/Data/Tamil_Female/wav/train_tamilfemale_02079.wav	Tamil_Female	மலை உச்சியில் அவர்கள் இளைப்பாறிக் கொண்டிருக்கும்போது அவன் அவளை நோக்கி சர்மிளா மலையுச்சியிலிருந்து கீழேயுள்ள காட்சிகளைப்பார் ஒவ்வொன்றும் இயற்கையின் எழிலைப் பறைசாற்றுகின்றன.
/home/vijay/Desktop/All_Files/ALL_TTS/DIS_Vector_Embedding_Integration/Data/Tamil_Female/wav/train_tamilfemale_02020.wav	Tamil_Female	இந்தியாவில் பனிரெண்டாம் நூற்றாண்டில் வாழ்ந்து வந்த பாரசீகக் கவிஞரான அமீர் குஸ்ரூ வீணையைச் சற்றே மாற்றியமைத்து அதற்கு சிதார் என்று பெயரிட்டார்.
/home/vijay/Desktop/All_Files/ALL_TTS/DIS_Vector_Embedding_Integration/Data/Tamil_Female/wav/train_tamilfemale_01987.wav	Tamil_Female	ஹொய்சாலப் பேரரசுக் காலத்திய சமூக பண்பாடு மற்றும்அரசியல் நிகழ்வுகள் தீவிரமான கோவிற் கட்டிடப் பணிகளுக்குக் காரணமாக அமைந்தன.
/home/vijay/Desktop/All_Files/ALL_TTS/DIS_Vector_Embedding_Integration/Data/Tamil_Female/wav/train_tamilfemale_01985.wav	Tamil_Female	இப் பாணியைச் சார்ந்த கட்டிடங்களுள் பேலூரில் உள்ள சென்னகேசவர் கோயில் ஹளபீட்டில் உள்ள ஹொய்சாலேஸ்வரர் கோயில் சோமநாதபுரத்தில் உள்ள கேசவர் கோயில் என்பன குறிப்பிடத்தக்கவை.
/home/vijay/Desktop/All_Files/ALL_TTS/DIS_Vector_Embedding_Integration/Data/Tamil_Female/wav/train_tamilfemale_02016.wav	Tamil_Female	அவர்களது குரு சுக்கிராச்சாரியார் தம் மிருத சஞ்சீவினி மந்திரத்தைக் கொண்டு இறந்த ராட்சஸர்களை உயிர்ப்பித்து வரலானார்.
/home/vijay/Desktop/All_Files/ALL_TTS/DIS_Vector_Embedding_Integration/Data/Tamil_Female/wav/train_tamilfemale_02048.wav	Tamil_Female	அவற்றுடன் பக்குவமாகச் சமைத்த காய்களும் மாம்பழ பலச்சுளைகளும் மற்றும் வாழைப்பழம் ஆகியவையும் பரிமாறப்பட்டன.
/home/vijay/Desktop/All_Files/ALL_TTS/DIS_Vector_Embedding_Integration/Data/Tamil_Female/wav/train_tamilfemale_01962.wav	Tamil_Female	அரணைக் கைப்பற்றி மாடத்தை இடித்து உழுது விதைத்த பின்னரும் உழிஞையான் சினம் நீங்கியபாடில்லை.
/home/vijay/Desktop/All_Files/ALL_TTS/DIS_Vector_Embedding_Integration/Data/Tamil_Female/wav/train_tamilfemale_02065.wav	Tamil_Female	அதைக் கேட்ட லோபாமுத்திரை இட்லிப் பாத்திரத்தையே எடுத்து அந்தச் சிறுவனின் முன் வைத்து அவன் கால்களில் விழுந்து வணங்கி விநாயகரே உங்களைக் கண்டு இந்த ஜென்மம் சாபல்யம் அடைந்தது எனக் கூறினாள்.
/home/vijay/Desktop/All_Files/ALL_TTS/DIS_Vector_Embedding_Integration/Data/Tamil_Female/wav/train_tamilfemale_01929.wav	Tamil_Female	புதன் வளிமண்டலத்தில் மூன்று புள்ளி நான்கு சதவிகிதம் நீரும் புறவழி மண்டலத்தில் பெருமளவு நீரும் சனியின் சந்திரன் என்ஸெலேடஸ் வளிமண்டலத்தில்தொன்னூறு சதவிகிதம் நீருள்ளது.
/home/vijay/Desktop/All_Files/ALL_TTS/DIS_Vector_Embedding_Integration/Data/Tamil_Female/wav/train_tamilfemale_01966.wav	Tamil_Female	புதிய சமிக்ஞை தூணில் எம்ஆர்டி நிலையங்களில் காணப்படும் தூண்களில் இருக்கும் சிங்கப்பூர் தீவின் சித்திர வடிவம் இருக்கும்.
/home/vijay/Desktop/All_Files/ALL_TTS/DIS_Vector_Embedding_Integration/Data/Tamil_Female/wav/train_tamilfemale_01968.wav	Tamil_Female	கோபப்படுவது நல்லதா இல்லையென்று பதில் தந்தால் பாரதி ஏன் அவ்வாறு சொன்னான் பழங்காலக் குரு குலங்களில் போதிக்கப்பட்ட பாடம் ஸத்யம் வத க்ரோதம் மா குருஎன்பது.
/home/vijay/Desktop/All_Files/ALL_TTS/DIS_Vector_Embedding_Integration/Data/Tamil_Female/wav/train_tamilfemale_01956.wav	Tamil_Female	கோட்டையை முற்றுகையிடும் வீரர்கள் உழிஜை மலர் மாலை அணிந்துகொள்வர்.
/home/vijay/Desktop/All_Files/ALL_TTS/DIS_Vector_Embedding_Integration/Data/Tamil_Female/wav/train_tamilfemale_02008.wav	Tamil_Female	அது மட்டுமல்லாமல் மகானந்தர் மாதவனை நீ விரும்புவது நடக்கும் என்று வாழ்த்தினார்.
/home/vijay/Desktop/All_Files/ALL_TTS/DIS_Vector_Embedding_Integration/Data/Tamil_Female/wav/train_tamilfemale_01984.wav	Tamil_Female	இப் பாணியைச் சேர்ந்த கோவில்கள் நுண்ணிய வேலைப்பாடுகளுக்கு ஏற்ற மிக மென்மையான சோப்புக்கற்களால் கட்டப்பட்டுள்ளன.
/home/vijay/Desktop/All_Files/ALL_TTS/DIS_Vector_Embedding_Integration/Data/Tamil_Female/wav/train_tamilfemale_02025.wav	Tamil_Female	மறுநாள் மதுசூதன் வீட்டுக்குச் சென்ற பீர்பால் அஸ்லாம்கானிடம் கூறியதுபோல் கூறிவிட்டு நெய்யை விற்றுத்தரமுடியுமா என்று கேட்டார்.
/home/vijay/Desktop/All_Files/ALL_TTS/DIS_Vector_Embedding_Integration/Data/Tamil_Female/wav/train_tamilfemale_01972.wav	Tamil_Female	சமீபத்தில் சேலையூரில் மணமான இரண்டு வருடங்களில் ஒரு பெண் தற்கொலை செய்து கொண்டது டௌரி பிரச்சனைக் காரணமாக நிகழ்ந்தது என்று புகார் கொடுக்கப்பட்டுள்ளது.
/home/vijay/Desktop/All_Files/ALL_TTS/DIS_Vector_Embedding_Integration/Data/Tamil_Female/wav/train_tamilfemale_01979.wav	Tamil_Female	வேதங்கள் எல்லோராலும் ஏற்றுக்கொள்ளப் பட்ட உண்மையாகும்.
/home/vijay/Desktop/All_Files/ALL_TTS/DIS_Vector_Embedding_Integration/Data/Tamil_Female/wav/train_tamilfemale_01937.wav	Tamil_Female	வெள்ளைப்புலிகள் ஒரு சடுதிமாற்ற வடிவத்தை உருவாக்குகின்றன இந்த சடுதிமாற்றம் ஒரு குறிப்பிட்ட வெப்பநிலைகளில் மட்டும் தொன்னூத்தி எட்டு டிகிரி பாரன்ஹீட்டிற்கும் குறைவாக செயல்படக்கூடியதாகும்.
/home/vijay/Desktop/All_Files/ALL_TTS/DIS_Vector_Embedding_Integration/Data/Tamil_Female/wav/train_tamilfemale_01895.wav	Tamil_Female	சிலர் சிவனை பரம் பொருள் என்றும் வேறு சிலர் சூரியன் அக்கினி சந்திரன் ஆகியோரை சக்தி படைத்தவர்கள் என்றும் எண்ணி விட்டார்கள்.
/home/vijay/Desktop/All_Files/ALL_TTS/DIS_Vector_Embedding_Integration/Data/Tamil_Female/wav/train_tamilfemale_02035.wav	Tamil_Female	மாலையணிந்து விரதமிருந்து பாதயாத்திரை வரும் பக்தர்கள் ஏராளமானோர் காவடி எடுத்தும் அலகு குத்தியும் அங்கு மற்றும் அடிப்பிரதட்சணம் செய்யும் தங்கள் நேர்த்திக்கடனை செலுத்துவர்.
/home/vijay/Desktop/All_Files/ALL_TTS/DIS_Vector_Embedding_Integration/Data/Tamil_Female/wav/train_tamilfemale_01948.wav	Tamil_Female	ஒரு கைபேசி மற்றும் ஒரு ஹேண்ட்ஸ்ஃப்ரீ தலையணி ஆகியவற்றுக்கிடையே ஆன கம்பியில்லா கட்டுப்பாடு மற்றும் தகவல்தொடர்பு.
/home/vijay/Desktop/All_Files/ALL_TTS/DIS_Vector_Embedding_Integration/Data/Tamil_Female/wav/train_tamilfemale_01994.wav	Tamil_Female	இந்த நிலையில் ஆறுமுகச்சாமி என்ற புலவர் மற்றும் பல தமிழார்வலர்கள் சனிக்கிழமை கோவிலுக்குள் நுழைந்து திருவாசகத்தைப் பாடப் போவதாக அறிவித்தனர்.
/home/vijay/Desktop/All_Files/ALL_TTS/DIS_Vector_Embedding_Integration/Data/Tamil_Female/wav/train_tamilfemale_01969.wav	Tamil_Female	இதன் பொருள் உண்மையே பேசு கோபம் கொள்ளாதே.
/home/vijay/Desktop/All_Files/ALL_TTS/DIS_Vector_Embedding_Integration/Data/Tamil_Female/wav/train_tamilfemale_01901.wav	Tamil_Female	ஏனெனில் நீ இவர்களுக்கு வரம் அளித்திருக்கிறாய் அதனால் இவர்கள் இறக்க நீயேதானே வழி சொல்ல வேண்டும்.
/home/vijay/Desktop/All_Files/ALL_TTS/DIS_Vector_Embedding_Integration/Data/Tamil_Female/wav/train_tamilfemale_02060.wav	Tamil_Female	அவர்களில் அரண்மனை வைத்தியரான ஹகீம் ஜாலிம்கானும் ஒருவர் அவரும் பீர்பால் மீது பொறாமை கொண்ட மற்றவர்களும் பீர்பாலை சிக்கலில் ஆழ்த்த நல்லதொரு சந்தர்பத்தை எதிர் நோக்கியிருந்தனர்.
/home/vijay/Desktop/All_Files/ALL_TTS/DIS_Vector_Embedding_Integration/Data/Tamil_Female/wav/train_tamilfemale_02010.wav	Tamil_Female	குழந்தைக்கு சரியாக ஒன்பது எழுத்துக்கள் வரும் படி மோலிரீட்ஸ் எனப் பெயரிட்டுள்ளனர்.
/home/vijay/Desktop/All_Files/ALL_TTS/DIS_Vector_Embedding_Integration/Data/Tamil_Female/wav/train_tamilfemale_01999.wav	Tamil_Female	கொக்கு இனத்திலேயே மிக உயரமானது க்ரௌஞ்ச பக்ஷி.
/home/vijay/Desktop/All_Files/ALL_TTS/DIS_Vector_Embedding_Integration/Data/Tamil_Female/wav/train_tamilfemale_01899.wav	Tamil_Female	அப்போது விஷ்ணு தம் திவ்விய திருஷ்டியால் அந்த ராட்சஸர்கள் வரம் பெற்றதை அறிந்து கொண்டு அடடா இது தெரியாமல் இவர்களோடு சண்டை போட்டுக் கொண்டு இருந்து விட்டேனே.
/home/vijay/Desktop/All_Files/ALL_TTS/DIS_Vector_Embedding_Integration/Data/Tamil_Female/wav/train_tamilfemale_01957.wav	Tamil_Female	அது வளைத்தலாகும் உழிஞை உழிஞை முடக்காத்தான் என்னும் கொடிவகை.
/home/vijay/Desktop/All_Files/ALL_TTS/DIS_Vector_Embedding_Integration/Data/Tamil_Female/wav/train_tamilfemale_02074.wav	Tamil_Female	பணிவுடையன் இன்சொலன் ஆதல் ஒருவற்கு.
/home/vijay/Desktop/All_Files/ALL_TTS/DIS_Vector_Embedding_Integration/Data/Tamil_Female/wav/train_tamilfemale_02018.wav	Tamil_Female	துந்துபி என்னும் அரக்கனின் மகன் மாயாவிக்கும் வாலிக்கும் ஒரு பெண்ணின் காரணமாகத் தகராறு ஏற்பட்டது.
/home/vijay/Desktop/All_Files/ALL_TTS/DIS_Vector_Embedding_Integration/Data/Tamil_Female/wav/train_tamilfemale_02083.wav	Tamil_Female	அபிநந்தன் அதனைப் பிடித்து அறுத்துவிட முயன்று தோல்வியுற்றான்.
/home/vijay/Desktop/All_Files/ALL_TTS/DIS_Vector_Embedding_Integration/Data/Tamil_Female/wav/train_tamilfemale_01989.wav	Tamil_Female	வித்தைகள் அனைத்தும் அவனை நோக்கி ஓட்டமாய் ஓடிவந்து அடைக்கலமாயின வேதம் வேதாந்தம் புராணங்கள் ஸ்மிருதி காவியங்கள் சாஸ்திரங்கள் என அனைத்தும் கற்றுக்கொண்டான் சங்கரன்.
/home/vijay/Desktop/All_Files/ALL_TTS/DIS_Vector_Embedding_Integration/Data/Tamil_Female/wav/train_tamilfemale_01983.wav	Tamil_Female	இந்த கோவிலை கட்டியது சோம்னாத் என்னும் படைத் தளபதி.
/home/vijay/Desktop/All_Files/ALL_TTS/DIS_Vector_Embedding_Integration/Data/Tamil_Female/wav/train_tamilfemale_01944.wav	Tamil_Female	உடற்பயிற்சிக்கு முந்தைய அப்போதைய மற்றும் பிந்தைய கூடுதல் கார்போஹேட்ரேட் மற்றும் புரதம் ஆகியவை நீர் ஆவியாகும் நேரத்தையும் வேக மீட்பையும் அதிகரிக்கச் செய்கிறது.
/home/vijay/Desktop/All_Files/ALL_TTS/DIS_Vector_Embedding_Integration/Data/Tamil_Female/wav/train_tamilfemale_01923.wav	Tamil_Female	சமச்சீர் பரிமாற்றம் எனப்படுகின்ற அவை தங்கள் நிலையைப் பரிமாறிக்கொள்வதற்கான சாத்தியக்கூறுகளையும் கருத்தில் கொண்டே நிகழ்தகவு வீச்சுகள் கணக்கிடப்பட வேண்டும்.
/home/vijay/Desktop/All_Files/ALL_TTS/DIS_Vector_Embedding_Integration/Data/Tamil_Female/wav/train_tamilfemale_02068.wav	Tamil_Female	இல்லை பிரபு நான் அவற்றைச் சொல்லவில்லை என்று பீர்பல் சொல்ல அப்படியானால் ரோஜாச் செடிகளின் உள்ளே மறைந்திருக்கும் பாம்புகளைக் குறிப்பிடுகிறாயா என்று அக்பர் கேட்டார்.
/home/vijay/Desktop/All_Files/ALL_TTS/DIS_Vector_Embedding_Integration/Data/Tamil_Female/wav/train_tamilfemale_02022.wav	Tamil_Female	சைத்ர மாதத்தின் முதல் நாள் தான் பிரம்மன் உலகத்தை படைத்ததாக பிரம்ம புராணத்தில் கூறப்பட்டுள்ளது.
/home/vijay/Desktop/All_Files/ALL_TTS/DIS_Vector_Embedding_Integration/Data/Tamil_Female/wav/train_tamilfemale_02052.wav	Tamil_Female	அப்போது கிராமத்து மக்கள் திரளாக வந்து அவருடைய பிரசங்கத்தைக் கேட்டு உள்ளம் சிலிர்ப்பார்கள்.
/home/vijay/Desktop/All_Files/ALL_TTS/DIS_Vector_Embedding_Integration/Data/Tamil_Female/wav/train_tamilfemale_01980.wav	Tamil_Female	விவேக பாதை ஆத்ம ஞானத்தை கோடிட்டுக் காட்டுகிறது.
/home/vijay/Desktop/All_Files/ALL_TTS/DIS_Vector_Embedding_Integration/Data/Tamil_Female/wav/train_tamilfemale_02021.wav	Tamil_Female	தன் பெற்றோரை வணங்கிய கடோத்கஜன் நான் தனியாக வசிக்க விரும்புகிறேன்.
/home/vijay/Desktop/All_Files/ALL_TTS/DIS_Vector_Embedding_Integration/Data/Tamil_Female/wav/train_tamilfemale_02043.wav	Tamil_Female	பாராக்களில் லைன் ஸ்பேசிங் பராக்களில் வரிகளுக்கு இடையேயான இடைவெளியை ஸ்பேஸ் அமைத்திட சுருக்கு வழி விசைகள் உள்ளன.
/home/vijay/Desktop/All_Files/ALL_TTS/DIS_Vector_Embedding_Integration/Data/Tamil_Female/wav/train_tamilfemale_01954.wav	Tamil_Female	வண்டுகள் கைக்கிளைக் குரலாக செவ்வழிப்பண் பாடின.
/home/vijay/Desktop/All_Files/ALL_TTS/DIS_Vector_Embedding_Integration/Data/Tamil_Female/wav/train_tamilfemale_02063.wav	Tamil_Female	அங்கு தலை வெட்டப்பட்டு கிடக்கும் சிறுவனைப் பார்த்து சிவனாரிடம் இப்படிச் செய்து விட்டீர்களே நம் மகனையே கொன்றுவிட்டீர்களே என்று கண்ணீர் வடித்துக் கதறினாள்.
/home/vijay/Desktop/All_Files/ALL_TTS/DIS_Vector_Embedding_Integration/Data/Tamil_Female/wav/train_tamilfemale_02013.wav	Tamil_Female	அந்தப் விநோதமான மிருகத்தைப் பற்றி தெரிந்து கொள்ள நான் மிகவும் ஆர்வமாக இருந்தேன்.
/home/vijay/Desktop/All_Files/ALL_TTS/DIS_Vector_Embedding_Integration/Data/Tamil_Female/wav/train_tamilfemale_02038.wav	Tamil_Female	உலகிலேயே மிகக் குறுகிய தூரத்தைக் கொண்ட சர்வதேச விமானம் எது தெரியுமா ஐரோப்பாவிலுள்ள ஜிப்ரால்டார் நாட்டிலிருந்து அமெரிக்காவில் உள்ள டான்ஜியெர் நாட்டுக்கு செல்லும் விமானம் தான்.
/home/vijay/Desktop/All_Files/ALL_TTS/DIS_Vector_Embedding_Integration/Data/Tamil_Female/wav/train_tamilfemale_02064.wav	Tamil_Female	பிறகு அவன் லோபாமுத்திரையை பார்த்து அம்மா தங்கள் கையால் எனக்கு ஒரு விள்ளல் இட்லி கொடுங்கள்.
/home/vijay/Desktop/All_Files/ALL_TTS/DIS_Vector_Embedding_Integration/Data/Tamil_Female/wav/train_tamilfemale_01893.wav	Tamil_Female	நீங்கள் ஆதிபரா சக்தி தான் எல்லா சக்திகளின் மூல காரணம் என்கிறீர்கள் உண்மை என்ன என்பதை விளக்குவீர்களா என்று கேட்டனர்.
/home/vijay/Desktop/All_Files/ALL_TTS/DIS_Vector_Embedding_Integration/Data/Tamil_Female/wav/train_tamilfemale_02069.wav	Tamil_Female	எதற்கும் அவரை சந்திப்பது என்று முடிவுக்கு வந்தாள் மறுநாள் கிழவி தயங்காமல் தர்பாருக்கே சென்று விட்டாள்.
