/home/vijay/Desktop/All_Files/ALL_TTS/DIS_Vector_Embedding_Integration/Data/Telugu_Male/wav/te_m_finance_02534.wav	Telugu_Male	పన్ను వసూలు చేయడం, దానిని ప్రభుత్వ ఖాతాలో జమ చేయడం ఎంత ముఖ్యమో, రిటర్న్ లు  దాఖలు చేయడం అంతే ముఖ్యమన్నారు.
/home/vijay/Desktop/All_Files/ALL_TTS/DIS_Vector_Embedding_Integration/Data/Telugu_Male/wav/te_m_politics_02738.wav	Telugu_Male	ఆఫ్ఘన్‌తో  సయోధ్య కోసం అమెరికా నియమించిన ప్రత్యేక ప్రతినిధి జల్మే ఖలిల్జాద్, తాలిబన్ నేత ముల్లా అబ్దుల్ ఘని బర్దార్ ఒప్పందంపై సంతకాలు చేశారు.
/home/vijay/Desktop/All_Files/ALL_TTS/DIS_Vector_Embedding_Integration/Data/Telugu_Male/wav/te_m_politics_02808.wav	Telugu_Male	ప్రస్తుత పీఠాధిపతి వేంకట దాసు నాలుగో పీఠాధిపతి గోవిందయ్య జ్యేష్ట పుత్రులు, రాకమచర్ల కీర్తనలను విరివిగా ప్రచారం చేస్తున్నారు.
/home/vijay/Desktop/All_Files/ALL_TTS/DIS_Vector_Embedding_Integration/Data/Telugu_Male/wav/te_m_general_00968.wav	Telugu_Male	పర్భానీ, నాసిక్, పూణే, ఔరంగాబాద్ నుండి ప్రతి రోజూ రాష్ట్ర రోడ్డు రవాణా సంస్థ బస్సులు ఔంధా నాగనాథ్ కు నడుస్తుంటాయి.
/home/vijay/Desktop/All_Files/ALL_TTS/DIS_Vector_Embedding_Integration/Data/Telugu_Male/wav/te_m_finance_00778.wav	Telugu_Male	చెన్నై అత్యధిక పారితోషికం తీసుకునే నటుల్లో ఒకరైన తలపతి విజయ్పై ఆదాయ పన్ను ఎగవేత కేసుకు సంబంధించి విచారణ ప్రారంభం కానున్నది
/home/vijay/Desktop/All_Files/ALL_TTS/DIS_Vector_Embedding_Integration/Data/Telugu_Male/wav/te_m_politics_03532.wav	Telugu_Male	వెల్టూరు గ్రామంలోని డైరెక్టర్ పదవి కోసం టీఆర్ఎస్ నాయకులు, సర్పంచ్ శ్రీనివాస్ రెడ్డి ఆధ్వర్యంలో ప్రచారం నిర్వహించారు.
/home/vijay/Desktop/All_Files/ALL_TTS/DIS_Vector_Embedding_Integration/Data/Telugu_Male/wav/te_m_politics_03177.wav	Telugu_Male	మాధవ్ గాడ్గిల్ కమిటీపై రాష్ట్రాల నుంచి వ్యతిరేకత రావడంతో 1926 లో అప్పటి పర్యావరణ మంత్రి జయంతి నటరాజన్ అంతరిక్ష శాస్త్రవేత్త కస్తూరి రంగన్ నేతృత్వంలో మరో కమిటీని నియమించారు.
/home/vijay/Desktop/All_Files/ALL_TTS/DIS_Vector_Embedding_Integration/Data/Telugu_Male/wav/te_m_finance_00538.wav	Telugu_Male	ఇక ఈపీఎఫ్ కింద వచ్చే ఉద్యోగులు నేషనల్ పెన్షన్ స్కీమ్ ‌కు  మారేలా ఉన్న ప్రొవిజన్ ‌కు  కేంద్రం గుడ్ బై చెప్పినట్లు సమాచారం.
/home/vijay/Desktop/All_Files/ALL_TTS/DIS_Vector_Embedding_Integration/Data/Telugu_Male/wav/te_m_education_02953.wav	Telugu_Male	ఐతే ప్రస్తుతానికి సివోవోగా శిభులాల్ యాదవ్ ‌ని  అప్పుడే మార్చేది లేనిది ఏవిషయం ఇన్ఫోసిస్ టెక్నాలజీస్ స్పష్టమైన ప్రకటన ఇవ్వలేదు.
/home/vijay/Desktop/All_Files/ALL_TTS/DIS_Vector_Embedding_Integration/Data/Telugu_Male/wav/te_m_weather_01338.wav	Telugu_Male	తొలి రోజు పీఏసీఎస్ వర్గల్, పీఏసీఎస్ కట్కూర్, పీఏసీఎస్ ములుగు, పీఏసీఎస్ పాలమాకుల సొసైటీలు మినహా అన్ని సొసైటీల్లో నామినేషన్లు దాఖలైనట్లు డీసీవో మనోజ్కుమార్ తెలిపారు.
/home/vijay/Desktop/All_Files/ALL_TTS/DIS_Vector_Embedding_Integration/Data/Telugu_Male/wav/te_m_education_00383.wav	Telugu_Male	జగ్గీ శివాసని, రాజేశ్వర్ తివారి, అజయ్ ఖారె, రాజు, దేబబ్రత మజుందార్, సుమిత్ ముఖర్జీలతో కూడిన భారత పురుషుల జట్టు సింగపూర్ చేతిలో ఓడిపోయింది.
/home/vijay/Desktop/All_Files/ALL_TTS/DIS_Vector_Embedding_Integration/Data/Telugu_Male/wav/te_m_weather_02589.wav	Telugu_Male	బచ్చిరుద్ది, పాండే, జ్యోతి మియా కృతజ్ఞతతో పెదవులు సాగదీసి నవ్వుతూ, అల్లావీ, కాళీమాతవీ అనుగ్రహాలు ఇద్దరు బాబులకీ లభించాలని ప్రార్థించారు.
/home/vijay/Desktop/All_Files/ALL_TTS/DIS_Vector_Embedding_Integration/Data/Telugu_Male/wav/te_m_weather_02548.wav	Telugu_Male	మరువం దవనం, మల్లెచెండ్లు మేల్కొల్పిన వెచ్చని తొలివేసవి జాగృతి అంటూ రుతువు ఆరంభంలోని కొత్తదనాన్ని,హాయినీ తెచ్చేవి మల్లెలనీ చెప్పకనే చెప్పారాయన.
/home/vijay/Desktop/All_Files/ALL_TTS/DIS_Vector_Embedding_Integration/Data/Telugu_Male/wav/te_m_politics_02368.wav	Telugu_Male	చంచల్గూడ జైలులో తాత్కాలికంగా ఏర్పాటు చేసిన డెజిగ్నేటెడ్ ప్రత్యేక న్యాయస్థా నం న్యాయమూర్తి శ్రీనివాస‌రావు ఈ కేసులో ఇద్దరు నిందితులను దోషులుగా తేల్చి మరో ఇద్దరిని నిర్దోషులుగా ప్రకటించారు.
/home/vijay/Desktop/All_Files/ALL_TTS/DIS_Vector_Embedding_Integration/Data/Telugu_Male/wav/te_m_health_01439.wav	Telugu_Male	దీనికి గాను అమిత్ గుప్తా గత అక్టోబర్ ‌లో  తనకు ఎముక మూల మార్పిడి కోసం ఎవరైనా దాత కావాలని మైక్రో బ్లాగింగ్ వెబ్సైట్ ట్విట్టర్లో పేర్కోన్నారు.
/home/vijay/Desktop/All_Files/ALL_TTS/DIS_Vector_Embedding_Integration/Data/Telugu_Male/wav/te_m_other_02283.wav	Telugu_Male	తక్కిన వాళ్లందరూ బాగున్నారు, మనమే దౌర్భాగ్యుల మనుకునే మన ధోరణి ఎలా వుంటుందో గంగాధర్ గాడ్గీళ్ అనే ఆయన 'బండోపంత్ లాటరీ టిక్కెట్టు' అనే కథలో బాగా చెప్పారు.
/home/vijay/Desktop/All_Files/ALL_TTS/DIS_Vector_Embedding_Integration/Data/Telugu_Male/wav/te_m_politics_02834.wav	Telugu_Male	అంతటి చరిత్ర ఉన్న భాగమతి పేరును, సున్నితమైన పేరును, అనుష్క ప్రధాన పాత్రలో వస్తున్న ఓ హర్రర్ సినిమాకు ఎందుకు పెట్టారో అర్థంకాని ప్రశ్నే.
/home/vijay/Desktop/All_Files/ALL_TTS/DIS_Vector_Embedding_Integration/Data/Telugu_Male/wav/te_m_finance_02579.wav	Telugu_Male	హనీ ట్రాక్ పేరుతో డబ్బు ఉన్న వాళ్లకి అమ్మాయిలను ఎరగా వేసి తీయని గొంతుతో భారీగా డబ్బులు కాజేస్తున్న ముఠాలు ఈ మధ్య కాలంలో దేశంలో ఎక్కువైపోయాయి.
/home/vijay/Desktop/All_Files/ALL_TTS/DIS_Vector_Embedding_Integration/Data/Telugu_Male/wav/te_m_finance_00537.wav	Telugu_Male	అదే సమయంలో రాష్ట్ర ప్రభుత్వాలు వ్యాలూ యాడెడ్ ట్యాక్స్, సేల్స్ ట్యాక్స్, ఎంటర్టైన్మెంట్ ట్యాక్స్, ఆక్ట్రాయ్, ఎంట్రీ ట్యాక్స్, కొనుగోలు పన్ను, లగ్జరీ ట్యాక్స్, లాటరీలు, జూదపు ఆటలపై పన్నులు విధిస్తున్నాయి.
/home/vijay/Desktop/All_Files/ALL_TTS/DIS_Vector_Embedding_Integration/Data/Telugu_Male/wav/te_m_general_00438.wav	Telugu_Male	సాంఘిక నిర్మాణం సామాజిక వ్యవస్థల వ్యవస్థీకృత సమితి మరియు వ్యవస్థీకృత సంబంధాల ఆకృతులు కలిసి పనిచేస్తాయి.
/home/vijay/Desktop/All_Files/ALL_TTS/DIS_Vector_Embedding_Integration/Data/Telugu_Male/wav/te_m_politics_03478.wav	Telugu_Male	హైద్రాబాద్ నుండి గోపాలపురం వెళ్తున్న లారీ స్థానిక రాష్ట్రీయ చెక్ పోస్టు వద్ద వాహన పత్రాలను చూపించేందుకు ఆగడం జరిగింది.
/home/vijay/Desktop/All_Files/ALL_TTS/DIS_Vector_Embedding_Integration/Data/Telugu_Male/wav/te_m_agri_01484.wav	Telugu_Male	చందర్లపాడు మండలం పొక్కునూరు గ్రామానికి చెందిన నాగుల్ మీరా అనే రైతు తహసిల్దార్ ఆఫీసు ఎదుట పురుగు మందు డబ్బాతో తిరుగుతూ కనిపించాడు
/home/vijay/Desktop/All_Files/ALL_TTS/DIS_Vector_Embedding_Integration/Data/Telugu_Male/wav/te_m_weather_01849.wav	Telugu_Male	ఈ కార్యక్రమంలో భాగంగా ఓ మై గాడ్ డాడీ పాటను రోల్రైడా, రాహుల్ నంబియార్, ప్రణవ్, సాకేత్లతో పాటు, సింగపూర్‌కు చెందిన లేడీ ర్యాపర్లు లైవ్ పాడి ప్రేక్షకులను అలరించారు.
/home/vijay/Desktop/All_Files/ALL_TTS/DIS_Vector_Embedding_Integration/Data/Telugu_Male/wav/te_m_education_03589.wav	Telugu_Male	అంతేకాదు, ప్రముఖ పాత్రికేయుడు రాజ్ ‌దీప్ సర్దేశాయ్ తో కూడా కేసీఆర్ చాలాసేపు చర్చలు జరిపినట్టు తెలుస్తోంది.
/home/vijay/Desktop/All_Files/ALL_TTS/DIS_Vector_Embedding_Integration/Data/Telugu_Male/wav/te_m_finance_00384.wav	Telugu_Male	మారే స్టెన్బర్న్, జూయ్ డెస్చానెల్ , బాబ్ న్యూహార్ట్ , ఎడ్ అస్నర్, మరియు ఆండీ రిచ్‌టర్ కూడా నటించారు.
/home/vijay/Desktop/All_Files/ALL_TTS/DIS_Vector_Embedding_Integration/Data/Telugu_Male/wav/te_m_politics_01547.wav	Telugu_Male	మోడీ ప్రసంగం తర్వాత వేదికపై వచ్చిన చైనా విదేశాంగ ప్రతినిధి హువా చున్యింగ్ ప్రధాని మోడీపై ప్రశంసలు కురిపించారు.
/home/vijay/Desktop/All_Files/ALL_TTS/DIS_Vector_Embedding_Integration/Data/Telugu_Male/wav/te_m_other_02483.wav	Telugu_Male	చిత్ర సీమ లో ఎంతో ప్రతిష్టాత్మకంగా భావించే నంది అవార్డులను ఆంధ్రప్రదేశ్ ప్రభుత్వం ప్రకటించింది.
/home/vijay/Desktop/All_Files/ALL_TTS/DIS_Vector_Embedding_Integration/Data/Telugu_Male/wav/te_m_politics_00938.wav	Telugu_Male	మాజీ ముఖ్యమంత్రి దివంగత వైఎస్ రాజశేఖర్ రెడ్డి వర్ధంతి సందర్భంగా ఆయన అర్ధాంగి వైఎస్ విజయమ్మ మీడియాకు ప్రత్యేక ఇంటర్వ్యూ ఇచ్చారు.
/home/vijay/Desktop/All_Files/ALL_TTS/DIS_Vector_Embedding_Integration/Data/Telugu_Male/wav/te_m_education_00388.wav	Telugu_Male	ఆప్ క క్యా కర్తే జీ, ఆప్ కా హిస్సా భీ ఆప్కో యాద్ కర్తేహుయే ఖాలియే.
/home/vijay/Desktop/All_Files/ALL_TTS/DIS_Vector_Embedding_Integration/Data/Telugu_Male/wav/te_m_weather_02468.wav	Telugu_Male	రెండేళ్లనాటి ఫైనల్ పోరును గుర్తు చేసే విధంగా ఆద్యంతం ఉత్కంఠ భరితంగా సాగుతుందన్న అంచనాలను తలకిందులు చేస్తూ వరస గేమ్లలో అలవోకగా గెలిచి తన చాంపియన్ కలను సాకారం చేసుకుంది.
/home/vijay/Desktop/All_Files/ALL_TTS/DIS_Vector_Embedding_Integration/Data/Telugu_Male/wav/te_m_health_03068.wav	Telugu_Male	ఏ స్ట్రోక్ నైనా ఒక గూఢ లిపి స్ట్రోక్గా మార్చే ముందు, స్ట్రోక్ బృందం స్ట్రోక్ యొక్క సాధారణ మరియు అసాధారణ కారణాల కోసం శోధిస్తుంది.
/home/vijay/Desktop/All_Files/ALL_TTS/DIS_Vector_Embedding_Integration/Data/Telugu_Male/wav/te_m_finance_01394.wav	Telugu_Male	దయచేసి ఏమీ అనుకోవద్దు కష్టపడి వడ్డీతో సహా మీ బాకీ తీరుస్తాను" అని నమ్రతతో చెప్పి డబ్బు తీసుకొని అప్పుపత్రం రాసిచ్చాడు వీరయ్య.
/home/vijay/Desktop/All_Files/ALL_TTS/DIS_Vector_Embedding_Integration/Data/Telugu_Male/wav/te_m_weather_02368.wav	Telugu_Male	శరవేగంగా చిత్రీకరణ పూర్తి చేసి మేలో ఈ సినిమాని విడుదల చేయనున్నట్లు చిత్ర యూనిట్ పేర్కొన్నది.
/home/vijay/Desktop/All_Files/ALL_TTS/DIS_Vector_Embedding_Integration/Data/Telugu_Male/wav/te_m_politics_00774.wav	Telugu_Male	దీంతో ఓటింగ్ సరళిని చూసుకుని ప్రధాన పార్టీల అభ్యర్థులు, గెలుపు తమదంటే తమదంటూ కాన్ఫిడెంట్‌గా  చెబుతున్నారు.
/home/vijay/Desktop/All_Files/ALL_TTS/DIS_Vector_Embedding_Integration/Data/Telugu_Male/wav/te_m_education_02845.wav	Telugu_Male	పానీయం లో ఫాస్ఫారిక్ ఆమ్లం మరియు సిట్రిక్ ఆమ్లం యొక్క కంటెంట్ జీర్ణ వాహిక సమస్యలకు దారితీస్తుంది.
/home/vijay/Desktop/All_Files/ALL_TTS/DIS_Vector_Embedding_Integration/Data/Telugu_Male/wav/te_m_politics_02878.wav	Telugu_Male	మనీ లాండరింగ్ కేసులో ఆరోపణలు ఎదుర్కొంటూ, గత వారం రోజులుగా అఙ్ఞాతంలో ఉన్న రొటోమాక్ చీఫ్ విక్రమ్ కొటారిని ఎట్టకేలకు సీబీఐ అధికారులు అరెస్ట్ చేశారు.
/home/vijay/Desktop/All_Files/ALL_TTS/DIS_Vector_Embedding_Integration/Data/Telugu_Male/wav/te_m_agri_03089.wav	Telugu_Male	పొదిలి పెద్ద చెరువును ఎస్ఎస్ ట్యాంక్ గా  మార్పించి అక్కడ కూడా నీటి సమస్య పరిష్కరిస్తా అని హామీ ఇచ్చారు.
/home/vijay/Desktop/All_Files/ALL_TTS/DIS_Vector_Embedding_Integration/Data/Telugu_Male/wav/te_m_health_00777.wav	Telugu_Male	ప్రథమ చికిత్స అయిన తర్వాత అతనిని మెరుగైన చికిత్స కోసం లక్నో లోని హాస్పిటల్ కు తరలించడం జరిగింది.
/home/vijay/Desktop/All_Files/ALL_TTS/DIS_Vector_Embedding_Integration/Data/Telugu_Male/wav/te_m_other_00864.wav	Telugu_Male	బ్లాక్బెర్రీ కర్వ్ మాదిరే మార్కెట్లోకి హెచ్టిసి విండోస్ స్మార్ట్ఫోన్ 'హెచ్టిసి స్నాప్' ని విడుదల చేస్తుంది.
/home/vijay/Desktop/All_Files/ALL_TTS/DIS_Vector_Embedding_Integration/Data/Telugu_Male/wav/te_m_education_00998.wav	Telugu_Male	గ్రామీణ ప్రాంతాల్లో రైతాంగం ఎదుర్కొంటున్న ఇబ్బందులపై వస్తున్న విమర్శలు దృష్టిలో ఉంచుకుని రాష్ట్రంలోని గ్రామీణులకు క్యాష్లెస్ లావాదేవీల్లో శిక్షణ ప్రారంభించారు.
/home/vijay/Desktop/All_Files/ALL_TTS/DIS_Vector_Embedding_Integration/Data/Telugu_Male/wav/te_m_finance_00998.wav	Telugu_Male	వారికి ఎక్కడ నుంచి ఆదాయం వస్తోంది,ఎలా ఆ ఆదాయాన్ని ఖర్చుచేస్తున్నా రు
/home/vijay/Desktop/All_Files/ALL_TTS/DIS_Vector_Embedding_Integration/Data/Telugu_Male/wav/te_m_politics_00433.wav	Telugu_Male	పట్టణం చుట్టూ ఉన్న చాలామంది పురుషులు మరియు మహిళలు నిస్సందేహంగా ఒక ప్రాజెక్ట్ కోసం తారాగణం చేస్తున్న పాత్రల గురించి నిస్సందేహంగా ఉన్నారు.
/home/vijay/Desktop/All_Files/ALL_TTS/DIS_Vector_Embedding_Integration/Data/Telugu_Male/wav/te_m_politics_03639.wav	Telugu_Male	ఇక ఆ జట్టు విదేశ్ ఆల్ రౌండర్ అయిన మార్కస్ స్టయినిస్ స్వదేశం కి వెళ్లిపోవడం తో అతని స్థానం లో షిమ్రాన్ హెట్ మేయర్ ఆడే అవకాశం ఉంది.
/home/vijay/Desktop/All_Files/ALL_TTS/DIS_Vector_Embedding_Integration/Data/Telugu_Male/wav/te_m_education_02384.wav	Telugu_Male	ఈ దశలో భజ్జీని టార్గెట్ చేసి మన్రో వరుస బౌండ్రీలతో రెచ్చి పోయాడు.
/home/vijay/Desktop/All_Files/ALL_TTS/DIS_Vector_Embedding_Integration/Data/Telugu_Male/wav/te_m_health_00334.wav	Telugu_Male	మా అబ్బాయికి కూడా ఓసారి జ్వరం వస్తే మా అమ్మ ఉస్మాన్ బీబీని తలుచుకుని, మా చిన్నప్పటి విషయాలను మా బాబుకి చెప్పేది.
/home/vijay/Desktop/All_Files/ALL_TTS/DIS_Vector_Embedding_Integration/Data/Telugu_Male/wav/te_m_education_00986.wav	Telugu_Male	అలాంటి సీమాన్ సీఎం వైయస్ జగన్ ను పొగడ్తలతో ముంచెత్తడంపై తమిళ రాజకీయాల్లో ఆసక్తికర చర్చ జరుగుతోంది
/home/vijay/Desktop/All_Files/ALL_TTS/DIS_Vector_Embedding_Integration/Data/Telugu_Male/wav/te_m_politics_03134.wav	Telugu_Male	మెట్రో భూములపై ఘాటుగా స్పందించిన తెదేపా ఎమ్మెల్యే రేవంత్ రెడ్డికి పరువు నష్టం దావా నోటీసులు జారీ అయ్యాయి.
/home/vijay/Desktop/All_Files/ALL_TTS/DIS_Vector_Embedding_Integration/Data/Telugu_Male/wav/te_m_agri_01880.wav	Telugu_Male	పాలేన్క్‌యూ, చియపాస్ యొక్క క్లాసిక్ మాయా ప్రదేశంలో నీటి నిర్వహణ ద్వారా ఖాళీలు సృష్టించవచ్చు
/home/vijay/Desktop/All_Files/ALL_TTS/DIS_Vector_Embedding_Integration/Data/Telugu_Male/wav/te_m_health_01373.wav	Telugu_Male	"మైఖేల్ జోక్యం తరువాత ప్రజలు దీర్ఘకాలిక నొప్పి నుండి తక్షణం నయం చేశాడని నేను చూశాను," మేధావి మైఖేల్స్ యొక్క అద్భుతాల గురించి వివేకం వ్రాస్తుంది.
/home/vijay/Desktop/All_Files/ALL_TTS/DIS_Vector_Embedding_Integration/Data/Telugu_Male/wav/te_m_agri_00728.wav	Telugu_Male	పోలిఅంతం అనేది శ్వేతజాతి మద్దతు, కత్తిరింపు మరియు పువ్వులు శీతాకాలంలో పింక్ వికసిస్తుంది, ఇది ఇంట్లో పెరిగే మొక్కల ప్రపంచంలో అరుదుగా ఉంటుంది
/home/vijay/Desktop/All_Files/ALL_TTS/DIS_Vector_Embedding_Integration/Data/Telugu_Male/wav/te_m_finance_01684.wav	Telugu_Male	ఉద్యోగుల భవిష్య నిధి ఈపీఎఫ్ ‌పై  ఇచ్చే వడ్డీ రేటును పెంచినట్లు ఈపీఎఫ్ఓ బుధవారం ప్రకటించింది.
/home/vijay/Desktop/All_Files/ALL_TTS/DIS_Vector_Embedding_Integration/Data/Telugu_Male/wav/te_m_agri_00393.wav	Telugu_Male	మీరు నీటి వనరుని కలిగి ఉన్నట్లు ఊహిస్తూ, పొడిగా ఉన్న స్పోర్ట్స్ డ్రింక్ మిశ్రమాన్ని కొనుగోలు చేసి, నీటితో కలపండి
/home/vijay/Desktop/All_Files/ALL_TTS/DIS_Vector_Embedding_Integration/Data/Telugu_Male/wav/te_m_agri_00881.wav	Telugu_Male	కాలీఫ్లవర్ చెదిరిపోయే మూలకాలను కలిగి ఉండదు నేను చెప్పాను అది మూర్ఖంగా ఉంది, కాబట్టి పీట్ లేదా పేపర్ కుండలు సిఫారసు చేయబడ్డాయి
/home/vijay/Desktop/All_Files/ALL_TTS/DIS_Vector_Embedding_Integration/Data/Telugu_Male/wav/te_m_other_00893.wav	Telugu_Male	కంగ్టి సంగారెడ్డి జిల్లా:కంగ్టి మండలం సిద్ధహంగిర్ల శివారులో ఆదివారం పోలీసులు దాడులు జరిపారు.వ్యవసాయ క్షేత్రాల్లో సాగుచేసిన గంజాయి తోటలను పోలీసులు ధ్వంసం చేశారు.
/home/vijay/Desktop/All_Files/ALL_TTS/DIS_Vector_Embedding_Integration/Data/Telugu_Male/wav/te_m_politics_02882.wav	Telugu_Male	ఇన్నేండ్లుగా నిజాం దుర్మార్గుడు, నిరంకుశుడు అని వివిధ అభ్యుదయ, ప్రజాస్వామ్య, విప్లవ సంస్థలు విస్తృతంగా ప్రచారం చేశాయి.
/home/vijay/Desktop/All_Files/ALL_TTS/DIS_Vector_Embedding_Integration/Data/Telugu_Male/wav/te_m_politics_03528.wav	Telugu_Male	ఇండియాటుడే నిర్వహించిన కాన్ క్లేవ్ కార్యక్రమంలో రాజ్ దీప్ సర్ దేశాయి తో తెలంగాణ ముఖ్యమంత్రి కేసీఆర్ మాట్లాడుతూ భిన్న సంప్రదాయాల సమ్మేళనమే హైదరాబాద్ అని తెలిపారు.
/home/vijay/Desktop/All_Files/ALL_TTS/DIS_Vector_Embedding_Integration/Data/Telugu_Male/wav/te_m_health_02349.wav	Telugu_Male	ఒక ధూమ్ర మహిళ యొక్క చర్మం పొడి, నిస్తేజంగా మరియు ఆక్సిజన్ ఆకలి కారణంగా ముడుతలకు గురవుతుంది.
/home/vijay/Desktop/All_Files/ALL_TTS/DIS_Vector_Embedding_Integration/Data/Telugu_Male/wav/te_m_politics_03713.wav	Telugu_Male	స్థానిక నివాసితులు ప్రాబల్యం దండేవిల్స్‌తో సంభవించే ప్రమాదాల్లో పెద్ద సంఖ్యలో "కన్టూ" "బ్లడ్ మౌంటైన్" పేరును, మరొక పేరును ఇచ్చారు.
/home/vijay/Desktop/All_Files/ALL_TTS/DIS_Vector_Embedding_Integration/Data/Telugu_Male/wav/te_m_health_02476.wav	Telugu_Male	శస్త్రచికిత్స సమయంలో, మీ సర్జన్ చెవి డ్రమ్ యొక్క గట్టిపడిన స్క్లెరోటిక్ భాగాలను తొలగిస్తుంది మరియు మధ్య చెవి ఎసిక్యులర్ గొలుసు యొక్క ఎముకలలో కూడా శస్త్రచికిత్స చేయవలసి ఉంటుంది.
/home/vijay/Desktop/All_Files/ALL_TTS/DIS_Vector_Embedding_Integration/Data/Telugu_Male/wav/te_m_education_02577.wav	Telugu_Male	తార్కిక పరిణామాలు అడ్లెర్యన్ సైకాలజీ యొక్క ఒక లక్షణం. ఇది జిమ్ ఫే, లవ్ అండ్ లాజిక్తో పేరెంటింగ్ సహ రచయితగా ప్రసిద్ధి చెందింది.
/home/vijay/Desktop/All_Files/ALL_TTS/DIS_Vector_Embedding_Integration/Data/Telugu_Male/wav/te_m_health_00878.wav	Telugu_Male	నెలసరికీ, నెలసరికీ మధ్యలో అకారణంగా రక్తస్రావం అవుతున్నా ఆ సమయంలో తీవ్రంగా వచ్చే నొప్పీ, జ్వరం వంటి లక్షణాలున్నా వైద్యులతో చెప్పాలి
/home/vijay/Desktop/All_Files/ALL_TTS/DIS_Vector_Embedding_Integration/Data/Telugu_Male/wav/te_m_general_00808.wav	Telugu_Male	"హిజ్బుల్లాహ్", తూర్పు లో దాని యోధులు సంఖ్య, తీవ్రవాద స్వభావం పాయింట్లు యూరోపియన్ దేశాల పౌర జనాభా తో యుద్ధం.
/home/vijay/Desktop/All_Files/ALL_TTS/DIS_Vector_Embedding_Integration/Data/Telugu_Male/wav/te_m_other_03237.wav	Telugu_Male	మాధవ్ మిశ్రాగా పంకజ్ త్రిపాఠి, ఆదిత్యగా విక్రాంత్ మస్సే, ఇందిరా మాథుర్గా మీతా వశిష్ట్, ముస్తఫాగా జాకీ ష్రాఫ్ నటించారు.
/home/vijay/Desktop/All_Files/ALL_TTS/DIS_Vector_Embedding_Integration/Data/Telugu_Male/wav/te_m_education_03326.wav	Telugu_Male	పేజీ సెటప్ విభాగంలో పేజీ లేఅవుట్ ట్యాబ్ ‌లో  బ్రేక్లు డ్రాప్ ‌డౌన్ మెను నుండి నిరంతర బ్రేక్ను ఎంచుకోండి.
/home/vijay/Desktop/All_Files/ALL_TTS/DIS_Vector_Embedding_Integration/Data/Telugu_Male/wav/te_m_education_03335.wav	Telugu_Male	ఈ వీడియో ఎన్నికలలో విజయానికి పనికి వచ్చింది కానీ ఎమ్జీయార్ యూత్ ‌ఫుల్ యిమేజ్కి దెబ్బ తగిలింది.
/home/vijay/Desktop/All_Files/ALL_TTS/DIS_Vector_Embedding_Integration/Data/Telugu_Male/wav/te_m_education_01808.wav	Telugu_Male	టాంజానియా, లైబీరియా, కెన్యా, దక్షిణ సూడాన్, నైజీరియా, కేప్ వెర్దెలాంటి దేశాల అధినేతలు ఆమెతో మాట్లాడేందుకు ఇంటర్వ్యూలు ఇచ్చేందుకు ముందుకు వచ్చారు.
/home/vijay/Desktop/All_Files/ALL_TTS/DIS_Vector_Embedding_Integration/Data/Telugu_Male/wav/te_m_education_00398.wav	Telugu_Male	ఇక బాడ్మింటన్ క్రీడాకారిణి సైనా నెహ్వాల్ బయోపిక్ కోసం బాడ్మింటన్ క్రీడలో శిక్షణ పొందుతున్నది.
/home/vijay/Desktop/All_Files/ALL_TTS/DIS_Vector_Embedding_Integration/Data/Telugu_Male/wav/te_m_politics_02349.wav	Telugu_Male	ఆ ఆ తెలుసు నువ్వు కప్పవి కప్పకి తగిన లక్షణాలు నీకున్నాయి.నేను రాజును కదా కాబట్టి నేను రాజులాగే ఉండాలి నీలాగా గెంతుతూ ఉంటే అందరూ నవ్వరూ? అన్నాడు రాజు.
/home/vijay/Desktop/All_Files/ALL_TTS/DIS_Vector_Embedding_Integration/Data/Telugu_Male/wav/te_m_health_00987.wav	Telugu_Male	నొప్పి చాలా బాధ పెడుతున్న కూడా పెయిన్ కిల్లర్ మందు వేసుకుంటూ షూటింగ్లో పాల్గోంటుంది.
/home/vijay/Desktop/All_Files/ALL_TTS/DIS_Vector_Embedding_Integration/Data/Telugu_Male/wav/te_m_education_00984.wav	Telugu_Male	ఇతర అలవాట్లు మరియు కస్టమ్స్ హౌస్ ష్రూ ఇతర జాతుల నుండి భిన్నంగా ఉన్నాయి.
/home/vijay/Desktop/All_Files/ALL_TTS/DIS_Vector_Embedding_Integration/Data/Telugu_Male/wav/te_m_education_02486.wav	Telugu_Male	క్రిమినల్ లా చట్టంతోపాటు స్పెషల్ కోర్ట్ ఫర్ స్పెసిఫైడ్ అఫెన్సెస్ అగెనెస్ట్ విమెన్ అండ్ చిల్డ్రన్ యాక్ట్ కి క్యాబినెట్ ఓకే చెప్పింది.
/home/vijay/Desktop/All_Files/ALL_TTS/DIS_Vector_Embedding_Integration/Data/Telugu_Male/wav/te_m_finance_01534.wav	Telugu_Male	మీరు మీ ఖాతాలోకి లాగిన్ అయినప్పుడు మీ స్కోర్లను మీరు చూడకపోతే, కేవలం ఒక వారం వేచి ఉండి మళ్ళీ వెబ్ ‌సైట్ ని తనిఖీ చేయండి.
/home/vijay/Desktop/All_Files/ALL_TTS/DIS_Vector_Embedding_Integration/Data/Telugu_Male/wav/te_m_politics_03382.wav	Telugu_Male	అప్పుడు కేవలం మండల స్థాయిలో చిత్రలేఖనం, క్విజ్, వక్తృత్వం, దేశభక్తి గీతాల ఆలాపన అనే అంశాలపై మాత్రమే చిన్నారులకు పోటీలు నిర్వహించారు.
/home/vijay/Desktop/All_Files/ALL_TTS/DIS_Vector_Embedding_Integration/Data/Telugu_Male/wav/te_m_politics_03467.wav	Telugu_Male	సీఎం కేసీఆర్ హామీ ఇచ్చి మూడేళ్లు దాటుతున్నా అతీగతీ లేదని ప్రశ్నించడంతో తెలంగాణ రాష్ట్ర సాంస్కృతిక సారథి, టీఆర్ఎస్ ఎమ్మెల్యే రసమయి బాలకిషన్ తదితరులు రాజకీయం చేస్తున్నారంటూ విమర్శలకు దిగుతూ వాగ్వాదం చేశారు.
/home/vijay/Desktop/All_Files/ALL_TTS/DIS_Vector_Embedding_Integration/Data/Telugu_Male/wav/te_m_finance_01778.wav	Telugu_Male	ఇక ఈక్విటీ మ్యూచువల్ ఫండ్ల విషయానికి వస్తే వీటిని మార్కెట్ లావాదేవీల్లో ఎంతో నైపుణ్యం ఉన్న నిపుణులు నిర్వహిస్తారు
/home/vijay/Desktop/All_Files/ALL_TTS/DIS_Vector_Embedding_Integration/Data/Telugu_Male/wav/te_m_education_00774.wav	Telugu_Male	అంతర్జాతీయ కేన్సర్ పరిశోధన సంస్థ ఐఏఆర్సీ కూడా గతంలో పొటాషియం బ్రొమేట్ కేన్సర్ కారకమని తెలిపింది.
/home/vijay/Desktop/All_Files/ALL_TTS/DIS_Vector_Embedding_Integration/Data/Telugu_Male/wav/te_m_politics_03248.wav	Telugu_Male	పోసాని కృష్ణ మురళి, థర్టీ ఇయర్స్ ఇండ్రస్ట్రీ ఫృథ్వీ అయితే కాస్త గట్టిగానే ప్రచారం చేశారు.
/home/vijay/Desktop/All_Files/ALL_TTS/DIS_Vector_Embedding_Integration/Data/Telugu_Male/wav/te_m_other_02843.wav	Telugu_Male	కాలువ మొత్తం సిల్టు పేరుకుపోయి, చాలాచోట్ల లైనింగ్ చెదిరిపోయి, గేట్లు, చానళ్లు అధ్వాన్న స్థితికి చేరి ఆయకట్టుకు నీరందని దుస్థితి నెలకొంది.
/home/vijay/Desktop/All_Files/ALL_TTS/DIS_Vector_Embedding_Integration/Data/Telugu_Male/wav/te_m_education_03428.wav	Telugu_Male	ఇజ్రాయెల్ జట్టుతో జరిగిన మ్యాచ్ ‌లో  మిడ్ ఫీల్డర్లు మసౌద్ షోజాయి, ఎహ్సాన్ హాజీ సఫీ వ్యవహార శైలికి గాను వారిద్దరిపై నిషేధించింది.
/home/vijay/Desktop/All_Files/ALL_TTS/DIS_Vector_Embedding_Integration/Data/Telugu_Male/wav/te_m_other_01489.wav	Telugu_Male	దీనిని చేనేత మీద ఆధునిక కాలంలో వచ్చిన తొలి కావ్యంగా, శ్రామికవర్గ సంస్కృతి నేపథ్యంలో వచ్చిన సమకాలీన సాహ్యితంగా పేర్కొన్నారు.
/home/vijay/Desktop/All_Files/ALL_TTS/DIS_Vector_Embedding_Integration/Data/Telugu_Male/wav/te_m_finance_02428.wav	Telugu_Male	జీఎస్టీ ఎక్స్‌ప్రెస్ లోన్ పథకం అమల్లోకి వస్తే జీఎస్టీని సక్రమంగా చెల్లించే వ్యాపారులకు బ్యాంకులు ఇకపై రెడ్ కార్పెట్ పరుస్తాయి.
/home/vijay/Desktop/All_Files/ALL_TTS/DIS_Vector_Embedding_Integration/Data/Telugu_Male/wav/te_m_education_03267.wav	Telugu_Male	వరంగల్ ఎమ్మెల్సి కొండా మురలి తన పదవికి రాజీనామ చేయగా నల్గోండ ,రంగారెడ్డి జిల్లాల ఎమ్మెల్సిలు కోమటిరెడ్డి రాజగోపాల్ రెడ్డి, పట్నం నరేందర్ రెడ్డిలు ఎమ్మెల్యేలుగా ఎన్నికయ్యారు.
/home/vijay/Desktop/All_Files/ALL_TTS/DIS_Vector_Embedding_Integration/Data/Telugu_Male/wav/te_m_politics_02739.wav	Telugu_Male	థాపర్తోపాటు బ్రెట్ట్ కావనాగ్, అమె కొనేయ్ బార్రెట్, రేమండ్ కేథ్లెడ్జ్‌లు ఈ పదవి కోసం పోటీ పడుతున్నారు.
/home/vijay/Desktop/All_Files/ALL_TTS/DIS_Vector_Embedding_Integration/Data/Telugu_Male/wav/te_m_agri_00578.wav	Telugu_Male	తోట లో, ఒక రేక్ ఉపయోగించి ప్రధాన పొడవులు చుట్టూ వృత్తాలు ఏర్పరుస్తాయి పొడవైన కమ్మీలు, తయారు
/home/vijay/Desktop/All_Files/ALL_TTS/DIS_Vector_Embedding_Integration/Data/Telugu_Male/wav/te_m_education_03579.wav	Telugu_Male	వాటిలో ముఖ్యమైనవి నట్మల్జీ కీ హవేలీ, సలీమ్ సింగ్ కీ హవేలీ, పట్వో కీ హవేలీ, మందిర్ ప్యాలెస్.
/home/vijay/Desktop/All_Files/ALL_TTS/DIS_Vector_Embedding_Integration/Data/Telugu_Male/wav/te_m_weather_01835.wav	Telugu_Male	వాఫ్ఫెల్ కాన్వాస్ కోసం పెరుగుతున్న గిరాకీ దాని అధిక నాణ్యత మరియు సాపేక్షంగా తక్కువ వ్యయంతో ఉంటుంది.
/home/vijay/Desktop/All_Files/ALL_TTS/DIS_Vector_Embedding_Integration/Data/Telugu_Male/wav/te_m_other_02533.wav	Telugu_Male	మెక్సికో ఉత్తరపు సరిహద్దును, అమెరికా దక్షిణ, నైఋతి సరిహద్దును కలుపుతూ అరిజోనా ఎడారి వ్యాపించి ఉంది.
/home/vijay/Desktop/All_Files/ALL_TTS/DIS_Vector_Embedding_Integration/Data/Telugu_Male/wav/te_m_weather_00885.wav	Telugu_Male	హిప్పోడ్రోం యొక్క భూభాగంలో ఒక కచేరీ బార్ "శివ్కాబుర్కి" ఉంది, ఇక్కడ మీరు స్కీయింగ్ తర్వాత మిమ్మల్ని రిఫ్రెష్ చేయవచ్చు.
/home/vijay/Desktop/All_Files/ALL_TTS/DIS_Vector_Embedding_Integration/Data/Telugu_Male/wav/te_m_other_00738.wav	Telugu_Male	గోడ మీద బల్లుందా, ఇంట్లో పిల్లుందా అని బుర్ర తినేస్తాడు రా బాబూ అంటూ కొందరిని తప్పించుకు తిరుగుతాం.
/home/vijay/Desktop/All_Files/ALL_TTS/DIS_Vector_Embedding_Integration/Data/Telugu_Male/wav/te_m_politics_01349.wav	Telugu_Male	సెల్ రేట్లు లింక్ నిరంతర మోడ్ లో ఐదు గంటల వద్ద దాని కార్డ్లెస్ ఫోన్ యొక్క ఆపరేషన్ సమయం.ఇది నేడు మార్కెట్లో ఉత్తమ సెల్ ఫోన్లకు అనుకూలంగా పోటీ చేస్తుంది.
/home/vijay/Desktop/All_Files/ALL_TTS/DIS_Vector_Embedding_Integration/Data/Telugu_Male/wav/te_m_education_02767.wav	Telugu_Male	కాంగ్రా ఫోర్ట్, జుబ్బల్ ప్యాలస్, నగ్గర్ కేజల్, కమరు ఫోర్ట్, గోండ్లా ఫోర్ట్, క్రైస్ట్ చర్చ్, చాప్స్లీ, వుడ్ విల్లా ప్యాలస్, చైల్ ప్యాలస్ వంటి ప్రదేశాల లో రాచరిక వైభవం చూడవచ్చు.
/home/vijay/Desktop/All_Files/ALL_TTS/DIS_Vector_Embedding_Integration/Data/Telugu_Male/wav/te_m_weather_01284.wav	Telugu_Male	కంబోడియా అతిపెద్ద ఆకర్షణల్లో ఒకటి ఇండో చైనీస్ ద్వీపకల్పంలో ఉన్న అతిపెద్ద మంచినీటి రిజర్వాయర్ సమీపంలో ఉంది. దీనిలో ఆంగ్కోర్ వాట్ ఆలయ ప్రాంగణంలో ఉంది.
/home/vijay/Desktop/All_Files/ALL_TTS/DIS_Vector_Embedding_Integration/Data/Telugu_Male/wav/te_m_finance_02597.wav	Telugu_Male	సంతులనం చెందారు లేకపోతే సెంట్రల్ బ్యాంక్ డబ్బు ముద్రిస్తుంది, అప్పుడు వారు సాధారణ వెదజల్లే, మిఠాయి చుట్టిన మారుతుందని
/home/vijay/Desktop/All_Files/ALL_TTS/DIS_Vector_Embedding_Integration/Data/Telugu_Male/wav/te_m_general_01577.wav	Telugu_Male	అంటే, దేశం బాగుంటే, అప్పుడే ముస్లింలు బాగుంటారని, ముస్లింలు బాగుంటే అప్పుడే దేశం బాగుంటుందని చెబుతూ వచ్చాం.
/home/vijay/Desktop/All_Files/ALL_TTS/DIS_Vector_Embedding_Integration/Data/Telugu_Male/wav/te_m_politics_02148.wav	Telugu_Male	"యాక్షన్థ్రిల్లర్" చరిత్ర స్పష్టపరిచే దృశ్యము వరకు సస్పెన్స్ లో పెట్టుకునే సామర్ధ్యాన్ని, ఎల్లప్పుడూ వీక్షకులు డిమాండ్ చేస్తారు
/home/vijay/Desktop/All_Files/ALL_TTS/DIS_Vector_Embedding_Integration/Data/Telugu_Male/wav/te_m_agri_00973.wav	Telugu_Male	అహ్మద్నగర్ జిల్లాకు చెందిన శ్రేయాస్ అభలే అనే రైతు సంగమనేర్ హోల్సేల్ మార్కెట్లో తాను పండించిన , కిలోల ఉల్లి పంటను కిలో రూపాయి చొప్పున అమ్మాడు
/home/vijay/Desktop/All_Files/ALL_TTS/DIS_Vector_Embedding_Integration/Data/Telugu_Male/wav/te_m_other_00385.wav	Telugu_Male	చిమ్నీ కుండల కోసం ఇతర పేర్లను చిమ్నీ స్టాక్, చిమ్నీ కెన్, మరియు ట్యూడర్ చిమ్నీ ఉన్నాయి.
/home/vijay/Desktop/All_Files/ALL_TTS/DIS_Vector_Embedding_Integration/Data/Telugu_Male/wav/te_m_agri_02783.wav	Telugu_Male	ఆ కొబ్బరి కాయ ముక్కలు స్పీడ్ తో వచ్చి అశ్విని వెళ్తున్న ఆటోకి తాకాయి.
/home/vijay/Desktop/All_Files/ALL_TTS/DIS_Vector_Embedding_Integration/Data/Telugu_Male/wav/te_m_finance_00583.wav	Telugu_Male	ఎస్‌బీఐ పెహ్లా కదమ్, పెహ్లి ఉడాన్ పొదుపు ఖాతాలతో మీ పిల్లలకు  పొదుపు అలవాటును ప్రారంభించండి.
/home/vijay/Desktop/All_Files/ALL_TTS/DIS_Vector_Embedding_Integration/Data/Telugu_Male/wav/te_m_education_01497.wav	Telugu_Male	యెవ్జెనీ తో కలిసిన తరువాత వారి జీవితాలను పూర్తిగా క్షీణించింది, మరియు "నాడుల" యొక్క ఒక సమూహం ఏర్పడింది.
/home/vijay/Desktop/All_Files/ALL_TTS/DIS_Vector_Embedding_Integration/Data/Telugu_Male/wav/te_m_health_02637.wav	Telugu_Male	విశాఖ నుండి నేరుగా హైద్రాబాద్ కు వచ్చిన జగన్ సిటి న్యూరో సెంటర్ ఆసుపత్రిలో చికిత్స తీసుకొన్నాడు.
/home/vijay/Desktop/All_Files/ALL_TTS/DIS_Vector_Embedding_Integration/Data/Telugu_Male/wav/te_m_education_03079.wav	Telugu_Male	ఈ పద్ధతి మారాలని, మారాలంటే నాఫ్టా ఒప్పందంలోని కొన్ని అంశాలపై మళ్లీ చర్చలు జరగాలని ఆమ్లో వాదిస్తూ వచ్చాడు
/home/vijay/Desktop/All_Files/ALL_TTS/DIS_Vector_Embedding_Integration/Data/Telugu_Male/wav/te_m_finance_00836.wav	Telugu_Male	సోవియట్ యూనియన్ మద్దతు మరియు లెనిన్ తో వ్యక్తిగతంగా స్నేహపూర్వక వాణిజ్య అమెరికన్ వ్యాపారవేత్త ఆర్మాండ్ హామర్, పుట్టుకకు కేటాయించిన డబ్బు భాగం
/home/vijay/Desktop/All_Files/ALL_TTS/DIS_Vector_Embedding_Integration/Data/Telugu_Male/wav/te_m_finance_00887.wav	Telugu_Male	అధిక శాతం బ్యాంకులు నెట్ వర్కింగ్ లీడ్, జావా లీడ్, ఐటీ మేనేజర్స్ వంటి కొలువులకు సంబంధిత విభాగాల్లో బీటెక్, ఎంటెక్ ఉత్తీర్ణులతో భర్తీ చేస్తున్నాయి
/home/vijay/Desktop/All_Files/ALL_TTS/DIS_Vector_Embedding_Integration/Data/Telugu_Male/wav/te_m_politics_00747.wav	Telugu_Male	ప్రిటోరియా పరిపాలనా రాజధాని, కేప్ టౌన్ శాసన రాజధాని మరియు బ్లోంఫోంటేన్ న్యాయవ్యవస్థ యొక్క కేంద్రంగా ఉంది.
/home/vijay/Desktop/All_Files/ALL_TTS/DIS_Vector_Embedding_Integration/Data/Telugu_Male/wav/te_m_health_01797.wav	Telugu_Male	నిజానికి దాసరికి వయస్సుతో పాటే వచ్చే మధుమేహం తప్ప మరే దీర్ఘకాలిక వ్యాధులు లేవు.
/home/vijay/Desktop/All_Files/ALL_TTS/DIS_Vector_Embedding_Integration/Data/Telugu_Male/wav/te_m_general_01078.wav	Telugu_Male	బుధవారం ఉదయం బుద్గాం సమీపంలోని గారెంద్ కలాన్ బహిరంగ ప్రదేశంలో ఈ విమానం కూలింది.
/home/vijay/Desktop/All_Files/ALL_TTS/DIS_Vector_Embedding_Integration/Data/Telugu_Male/wav/te_m_politics_01248.wav	Telugu_Male	దీంతో గతంలో వెలుతురుగా  ఉన్న పేరు కాలక్రమేణ వెల్దుర్తిగా మారిందని గ్రామ పెద్దలు అంటున్నారు.
/home/vijay/Desktop/All_Files/ALL_TTS/DIS_Vector_Embedding_Integration/Data/Telugu_Male/wav/te_m_finance_00845.wav	Telugu_Male	ఒప్పందం యొక్క ముగింపు వద్ద అది తగినంత లేదా డిపాజిట్ ప్రారంభించేంత ప్లాస్టిక్ మరియు బైండింగ్ తయారీకి ధరఖాస్తు చేశారు
/home/vijay/Desktop/All_Files/ALL_TTS/DIS_Vector_Embedding_Integration/Data/Telugu_Male/wav/te_m_general_00334.wav	Telugu_Male	అంబేడ్కర్ తదితర మేధావులు రూపొందించిన రాజ్యాంగంలో ఎక్కడా ప్రస్తావన లేని లౌకికవాదం, సోషలిజం అనే పదాలను ఎమర్జెన్సీ రోజుల్లో చొప్పించటం నేరం కాదా?
/home/vijay/Desktop/All_Files/ALL_TTS/DIS_Vector_Embedding_Integration/Data/Telugu_Male/wav/te_m_weather_01494.wav	Telugu_Male	తమ డిమాండ్ల సాధనకోసం ఏలూరు కలెక్టర్ కార్యాలయం ముందు ధర్నా చేస్తున్న మహిళలపై చింతమనేని దౌర్జన్యానికి దిగటం గమనార్హం.
/home/vijay/Desktop/All_Files/ALL_TTS/DIS_Vector_Embedding_Integration/Data/Telugu_Male/wav/te_m_other_01798.wav	Telugu_Male	శర్వా గా సత్యరాజ్ ఫ్యామిలీ లోకి కి వెళ్లిన విక్కీ,అక్కడ రకరకాల పరిస్థితులు ఎదుర్కొంటాడు.
/home/vijay/Desktop/All_Files/ALL_TTS/DIS_Vector_Embedding_Integration/Data/Telugu_Male/wav/te_m_finance_00757.wav	Telugu_Male	మీరు ఈ ప్రయోజనం కోసం ప్రత్యేకంగా చిత్రాన్ని తీయడానికి లేదా మోర్గాగ్ఫైలు లేదా స్టాక్ అవసరం
/home/vijay/Desktop/All_Files/ALL_TTS/DIS_Vector_Embedding_Integration/Data/Telugu_Male/wav/te_m_finance_02467.wav	Telugu_Male	ప్రస్తుతం 'రియల్మీ పేసా' యాప్ ద్వారా ఉచితంగా క్రెడిట్ రిపోర్ట్, పర్సనల్ లోన్, స్క్రీన్ ఇన్స్యూరెన్స్, బిజినెస్ లోన్ లాంటి సేవల్ని ప్రధానంగా అందిస్తోంది రియల్మీ.
/home/vijay/Desktop/All_Files/ALL_TTS/DIS_Vector_Embedding_Integration/Data/Telugu_Male/wav/te_m_weather_01087.wav	Telugu_Male	భారీ అంచనాలతో అభిమానుల ముందుకు రానున్న ఈ సినిమాకు సంబంధించిన రీఎనాక్ట్ మెంట్ ట్రైలర్ వీడియోను ఇటీవలే మేకర్స్ రిలీజ్ చేశారు.
/home/vijay/Desktop/All_Files/ALL_TTS/DIS_Vector_Embedding_Integration/Data/Telugu_Male/wav/te_m_agri_01674.wav	Telugu_Male	మెక్సికోలో, తండ్రి మైగుఎల్ హిడాల్గో మెక్సికో సిటీ యొక్క ద్వారాలకు రైతు సైన్యాన్ని నడిపించాడు
/home/vijay/Desktop/All_Files/ALL_TTS/DIS_Vector_Embedding_Integration/Data/Telugu_Male/wav/te_m_finance_02332.wav	Telugu_Male	ఆగస్టు మొదట్లో పారెక్స్ విదేశీ మారక ద్రవ్యంతో ముడిపడిన ఎగుమతి దిగుమతి వ్యాపారాల మార్కెట్లలో, రూపాయి విలువ ఎక్కువగా ఉందనే భావన కలిగింది ఆర్బిఐ వర్గాలకు.
/home/vijay/Desktop/All_Files/ALL_TTS/DIS_Vector_Embedding_Integration/Data/Telugu_Male/wav/te_m_other_02298.wav	Telugu_Male	వజ్రము, వైఢూర్యము, మరకతము, మాణిక్యము, పుష్యరాగము, గోమేధికము, పగడము, ముత్యము, నీలము వీటిని నవరత్నాలు అని అంటారు.
/home/vijay/Desktop/All_Files/ALL_TTS/DIS_Vector_Embedding_Integration/Data/Telugu_Male/wav/te_m_politics_03463.wav	Telugu_Male	జులైలో జరగనున్న ఎన్నికల్లో రాష్ట్ర వ్యాప్తంగా కలిసి పోటీ చేయనున్నట్లు ఎస్డబ్ల్యుఎఫ్, ఇయు నాయకులు సిహెచ్ సుందరయ్య, ఎస్ కె జిలానీ బాషాలు తెలిపారు.
/home/vijay/Desktop/All_Files/ALL_TTS/DIS_Vector_Embedding_Integration/Data/Telugu_Male/wav/te_m_weather_02378.wav	Telugu_Male	అలానే ఏపీ ప్రజలు  ప్రతిష్టాత్మాకంగా భావించే పోలవరం ప్రాజెక్ట్ పై కూడా ఆయన స్పందించారు.
/home/vijay/Desktop/All_Files/ALL_TTS/DIS_Vector_Embedding_Integration/Data/Telugu_Male/wav/te_m_politics_03549.wav	Telugu_Male	శివసేన పార్టీకి చెందిన ముఖ్య నేతలు సంజరు రౌత్, రామ్దాస్ కదాంలు సోమవారం మధ్యాహ్న సమయంలో గవర్నర్ భగత్ సింగ్ కొశ్యారీతో భేటీ అయ్యారు.
/home/vijay/Desktop/All_Files/ALL_TTS/DIS_Vector_Embedding_Integration/Data/Telugu_Male/wav/te_m_education_03093.wav	Telugu_Male	హానర్ ఫోన్లపై కనివినీ ఎరుగని రీతిలో ఆఫర్స్ ఉన్నాయని హువాయి కన్జూమర్ బిజినెస్ గ్రూప్ వైస్ ప్రెసిడెంట్ సేల్స్ పి సంజీవ్ తెలిపారు
/home/vijay/Desktop/All_Files/ALL_TTS/DIS_Vector_Embedding_Integration/Data/Telugu_Male/wav/te_m_finance_01773.wav	Telugu_Male	మీ సహాయ అర్హతను లెక్కించేందుకు మీ ఆదాయం మాత్రమే కాకుండా, మీ జీవిత భాగస్వామి యొక్క ఆస్తులని గుర్తుంచుకోండి
/home/vijay/Desktop/All_Files/ALL_TTS/DIS_Vector_Embedding_Integration/Data/Telugu_Male/wav/te_m_general_02283.wav	Telugu_Male	జర్మన్ బ్రాండ్ అయిన మెట్జ్ టీవీ అమెజాన్ ఇండియా ద్వారా భారత మార్కెట్లోకి ప్రవేశిస్తోంది.
/home/vijay/Desktop/All_Files/ALL_TTS/DIS_Vector_Embedding_Integration/Data/Telugu_Male/wav/te_m_politics_02684.wav	Telugu_Male	ఈ వేడుకలకు త్రివిధ దళాల అధిపతి బిపిన్ రావత్, ఆర్మీ చీఫ్ జనరల్ నరవణే, నేవీ చీఫ్ అడ్‌మైరల్ కరంబీర్ సింగ్, ఎయిర్ఫోర్స్ చీఫ్ ఎయిర్ మార్షల్ ఆర్కేఎస్ భదురియా లు హాజరయ్యారు.
/home/vijay/Desktop/All_Files/ALL_TTS/DIS_Vector_Embedding_Integration/Data/Telugu_Male/wav/te_m_education_03431.wav	Telugu_Male	గ్రోడ్నోలోని బోరిస్లెబ్స్క్ చర్చ్ నిజమైన నిర్మాణ కళాఖండాన్ని చెప్పవచ్చు. ఇది తూర్పు ఐరోపా మధ్యయుగ చరిత్రలో ప్రత్యేకమైన బెలారస్.
/home/vijay/Desktop/All_Files/ALL_TTS/DIS_Vector_Embedding_Integration/Data/Telugu_Male/wav/te_m_other_00867.wav	Telugu_Male	ఇన్స్టంట్ చార్ట్ బస్టర్ అయిన ఈ పాటకి అన్ని వైపుల నుంచి అద్భుతమైన స్పందన వస్తోంది.
/home/vijay/Desktop/All_Files/ALL_TTS/DIS_Vector_Embedding_Integration/Data/Telugu_Male/wav/te_m_education_00978.wav	Telugu_Male	జియో 'ఫుట్బాల్ ఆఫర్', ఎయిర్టెల్ 'మేరా పెహ్ల స్మార్ట్ఫోన్' ఆఫర్లను ఇస్తున్న నేపథ్యంలో వాటి తరహాలో ఐడియా కూడా జీ స్మార్ట్ఫోన్లు కొనుగోలు చేసిన వారికి కొన్ని ఆఫర్లు ఇచ్చింది.
/home/vijay/Desktop/All_Files/ALL_TTS/DIS_Vector_Embedding_Integration/Data/Telugu_Male/wav/te_m_education_02543.wav	Telugu_Male	కార్యక్రమంలో పోల్కం గంగాకిషన్, దర్శనం దేవేందర్, పొదిల శోభా, శ్రీలత, బోడిగం గంగాధర్, చంద్రకాంత్, బాలన్న, సంజీవ్, అనిల్, గోపి, శ్రీనివాస్ తదితరులు పాల్గొన్నారు.
/home/vijay/Desktop/All_Files/ALL_TTS/DIS_Vector_Embedding_Integration/Data/Telugu_Male/wav/te_m_health_01648.wav	Telugu_Male	సింగిల్ చేయి స్క్వాట్ మరియు స్వింగ్ అనేది పండ్లు, తొడలు, గ్లిట్స్, చేతులు, మరియు కోర్లను పనిచేసే అద్భుతమైన మొత్తం శరీర వ్యాయామం.
/home/vijay/Desktop/All_Files/ALL_TTS/DIS_Vector_Embedding_Integration/Data/Telugu_Male/wav/te_m_general_00383.wav	Telugu_Male	కొన్ని క్యాంపర్లు మరియు బహిరంగ ఔత్సాహికులు కీటకాలు దూరంగా ఉంచేందుకు సేన్టేడ్ డ్రేర్ షీట్లు ద్వారా కీటకాలను దూరం చేస్తారు.
/home/vijay/Desktop/All_Files/ALL_TTS/DIS_Vector_Embedding_Integration/Data/Telugu_Male/wav/te_m_general_00882.wav	Telugu_Male	ఇప్పుడు కార్వాన్ మ్యాగజైన్, వైర్, స్క్రోల్ లాంటి ఆన్లైన్ మీడియా ఎక్కువ సమాచారాన్ని ప్రచురిస్తోంది.
/home/vijay/Desktop/All_Files/ALL_TTS/DIS_Vector_Embedding_Integration/Data/Telugu_Male/wav/te_m_weather_00882.wav	Telugu_Male	అయితే దేశముదురు చిత్రంలో అల్లు అర్జున్ సరసన ఆమె చేసిన అట్టాంటోడే ఇట్టాంటోడే పాట మాస్ ప్రేక్షకులకు మంచి గిలిగింతలు పెట్టింది.
/home/vijay/Desktop/All_Files/ALL_TTS/DIS_Vector_Embedding_Integration/Data/Telugu_Male/wav/te_m_health_01574.wav	Telugu_Male	కాగా సదరు సైంటిస్టులు చేపట్టిన అధ్యయన వివరాలను అమెరికన్ సొసైటీ ఆఫ్ నెఫ్రాలజీ అనే క్లినికల్ జర్నల్లోనూ ప్రచురించారు.
/home/vijay/Desktop/All_Files/ALL_TTS/DIS_Vector_Embedding_Integration/Data/Telugu_Male/wav/te_m_politics_01477.wav	Telugu_Male	జాతీయ పార్టీలకు కొన్ని వార్డులలో అభ్యర్థులు కూడా లేరంటే పరిస్థితి ఎంత దయనిౕయంగా మారిందో అర్థం చేసుకోవచ్చు.
/home/vijay/Desktop/All_Files/ALL_TTS/DIS_Vector_Embedding_Integration/Data/Telugu_Male/wav/te_m_agri_00589.wav	Telugu_Male	బావి నీళ్లు మురికి నీటి కంటే దారుణంగా ఉన్నాయని , నల్లా నీళ్లను తాగకుండా వ్యవసాయ బావుల దగ్గరకు, లిప్ట్ల వద్ద క్యూ కడుతున్నారు
/home/vijay/Desktop/All_Files/ALL_TTS/DIS_Vector_Embedding_Integration/Data/Telugu_Male/wav/te_m_agri_02786.wav	Telugu_Male	నీటి నుండి గీసిన మరియు తీసిన ప్రతి మత్స్యకారుడు ఈ అసాధారణ దృగ్విషయాన్ని ఖచ్చితంగా చేయగలడు.
/home/vijay/Desktop/All_Files/ALL_TTS/DIS_Vector_Embedding_Integration/Data/Telugu_Male/wav/te_m_finance_02674.wav	Telugu_Male	ఇది గ్రేట్ బ్రిటన్, స్పెయిన్ మరియు ఫ్రాన్సులను ఆగ్రహానికి గురైంది, ఇవి చాలా దేశాలకు డబ్బు చెల్లించాయి
/home/vijay/Desktop/All_Files/ALL_TTS/DIS_Vector_Embedding_Integration/Data/Telugu_Male/wav/te_m_agri_01778.wav	Telugu_Male	దోసె పిండి రుబ్బేటప్పుడు కాసిని నానబెట్టిన మెంతులు కలిపితే దోశ మృదువుగా రావటమే గాక బంగారు రంగులో మెరుస్తుంది
/home/vijay/Desktop/All_Files/ALL_TTS/DIS_Vector_Embedding_Integration/Data/Telugu_Male/wav/te_m_politics_02418.wav	Telugu_Male	వధువును పంపే సమయంలో స్థానిక పోలీసులూ, ఇతర సహాయ ఏజెన్సీలు, భారత రాయబార కార్యాలయం, స్థానిక భారతీయ సంఘాలూ, నెట్వర్క్ లకు సంబంధించిన నంబర్లు అమ్మాయి దగ్గర ఉండేలా చూసుకోవాలి.
/home/vijay/Desktop/All_Files/ALL_TTS/DIS_Vector_Embedding_Integration/Data/Telugu_Male/wav/te_m_other_00776.wav	Telugu_Male	కొత్తగూడెం ఖమ్మం రోడ్డు, కొత్తగూడెం ఇల్లెందు రోడ్డు, కొత్తగూడెం విజయవాడ రోడ్డు , కొత్తగూడెం ఇల్లెందు వయా కారుకొండ రోడ్డులో అనేక డెత్స్పాట్లు ఉన్నాయి.
/home/vijay/Desktop/All_Files/ALL_TTS/DIS_Vector_Embedding_Integration/Data/Telugu_Male/wav/te_m_education_02974.wav	Telugu_Male	మేము మెస్సేజీలు ఇవ్వటానికి పుట్టలేదు అని సత్పురుషుడు చక్రపాణి నిజం ఒప్పుకున్నాడు కాబట్టే ఆయనకు పద్మశ్రీ రాలేదు.
/home/vijay/Desktop/All_Files/ALL_TTS/DIS_Vector_Embedding_Integration/Data/Telugu_Male/wav/te_m_health_02753.wav	Telugu_Male	గర్భం దాల్చినప్పుడు బైల్డక్లో కనుక రాళ్లు ఏర్పడితే రేడియెషన్ జోలికి వెళ్లకుండా చేసే శస్త్రచికిత్స గురించి మరో పరిశోధనా పత్రం అందించాను.
/home/vijay/Desktop/All_Files/ALL_TTS/DIS_Vector_Embedding_Integration/Data/Telugu_Male/wav/te_m_other_00333.wav	Telugu_Male	పఠాన్కోఠ్ ఎయిర్ బేస్ పై  ఉగ్రదాడి సమయంలో ప్రోగ్రాం కోడ్ ను ఉల్లంఘించిన ఎన్డిటివి కీలక ప్రదేశాలను ప్రసారం చేసింది.
/home/vijay/Desktop/All_Files/ALL_TTS/DIS_Vector_Embedding_Integration/Data/Telugu_Male/wav/te_m_politics_02634.wav	Telugu_Male	ఉపాధ్యాయ అర్హత పరీక్ష రద్దు చేస్తారంటూ వస్తోన్న వదంతుల్ని అభ్యర్థులు నమ్మొద్దని ఆయన విజ్ఞప్తి చేశారు.
/home/vijay/Desktop/All_Files/ALL_TTS/DIS_Vector_Embedding_Integration/Data/Telugu_Male/wav/te_m_finance_01348.wav	Telugu_Male	4 శాతం వ్యాట్ పన్ను విదేశాల నుండి గల్ప్ దేశాల్లో జీవనం సాగిస్తున్న వారిపై ప్రభావం చూపనుంది.
/home/vijay/Desktop/All_Files/ALL_TTS/DIS_Vector_Embedding_Integration/Data/Telugu_Male/wav/te_m_general_01785.wav	Telugu_Male	స్వాతంత్య్రానికి పూర్వం గోఖలేగారి ప్రజా సాంస్కృతిక సంస్థలాంటివే ఆర్యసమాజ్, హితకారిణీ సమాజం మొదలైన చాలా సాంస్కృతిక సంస్థలుండేవి కొందరు మహాశయుల నేతృత్వాలలో.
/home/vijay/Desktop/All_Files/ALL_TTS/DIS_Vector_Embedding_Integration/Data/Telugu_Male/wav/te_m_health_01348.wav	Telugu_Male	రిఫమైసిన్ వంటి టి బి మీద పనిచేసే మందులుగాని, అల్సర్ కి వాడే  మందులు గాని, జలుబు కి సంబంధించిన మందులు కానీ ఖాళీ  కడుపున వేసుకుంటే బాగా పనిచేస్తాయి అని చెప్తారు.
/home/vijay/Desktop/All_Files/ALL_TTS/DIS_Vector_Embedding_Integration/Data/Telugu_Male/wav/te_m_politics_00753.wav	Telugu_Male	సహజ సువాసన యొక్క ప్రదర్శన తరువాత ఒక సంవత్సరం బయట రాత్రి నోవా కాంప్బెల్ కాట్ డీలక్స్ యొక్క ఫర్ఫ్యూమ్ వచ్చింది.
/home/vijay/Desktop/All_Files/ALL_TTS/DIS_Vector_Embedding_Integration/Data/Telugu_Male/wav/te_m_politics_03174.wav	Telugu_Male	ఆన్‌లైన్ జనరల్ కేటగిరిలో సేవాటికెట్లు ఉండగా వీటిలో విశేషపూజ ,కల్యాణం,ఊంజల్ సేవ ,ఆర్జిత బ్రహ్మూత్సవం,వసంతోత్సవం,సహస్ర దీపాలంకార సేవ టికెట్లు ఉన్నాయి.
/home/vijay/Desktop/All_Files/ALL_TTS/DIS_Vector_Embedding_Integration/Data/Telugu_Male/wav/te_m_politics_01984.wav	Telugu_Male	ఇది మడోన్నా యొక్క క్లబ్ క్లాసిక్ "ఇన్టు ది గ్రోవ్" యొక్క మొట్టమొదటి ప్రదర్శన.
/home/vijay/Desktop/All_Files/ALL_TTS/DIS_Vector_Embedding_Integration/Data/Telugu_Male/wav/te_m_politics_03374.wav	Telugu_Male	హైదరాబాద్:మహబూ‌బ్‌నగర్ జిల్లా కల్వకుర్తి చెందిన పలువురు రైతులు సచివాలయం ముట్టడికి విఫలయత్నం చేశారు.
/home/vijay/Desktop/All_Files/ALL_TTS/DIS_Vector_Embedding_Integration/Data/Telugu_Male/wav/te_m_finance_01744.wav	Telugu_Male	దేశీయ సేవల రంగం పుంజుకోవడం, మూలధన బాండ్లకు లోక్‌సభ ఆమోదముద్ర వేయడం, అంతర్జాతీయ మార్కెట్ నుంచి అందిన సానుకూల పవనాలు ఈక్విటీ మార్కెట్ల సెంటిమెంట్ను బలపర్చాయి
/home/vijay/Desktop/All_Files/ALL_TTS/DIS_Vector_Embedding_Integration/Data/Telugu_Male/wav/te_m_other_03037.wav	Telugu_Male	విఘ్నేశ్ శివన్ డైరెక్షన్లో గతంలో వినికిడి లోపమున్న మహిళగా నానుం రౌడీదాన్ సినిమా చేసిన నయన్ ఇప్పుడు నెట్రికన్ చిత్రంలో చూపు సమస్యతో ఇబ్బందిపడే మహిళ పాత్ర పోషిస్తోన్న విషయం తెలిసిందే.
/home/vijay/Desktop/All_Files/ALL_TTS/DIS_Vector_Embedding_Integration/Data/Telugu_Male/wav/te_m_agri_00438.wav	Telugu_Male	ఉదయం లేదా మధ్యాహ్నం కాఫీ ఒక గొప్ప పిక్మేఅప్గా ఉండగా, ఫైనల్స్ వారంలో మీ ప్రధాన ఆహార బృందం ఉండకూడదు
/home/vijay/Desktop/All_Files/ALL_TTS/DIS_Vector_Embedding_Integration/Data/Telugu_Male/wav/te_m_other_01357.wav	Telugu_Male	పవన్ సినిమా అంటే ఏ దేవిశ్రీ ప్రసాద్ నో,మణిశర్మ రేంజు మ్యూజిక్ డైరెక్టర్ నో  తీసుకోవాలి.
/home/vijay/Desktop/All_Files/ALL_TTS/DIS_Vector_Embedding_Integration/Data/Telugu_Male/wav/te_m_health_02567.wav	Telugu_Male	గత వారంలో లంగ్ ఇమేజ్తో సహా పలు చికిత్స విధానాల ద్వారా కరోనాను గుర్తించిన, హుబేరుకు చెందిన రోగుల సంఖ్యను కూడా, చైనా ఆరోగ్య అధికారులు ఆ జాబితాలో చేర్చారు.
/home/vijay/Desktop/All_Files/ALL_TTS/DIS_Vector_Embedding_Integration/Data/Telugu_Male/wav/te_m_politics_03491.wav	Telugu_Male	ఇండియన్ ప్రీమియర్ లీగ్లో  భాగంగా మొహాలీలోని బింద్రా స్టేడియంలో హైదరాబాద్ సన్ రైజర్స్‌తో జరుగుతున్న మ్యాచ్ లో  కింగ్స్ ఎలెవన్ పంజాబ్ టాస్ గెలిచి బ్యాటింగ్ ఎంచుకుంది.
/home/vijay/Desktop/All_Files/ALL_TTS/DIS_Vector_Embedding_Integration/Data/Telugu_Male/wav/te_m_other_00735.wav	Telugu_Male	శుభాకాంక్షలు సరిగానే చెప్పినా ఆండ్రూహాల్ ఫొటోకు బదులు బంగ్లాదేశ్ బౌలింగ్కోచ్ చార్ల్ లాంగ్వెల్ట్ ఫొటోను పోస్టు చేసింది.
/home/vijay/Desktop/All_Files/ALL_TTS/DIS_Vector_Embedding_Integration/Data/Telugu_Male/wav/te_m_health_01948.wav	Telugu_Male	ఎలర్జిక్ రినిటిస్, శ్లేష్మ పొర వాపుగా మారినప్పుడు, అలాగే నాసికా సెప్టం యొక్క వక్రత కూడా ముక్కు నుండి రక్తం ప్రవహిస్తుంది.
/home/vijay/Desktop/All_Files/ALL_TTS/DIS_Vector_Embedding_Integration/Data/Telugu_Male/wav/te_m_education_01934.wav	Telugu_Male	ముంబై బాలీవుడ్ బ్యూటీ జాక్వెలిన్ ఫెర్నాండెజ్ నిన్న మొన్నటి వరకు తన తాజా హిందీ మూవీ 'డిష్యుం' ప్రమోషన్లలో బిజీగా గడిపిన సంగతి తెలిసిందే.
/home/vijay/Desktop/All_Files/ALL_TTS/DIS_Vector_Embedding_Integration/Data/Telugu_Male/wav/te_m_other_02783.wav	Telugu_Male	మనదేశ సమైక్య తకు, సమగ్రతకు ప్రొది చేసేలా త్రిభాషాసూత్ర ఆయుధాన్ని మల చాలే తప్ప, తాను కూర్చొన్న కొమ్మను తానే నరుక్కో వటానికి కాదు.
/home/vijay/Desktop/All_Files/ALL_TTS/DIS_Vector_Embedding_Integration/Data/Telugu_Male/wav/te_m_politics_02988.wav	Telugu_Male	జిల్లాలో గ్రామ పంచాయతీ ఎన్నికలు ముగిసిన తరువాత ఏర్పడిన పంచాయతీల పాలక వర్గాల పాలనకు  నేటితో ఏడాది పూర్తైంది.
/home/vijay/Desktop/All_Files/ALL_TTS/DIS_Vector_Embedding_Integration/Data/Telugu_Male/wav/te_m_education_02799.wav	Telugu_Male	ఈ రైలు హైదరాబాద్ మల్కాజీగిరి, కామారెడ్డి, నిజామాబాద్, బాసర్, ముదుకోడ్, రాన్దేడ్, పర్భని, ఔరంగాబాద్ మీదుగా నాగర్సోల్ చేరుకుంటుంది.
/home/vijay/Desktop/All_Files/ALL_TTS/DIS_Vector_Embedding_Integration/Data/Telugu_Male/wav/te_m_politics_02844.wav	Telugu_Male	శనివారం నాటి మ్యాచ్లో ఫీల్డ్ అంపైర్స్ అలీమ్ దార్, రిజర్డ్ ఇలింగ్వర్త్, థర్డ్ అంపైర్ రిచర్డ్ కెటిల్బరో, ఫోర్త్ అంపైర్ మైకేల్ గాఫ్లు ఉమ్మడిగా కోహ్లీ మీద ఆరోపణలు చేశారు.
/home/vijay/Desktop/All_Files/ALL_TTS/DIS_Vector_Embedding_Integration/Data/Telugu_Male/wav/te_m_education_01778.wav	Telugu_Male	మాజీ క్రికెటర్లు ఆడే మాస్టర్స్ ఛాంపియన్ లీగ్లో చందర్పాల్ ఆడేందుకు తాము నిరంభ్యంతర ధృవీకరణ పత్రం నో అబ్జెక్జన్ సర్టిఫికెట్ కూడా ఇచ్చామని తెలిపింది.
/home/vijay/Desktop/All_Files/ALL_TTS/DIS_Vector_Embedding_Integration/Data/Telugu_Male/wav/te_m_education_00834.wav	Telugu_Male	కార్మికులకు అండగా ప్రభుత్వంపై ఒత్తిడి తెచ్చేందుకు ప్రతిపక్షాలు చేసే ప్రయత్నాలను కూడా న్యాయస్దానమే చేస్తున్నట్టు చర్చ జరుగుతోంది.
/home/vijay/Desktop/All_Files/ALL_TTS/DIS_Vector_Embedding_Integration/Data/Telugu_Male/wav/te_m_general_01783.wav	Telugu_Male	సంస్కృతం సైన్టిఫిక్ లాంగ్వేజ్ అయినందున భవిష్యత్తులో మాట్లాడే కంప్యూటర్లు అంటూ వస్తే అవి సంస్కృత భాష లోనే అని సెలవిచ్చారు.
/home/vijay/Desktop/All_Files/ALL_TTS/DIS_Vector_Embedding_Integration/Data/Telugu_Male/wav/te_m_politics_02889.wav	Telugu_Male	ఈ థ్రస్ట్‌లలో ఒకటి టేనస్సీలోని మేజర్ జనరల్ ఆండ్రూ జాక్సన్ నాయకత్వం వహించి, కోసా నది వెంట దక్షిణాన నడిపింది.
/home/vijay/Desktop/All_Files/ALL_TTS/DIS_Vector_Embedding_Integration/Data/Telugu_Male/wav/te_m_education_01538.wav	Telugu_Male	వెక్చీ అందరికీ తను జీవించే ఉన్నాడని, ఎవరో తన మీద ప్రాక్టికల్ జోక్ వేసారని చివర్లో చెప్పాడు.
/home/vijay/Desktop/All_Files/ALL_TTS/DIS_Vector_Embedding_Integration/Data/Telugu_Male/wav/te_m_education_03367.wav	Telugu_Male	రఫేల్తో పాటు భారత్ స్వదేశీ పరిజ్ఞానంతో రూపొందించిన తేజస్ యుద్ధ విమానాలు సైతం ఎయిర్ ‌షోలో పాల్గొన్నాయి.
/home/vijay/Desktop/All_Files/ALL_TTS/DIS_Vector_Embedding_Integration/Data/Telugu_Male/wav/te_m_finance_01794.wav	Telugu_Male	దీని పని అంతా ఉన్నత విద్యా సంస్థలకు ప్రస్తుతం అమలులో ఉన్న గ్రాంట్ల పద్ధతికి బదులుగా రుణాలు ఇప్పించి, ఆ రుణాలను విద్యా సంస్థలే తిరిగి చెల్లించేలా ఒప్పందాలు కుదర్చడం
/home/vijay/Desktop/All_Files/ALL_TTS/DIS_Vector_Embedding_Integration/Data/Telugu_Male/wav/te_m_education_03343.wav	Telugu_Male	కాంగ్రెసు అంటేనే మండిపడే చరణ్ సింగ్, పుట్టు కాంగ్రెస్ వాదులైన మొరార్జీ దేశాయ్ ‌తో , జగ్జీవన్ రామ్ ‌తో , బహుగుణతో చేతులు కలిపారు.
/home/vijay/Desktop/All_Files/ALL_TTS/DIS_Vector_Embedding_Integration/Data/Telugu_Male/wav/te_m_finance_01449.wav	Telugu_Male	నేషనల్ స్టాక్ ఎక్స్‌చేంజి సూచీ నిఫ్టీ , 20 వేల పాయింట్ల మధ్య ఊగిసలాడి చివరికి ఎలాంటి మార్పూ లేకుండా ,20 వేల  పాయింట్ల వద్ద ముగిసింది.
/home/vijay/Desktop/All_Files/ALL_TTS/DIS_Vector_Embedding_Integration/Data/Telugu_Male/wav/te_m_health_00838.wav	Telugu_Male	స్టెరాయిడ్లు తీసుకోవడం వల్ల, బరువు పెరగడమే కాకుండా, ఎముక సాంద్రత కూడా కోల్పోతామని చెప్పిన సుష్మితా రక్తపోటు కూడా అధికంగా ఉంటుందని వెల్లడించింది
/home/vijay/Desktop/All_Files/ALL_TTS/DIS_Vector_Embedding_Integration/Data/Telugu_Male/wav/te_m_general_01974.wav	Telugu_Male	డ్యూరాసెల్ బ్యాటరీలు మరియు ఇతర విద్యుత్ రసాయన ఘటాలు, ఎక్కువగా, మళ్ళీ త్వరగా వారి చార్జ్ కోల్పోతారు.
/home/vijay/Desktop/All_Files/ALL_TTS/DIS_Vector_Embedding_Integration/Data/Telugu_Male/wav/te_m_other_02889.wav	Telugu_Male	స్వాతంత్ర్య సమర యోధుల కుటుంబంలో జన్మించిన రొక్కం లక్ష్మీనర్సింహ దొర ఆంధ్రాలోని తొలితరం కాంగ్రెస్ నాయకుల్లో ఒకరు.
/home/vijay/Desktop/All_Files/ALL_TTS/DIS_Vector_Embedding_Integration/Data/Telugu_Male/wav/te_m_other_01453.wav	Telugu_Male	సంగీత దర్శకుడు వివేక్ సాగర్ మాట్లాడుతూ తరుణ్ భాస్కర్, విశ్వక్ చెప్పినట్టు కచ్చితంగా ఇది అథెంటిక్ ఫిల్మ్ అని అన్నారు.
/home/vijay/Desktop/All_Files/ALL_TTS/DIS_Vector_Embedding_Integration/Data/Telugu_Male/wav/te_m_politics_02277.wav	Telugu_Male	రెఫరెండం ఫలితం వెలువడ గానే తాను పదవినుంచి వైదొలగుతున్నట్లు కామెరూన్ ప్రకటించటంతో సారథ్యానికి పోటీ ఏర్పడింది.
/home/vijay/Desktop/All_Files/ALL_TTS/DIS_Vector_Embedding_Integration/Data/Telugu_Male/wav/te_m_education_03381.wav	Telugu_Male	బ్లైండ్ విద్యార్ధులు విడిపోయారు మరియు ఇన్స్టిట్యూషన్ కొలంబియా ఇన్స్టిట్యూషన్ ఫర్ ది డెఫ్ అండ్ డంబ్గా మారింది,కాలేజీ నేషనల్ డెఫ్మ్యూట్ కాలేజీగా మారింది.
/home/vijay/Desktop/All_Files/ALL_TTS/DIS_Vector_Embedding_Integration/Data/Telugu_Male/wav/te_m_education_03144.wav	Telugu_Male	దీంతో ఆయనతో పాటు మాగరాల బాలాజీ, వంకా శ్రీనివాస్, మాల్కం దేశాయ్లను పీటీ వారెంట్‌పై ముంబై నుంచి మంగళవారం రాత్రి హైదరాబాద్‌కు  తీసుకొచ్చారు.
/home/vijay/Desktop/All_Files/ALL_TTS/DIS_Vector_Embedding_Integration/Data/Telugu_Male/wav/te_m_education_02888.wav	Telugu_Male	షెన్జెన్ కంపెనీల సందర్శన, సమావేశాలు, చర్చల్లో ఐటీ కార్యదర్శి విజయానంద్, సీఈఒ భాస్కర్ ‌రెడ్డి, ఆస్‌ట్రమ్ కంపెనీ సీఈఒ మనోజ్ కుమార్, వివిధ ఎలక్ట్రానిక్ సంస్థల ప్రతినిధులు పాల్గొన్నారు.
/home/vijay/Desktop/All_Files/ALL_TTS/DIS_Vector_Embedding_Integration/Data/Telugu_Male/wav/te_m_health_01338.wav	Telugu_Male	ఔను వారు జీవచ్ఛవాలే, పలుకరించే తోడు లేదు, పట్టెడన్నం పెట్టే చేయీ లేదు, ఒంటికి వచ్చిన రోగం ఓపికనంతా పిండేస్తోంది, శరీరానికి తగిలిన గాయం ప్రాణాలను తోడేస్తోంది.
/home/vijay/Desktop/All_Files/ALL_TTS/DIS_Vector_Embedding_Integration/Data/Telugu_Male/wav/te_m_finance_00388.wav	Telugu_Male	అది క్రెడిట్ కార్డా, డెబిట్ కార్డా అన్నది పక్కన పెడితే ప్రతి ఒక్కరి వద్ద తప్పకుండా కార్డ్స్ ఉంటున్నాయి.
/home/vijay/Desktop/All_Files/ALL_TTS/DIS_Vector_Embedding_Integration/Data/Telugu_Male/wav/te_m_general_00398.wav	Telugu_Male	ఆమె అధికార పార్టీ ఎంపీగా గాంధీని హత్య చేసిన నాథూరాం గాడ్సేని ఆమె కీర్తించిన తీరు అందరికీ కోపం తెప్పించింది.
/home/vijay/Desktop/All_Files/ALL_TTS/DIS_Vector_Embedding_Integration/Data/Telugu_Male/wav/te_m_agri_02489.wav	Telugu_Male	విరుగుడుగా ఎరుపు, నారింజ, పసుపు లేదా ఎక్కువ రంగులు కలిపి బుట్టలను, వెదురు పూలు ముదురు రంగులను పొందిన రూపంలో ఒకే ఒక పెద్ద పుష్ఫీకరణం అభివృద్ధి
/home/vijay/Desktop/All_Files/ALL_TTS/DIS_Vector_Embedding_Integration/Data/Telugu_Male/wav/te_m_general_00768.wav	Telugu_Male	ఇలాంటి సమస్యలు రాకుండా ఉండాలంటే నేవల్ ఫ్లీట్ మీద నుంచి అటాక్ చేయడం ఉత్తమమనే ఆలోచిస్తోంది రష్యన్ సైన్యం.
/home/vijay/Desktop/All_Files/ALL_TTS/DIS_Vector_Embedding_Integration/Data/Telugu_Male/wav/te_m_general_01358.wav	Telugu_Male	మత్స్యగిరి దేవస్థానం నుంచి గౌడ కాలనీకి వెళ్లే దారిలో గతంలో వేసిన విద్యుత్ స్తంభం పగుళ్ళ బారింది.
/home/vijay/Desktop/All_Files/ALL_TTS/DIS_Vector_Embedding_Integration/Data/Telugu_Male/wav/te_m_agri_00886.wav	Telugu_Male	రెట్రో కుర్చీలు, చైనీస్ యాంటికలు, ఒక చెక్క డైనింగ్ టేబుల్ మరియు టర్కిష్ ప్యాచ్వర్క్ కార్పెట్ కలయికతో స్థలంలో ఒక బోహేమియన్ భావాన్ని జతచేస్తుంది
/home/vijay/Desktop/All_Files/ALL_TTS/DIS_Vector_Embedding_Integration/Data/Telugu_Male/wav/te_m_weather_02735.wav	Telugu_Male	ఉంగరం కుడి చేతికి పెట్టుకుంటే ఏమవుతుంది? ఇండియాలో ఒకటేం ఖర్మ పది వేళ్ళకూ పది ఉంగరాలు పెట్టుకునే ఘనులూ ఉన్నారు.
/home/vijay/Desktop/All_Files/ALL_TTS/DIS_Vector_Embedding_Integration/Data/Telugu_Male/wav/te_m_other_01833.wav	Telugu_Male	ఇదిలా ఉండగా నిన్న రాత్రి ఢించక్ పూజ ఓ కొత్త పాటను విడుదల చేసింది.
/home/vijay/Desktop/All_Files/ALL_TTS/DIS_Vector_Embedding_Integration/Data/Telugu_Male/wav/te_m_agri_01758.wav	Telugu_Male	నీటి దెబ్బతిన్న పత్రాలు మరియు పుస్తకాలను సబ్వేజింగ్ చేసే సరళమైన పద్ధతి తేమను పీల్చుకుని, తేమను పీల్చే కాగితపు కాగితం మీద తడిగా ఉండే అంశాలను ఉంచాలి
/home/vijay/Desktop/All_Files/ALL_TTS/DIS_Vector_Embedding_Integration/Data/Telugu_Male/wav/te_m_health_02547.wav	Telugu_Male	డైస్మోర్ఫోనిక్ కాలం ఊహాత్మక పరిపూర్ణత కారణంగా రోగిలో కనిపించే ఒక బలమైన అసంతృప్తిని కలిగి ఉన్న వ్యాధి యొక్క ఆరంభం.
/home/vijay/Desktop/All_Files/ALL_TTS/DIS_Vector_Embedding_Integration/Data/Telugu_Male/wav/te_m_other_02884.wav	Telugu_Male	సొగసులో గులాబీ, ఒద్దికలో చేమంతి, మంచితనంలో మల్లె, ముగ్ధత్వంలో ముద్దబంతితో తులతూగే అందం ఆమెది.
/home/vijay/Desktop/All_Files/ALL_TTS/DIS_Vector_Embedding_Integration/Data/Telugu_Male/wav/te_m_politics_02335.wav	Telugu_Male	ఈనేపథ్యంలో గురువారం గ్రామంలో జరిగిన వెంకటయ్య అలివేలు దంపతుల కూతురు మనీషా పెండ్లి వేడుకలకు సర్పంచ్ గోదాదేవి తరఫున ఆమె భర్త ఎగిరిశెట్టి సత్యం హాజరై మనీషాకు ఆడపడుచు కట్నం అందజేశారు.
/home/vijay/Desktop/All_Files/ALL_TTS/DIS_Vector_Embedding_Integration/Data/Telugu_Male/wav/te_m_education_01078.wav	Telugu_Male	పసిపిల్లాడి లాగు విప్పి మరీ సున్తీ పరీక్షలు చేస్తావ్.  ఇప్పటికీ నాపేరు చివరి పేరు మీదనే పూనిక.  నేనెక్కడా లేను. నేనేమిటో యెవరికీ అక్కర్లేదు
/home/vijay/Desktop/All_Files/ALL_TTS/DIS_Vector_Embedding_Integration/Data/Telugu_Male/wav/te_m_agri_00548.wav	Telugu_Male	వింటర్ లేదా  డెస్క్ టాప్ గ్రాఫ్టింగ్ ఫిబ్రవరి నుండి ఏప్రిల్ వరకు కాలంలో ఉత్పత్తి ద్రాక్ష
/home/vijay/Desktop/All_Files/ALL_TTS/DIS_Vector_Embedding_Integration/Data/Telugu_Male/wav/te_m_politics_03294.wav	Telugu_Male	నల్లబెల్లి:నల్లబెల్లి నర్సరీలో సర్పంచ్ నానబోయిన రాజారాం ఆధ్వర్యంలో ఎంపీపీ ఉడ్గుల సునిత ప్రవీణ్‌గౌడ్ హాజరై కేక్ కట్‌చేసి స్వీట్లు పంపిణీ చేశారు.
/home/vijay/Desktop/All_Files/ALL_TTS/DIS_Vector_Embedding_Integration/Data/Telugu_Male/wav/te_m_education_02778.wav	Telugu_Male	రాఫెల్ డీల్లో పలు రకాలుగా అక్రమాలు జరిగాయని, అత్యధిక రేట్లు కుదిరాయని, ఆఫ్సెట్ పార్టనర్ ఎంపికలో అక్రమాలు జరిగాయని పిటిషనర్లు రివ్యూ పిటిషన్లో తెలిపారు.
/home/vijay/Desktop/All_Files/ALL_TTS/DIS_Vector_Embedding_Integration/Data/Telugu_Male/wav/te_m_weather_00988.wav	Telugu_Male	పిఠాపురం, సామర్లకోట, పెద్దాపురం, తుని, జగ్గంపేట, గోకవరం తదితర గ్రామాల్లో భారీ వర్షం పడింది.
/home/vijay/Desktop/All_Files/ALL_TTS/DIS_Vector_Embedding_Integration/Data/Telugu_Male/wav/te_m_other_02835.wav	Telugu_Male	గణపతి పూజ, శుద్ధి పుణ్య హవచనం, ఋత్విక్ వర్ణం, చతుర్వేద పారాయణం, యాగశాల ప్రదక్షిణ, గోపూజ, గురుపూజ, నవగ్రహ పూజ నిర్వహించి రాజశ్యామల యాగం ప్రారంభించారు.
/home/vijay/Desktop/All_Files/ALL_TTS/DIS_Vector_Embedding_Integration/Data/Telugu_Male/wav/te_m_weather_00337.wav	Telugu_Male	మొదటి ప్రయత్నం ఎల్బీడబ్లూ తో లవ్ స్టొరీని డిఫరెంట్ గా చూపించిన ప్రవీణ్ సత్తారు రెండో ప్రయత్నం రొటీన్ లవ్ స్టొరీ.
/home/vijay/Desktop/All_Files/ALL_TTS/DIS_Vector_Embedding_Integration/Data/Telugu_Male/wav/te_m_education_01534.wav	Telugu_Male	బిష్కెక్ లో జరిగే సమావేశంలో జిన్పింగ్, మోడీలు పలు ద్వైపాక్షిక అంశాలపై చర్చిస్తారని చెప్పారు.
/home/vijay/Desktop/All_Files/ALL_TTS/DIS_Vector_Embedding_Integration/Data/Telugu_Male/wav/te_m_weather_02795.wav	Telugu_Male	ఆదివాసీ యువనేతగా ఉన్న సాంతనా చక్మా పట్ల మనోజ్ కాంతి దేవ్ ప్రవర్తించిన తీరును లెఫ్ట్ ఫ్రంట్ కన్వీనర్ బిజన్ ధార్ ఖండించారు.
/home/vijay/Desktop/All_Files/ALL_TTS/DIS_Vector_Embedding_Integration/Data/Telugu_Male/wav/te_m_agri_02838.wav	Telugu_Male	సింగపూర్, మనీలా, ఫిలిప్పీన్స్ దేశాల్లో వాన నీటి సంరక్షణ, డ్రైనేజీ, నీటి నిల్వ విధానాలు మెరుగ్గా ఉన్నాయన్నారు.
/home/vijay/Desktop/All_Files/ALL_TTS/DIS_Vector_Embedding_Integration/Data/Telugu_Male/wav/te_m_agri_00836.wav	Telugu_Male	మీరు చియా విత్తనాలను నీటితో కలిపితే, విత్తనాల వెలుపల చుట్టూ జెల్ఫోర్జింగ్ ను చాలా త్వరగా చూస్తారు, ఇది కరిగే ఫైబర్ రూపంలో ఉంటుంది
/home/vijay/Desktop/All_Files/ALL_TTS/DIS_Vector_Embedding_Integration/Data/Telugu_Male/wav/te_m_politics_00833.wav	Telugu_Male	బాల్ టాంపరింగ్ ఉదంతంలో ఏడాది పాటు నిషేధాన్ని ఎదుర్కొంటున్న ఆస్ట్రేలియా ఓపెనర్ డేవిడ్ వార్నర్ బంగ్లాదేశ్ ప్రీమియర్ లీగ్‌ బీపీఎల్‌లో  ఆడేందుకు ఒప్పందం చేసుకున్నాడు.
/home/vijay/Desktop/All_Files/ALL_TTS/DIS_Vector_Embedding_Integration/Data/Telugu_Male/wav/te_m_finance_00817.wav	Telugu_Male	ఆగస్టు నెల ఎఫ్అండ్వో సిరీస్ తొలి రోజునే జోరందుకున్న దేశీయ స్టాక్ మార్కెట్లు శుక్రవారం మెరిసాయి
/home/vijay/Desktop/All_Files/ALL_TTS/DIS_Vector_Embedding_Integration/Data/Telugu_Male/wav/te_m_other_01754.wav	Telugu_Male	సుజనాతో భేటీ ప్రకంపనలు తగ్గక ముందే,వంశీ సీఎం జగన్మోహన్ రెడ్డితో భేటీ కావడం పొలిటికల్ సర్కిల్స్ లో కన్ఫ్యుజింగ్ గా మారింది.
/home/vijay/Desktop/All_Files/ALL_TTS/DIS_Vector_Embedding_Integration/Data/Telugu_Male/wav/te_m_politics_03386.wav	Telugu_Male	గతేడాది భారత పర్యటనకు వచ్చిన వెస్టిండిస్ జట్టులో అద్భుత ప్రదర్శన ఆటగాళ్లలో షిమోన్ హెట్మెయిర్ ఒకడు.
/home/vijay/Desktop/All_Files/ALL_TTS/DIS_Vector_Embedding_Integration/Data/Telugu_Male/wav/te_m_education_02739.wav	Telugu_Male	మూగజీవాల్ని కూడా దయతో దగ్గరకు తీస్కొనే వెటర్నరీ డాక్టర్ని, మనుషులే పశువులై అతి కిరాతకంగా చంపిన ఘటనను జీర్ణించుకోలేకపోతున్నానని పేర్కొన్నారు.
/home/vijay/Desktop/All_Files/ALL_TTS/DIS_Vector_Embedding_Integration/Data/Telugu_Male/wav/te_m_education_03097.wav	Telugu_Male	ఎన్నారై దంపతుల కుమార్తె మాజీ ప్రియుడే ఈ దారుణానికి పాల్పడినట్టు శాన్జోస్లో సిబిఎస్ పోలీసులు వెల్లడించారు
/home/vijay/Desktop/All_Files/ALL_TTS/DIS_Vector_Embedding_Integration/Data/Telugu_Male/wav/te_m_health_01743.wav	Telugu_Male	మీరు వ్యాయామం పూర్తి చేసిన తర్వాత, మీ దిద్దుబాట్లను దాని క్రింద ఉన్న క్రింది పేరాతో పోల్చండి.
/home/vijay/Desktop/All_Files/ALL_TTS/DIS_Vector_Embedding_Integration/Data/Telugu_Male/wav/te_m_education_01858.wav	Telugu_Male	టాలీవుడ్ లో హీరోయిన్ గా అడుగుపెట్టి ఇప్పుడు బాలీవుడ్ లో బిజీ హీరోయిన్ గామారిన తాప్సి స్టార్ హీరో కుమారుడిపై అసహనం వ్యక్తం చేసింది.
/home/vijay/Desktop/All_Files/ALL_TTS/DIS_Vector_Embedding_Integration/Data/Telugu_Male/wav/te_m_education_02308.wav	Telugu_Male	రెస్క్యూ టీంలు, ఎన్డీఆర్ఎఫ్, సింగరేణి, ఓఎన్‌జీసీ, బోర్ వెల్స్ టెక్నాలజీ నిపుణుల అవిశ్రాంత శ్రమ వృథా అయింది.
/home/vijay/Desktop/All_Files/ALL_TTS/DIS_Vector_Embedding_Integration/Data/Telugu_Male/wav/te_m_general_01889.wav	Telugu_Male	గాణపత్య మతం ప్రాచుర్యంలో ఉన్న కాలంలో మోర్గాంవ్ ఆ మతానికి ప్రధాన కేంద్రంగా ఉండేది.
/home/vijay/Desktop/All_Files/ALL_TTS/DIS_Vector_Embedding_Integration/Data/Telugu_Male/wav/te_m_weather_01843.wav	Telugu_Male	కోస్గీలో బుధవారం ఓ ప్రార్థనాలయం వద్ద చోటు చేసుకున్న అసాంఘిక చర్యతో పరిస్థితి ఉద్రిక్తంగా మారిన విషయం తెలిసిందే.
/home/vijay/Desktop/All_Files/ALL_TTS/DIS_Vector_Embedding_Integration/Data/Telugu_Male/wav/te_m_health_01778.wav	Telugu_Male	ఈ మొటిమల వలన వచ్చే మచ్చలే చాలా ఇబ్బందిగా ఉంటే వాటికి తోడుగా వచ్చే గుంటలు అంటే చర్మం పై ఏర్పడే రంధ్రాలు చాలా ఎబ్బెట్టుగా ఉంటాయి.
/home/vijay/Desktop/All_Files/ALL_TTS/DIS_Vector_Embedding_Integration/Data/Telugu_Male/wav/te_m_education_02386.wav	Telugu_Male	అందుకే పరిషత్తు వయోజన విద్యాకేంద్రాలు నిర్వహిస్తూనే తెలుగులో ప్రాథమిక, ప్రవేశ, విశారద పూర్వ, ఉత్తర భాగాలుగా పాఠ్యాంశాలను నిర్దేశించి పరీక్షలు నిర్వహించింది.
/home/vijay/Desktop/All_Files/ALL_TTS/DIS_Vector_Embedding_Integration/Data/Telugu_Male/wav/te_m_politics_03438.wav	Telugu_Male	నైట్హుడ్ పొందిన దిగ్గజాల సరసన సర్ ఆండ్రూ స్ట్రాస్ చేరినందుకు మేమెంతో సంతోషిస్తున్నాం అని ఈసీబీ చీఫ్ ఎగ్జిక్యూటివ్ టామ్ హ్యారిసన్ అన్నారు.
/home/vijay/Desktop/All_Files/ALL_TTS/DIS_Vector_Embedding_Integration/Data/Telugu_Male/wav/te_m_politics_02753.wav	Telugu_Male	ఎలక్షన్స్ లో తనకి వ్యతిరేకంగా పోటీ చేసిన 'శృతి'లోని గాంభీర్యం, అందం, పట్టుదల, వాక్చాతుర్యం సాగర్ ని విపరీతంగా ఆకర్షించాయి.
