/home/vijay/Desktop/All_Files/ALL_TTS/DIS_Vector_Embedding_Integration/Data/Telugu_Female/wav/te_f_weather_02469.wav	Telugu_Female	చాలా కంపెనీల్లో సిఎండి లు ప్రమోటర్ల కుటుంబానికి చెందిన వ్యక్తులే కావడంతో,పదవుల విభజనను కంపెనీలే స్వచ్ఛందంగా అమలు చేసేలా సెబి వారికే బాధ్యత అప్పగించే అవకాశం ఉంది.
/home/vijay/Desktop/All_Files/ALL_TTS/DIS_Vector_Embedding_Integration/Data/Telugu_Female/wav/te_f_books_socialscience_04424.wav	Telugu_Female	యువత పెద్ద సంఖ్యలో కళాశాల చదువులు వదిలిపెట్టి జైళ్లకు వెళ్లారు.
/home/vijay/Desktop/All_Files/ALL_TTS/DIS_Vector_Embedding_Integration/Data/Telugu_Female/wav/te_f_books_socialscience_03875.wav	Telugu_Female	రాజకీయ ప్రత్యర్ధులను, ప్రత్యేకించి కమ్యూనిస్టులను ఇష్టం వచ్చినట్లు అరెస్టు చేసి కాన్సంట్రేషన్ క్యాంపులు కు పంపించేవారు.
/home/vijay/Desktop/All_Files/ALL_TTS/DIS_Vector_Embedding_Integration/Data/Telugu_Female/wav/te_f_books_socialscience_06529.wav	Telugu_Female	రిఫ్రిజిరేటర్ల నుండి విడుదలయ్యే క్లోరోప్లోరో కార్బన్లు, ఆకులు, టైర్లు, ప్లాస్టిక్ కవర్ల వంటి చెత్త తగలబెట్టడం వల్ల విడుదలయ్యే వాయువులు భూగోళం వేడెక్కడానికి కారణమవుతున్నాయి.
/home/vijay/Desktop/All_Files/ALL_TTS/DIS_Vector_Embedding_Integration/Data/Telugu_Female/wav/te_f_books_socialscience_03754.wav	Telugu_Female	విప్లవ ప్రతీఘాతుక శక్తులు, సామ్రాజ్యవాదుల కారణంగా పేదరికం ఉన్నప్పటికీ ప్రజలు ఇంతకు ముందు కంటే సంతోషంగానూ, సంతృప్తిగానూ ఉన్నారు.
/home/vijay/Desktop/All_Files/ALL_TTS/DIS_Vector_Embedding_Integration/Data/Telugu_Female/wav/te_f_books_socialscience_03798.wav	Telugu_Female	ఇవన్నీ సంక్షేమ రాజ్యం అన్న దానిని ఏర్పరచటానికి దోహదం చేశాయి.
/home/vijay/Desktop/All_Files/ALL_TTS/DIS_Vector_Embedding_Integration/Data/Telugu_Female/wav/te_f_books_socialscience_03414.wav	Telugu_Female	పోషకాహారాన్ని కోల్పోవటమే కాకుండా తమ భూముల్లో పండించే పంటలపైన కూడా నియంత్రణ కోల్పోవటం ప్రజలు గుర్తించారు.
/home/vijay/Desktop/All_Files/ALL_TTS/DIS_Vector_Embedding_Integration/Data/Telugu_Female/wav/te_f_books_socialscience_07286.wav	Telugu_Female	ఈ ప్రాంతాలలో ఉద్యోగం చేయడానికి సైతం ఇతర ప్రాంతాలనుండి ప్రజలు రావడానికి ఇష్టపడరు.
/home/vijay/Desktop/All_Files/ALL_TTS/DIS_Vector_Embedding_Integration/Data/Telugu_Female/wav/te_f_agri_02876.wav	Telugu_Female	గొర్రెల మేత కష్టాలు తీర్చేందుకు, ఆస్ట్రేలియన్ రకానికి చెందిన, స్టెలో హెమటా గడ్డిని పెంచడంపై కూడా, అధికారులు దృష్టి పెట్టారు.
/home/vijay/Desktop/All_Files/ALL_TTS/DIS_Vector_Embedding_Integration/Data/Telugu_Female/wav/te_f_other_02663.wav	Telugu_Female	సాక్షి, హైదరాబాద్:చంద్రబాబును గద్దె దించటమే ధ్యేయంగా,ఇకపై తాను పనిచేస్తానని తెలంగాణ టీడీపీ బహిష్కృత నేత మోత్కుపల్లి నర్సింహులు ఉధ్ఘాటించారు.
/home/vijay/Desktop/All_Files/ALL_TTS/DIS_Vector_Embedding_Integration/Data/Telugu_Female/wav/te_f_books_socialscience_01833.wav	Telugu_Female	చుట్టుపక్కల ఉన్న గ్రామీణ ప్రాంతాలను కలుపుకోవటం వల్ల కొన్ని పట్టణాలు, నగరాలు విస్తరించాయి.
/home/vijay/Desktop/All_Files/ALL_TTS/DIS_Vector_Embedding_Integration/Data/Telugu_Female/wav/te_f_politics_02978.wav	Telugu_Female	వాస్తవం ప్రతినిధి:ఇటీవల పలు హిట్ చిత్రాల్లో నటించి తనకంటూ ఒక ప్రత్యేక గుర్తింపు తెచ్చుకున్న నటుడు రాహుల్ రామకృష్ణ.
/home/vijay/Desktop/All_Files/ALL_TTS/DIS_Vector_Embedding_Integration/Data/Telugu_Female/wav/te_f_books_socialscience_03943.wav	Telugu_Female	తీవ్ర మాంద్యంతో జర్మనీ ఎదుర్కొన్న సవాళ్లు ఏమిటి?
/home/vijay/Desktop/All_Files/ALL_TTS/DIS_Vector_Embedding_Integration/Data/Telugu_Female/wav/te_f_education_03547.wav	Telugu_Female	డెవిల్ నైట్ నిర్మాత డెల్ గణేశన్,తదుపరి నిర్మిస్తున్న ట్రాప్ సిటీ చిత్రంలో,జీవీ ప్రకాశ్,హీరోగా నటిస్తున్నారు.
/home/vijay/Desktop/All_Files/ALL_TTS/DIS_Vector_Embedding_Integration/Data/Telugu_Female/wav/te_f_general_02316.wav	Telugu_Female	శంషాబాద్ దగ్గరున్న పెద్ద గోల్కొండ ఔటర్ రింగ్ రోడ్డుకు వచ్చిన వెంటనే,రాజశేఖర్ ప్రయాణిస్తున్న కారు టైర్ పేలిపోయింది.
/home/vijay/Desktop/All_Files/ALL_TTS/DIS_Vector_Embedding_Integration/Data/Telugu_Female/wav/te_f_politics_01824.wav	Telugu_Female	మన దేశానికి స్వాతంత్య్రం సిద్ధించి డెబ్భై యేళ్ళు పూర్తయ్యాయి.ఈ మధ్యకాలంలో ఎన్నో లోక్‌సభ,శాసన సభల ఎన్నికలు జరిగాయి.వీటితో పాటు మరెన్నో స్థానిక సంస్థలకు ఎన్నికలు జరిగాయి.
/home/vijay/Desktop/All_Files/ALL_TTS/DIS_Vector_Embedding_Integration/Data/Telugu_Female/wav/te_f_finance_02575.wav	Telugu_Female	మా వ్యాపారానికి పెట్టుబడి పెట్టడానికి,సహాయం చేయండి మహాప్రభో అంటూ,బ్యాంకుల చుట్టూ తిరిగేవారు, దేశంలో లక్షల్లో ఉంటారు.
/home/vijay/Desktop/All_Files/ALL_TTS/DIS_Vector_Embedding_Integration/Data/Telugu_Female/wav/te_f_education_01754.wav	Telugu_Female	ఈ కేసులో,తూర్పు చంపారన్ జిల్లాకు చెందిన,సంజయ్ ప్రసాద్ అనే నిందితుడిని,గవర్నమెంట్ రైల్వే పోలీస్ జీఆర్పీ బృందం,అరెస్ట్ చేసినట్టు,రైల్వే డిప్యూటీ ఎస్పీ తన్వీర్ అహ్మెద్ వెల్లడించారు.
/home/vijay/Desktop/All_Files/ALL_TTS/DIS_Vector_Embedding_Integration/Data/Telugu_Female/wav/te_f_other_03048.wav	Telugu_Female	ఆనకట్టకు పగుళ్లు ఏర్పడడంతో,తెలుగు రాష్ట్రాలకు పెనుప్రమాదం పొంచి ఉందని వాటర్మ్యాన్, రామన్ మెగసెసె అవార్డు గ్రహీత రాజేంద్రసింగ్ చెప్పారని పేర్కొన్నారు.
/home/vijay/Desktop/All_Files/ALL_TTS/DIS_Vector_Embedding_Integration/Data/Telugu_Female/wav/te_f_books_socialscience_02638.wav	Telugu_Female	సమాచార సాంకేతిక పరిజ్ఞానం  విస్తరించకుండా ప్రపంచీకరణ సాధ్యమై ఉండేదా?
/home/vijay/Desktop/All_Files/ALL_TTS/DIS_Vector_Embedding_Integration/Data/Telugu_Female/wav/te_f_health_01678.wav	Telugu_Female	భారత్ ‌లో డెంగీ వ్యాధి కేసులు,ఏడేళ్లలో మూడు రెట్లు పెరిగాయని సాక్షాత్తు కేంద్ర ఆరోగ్య సంక్షేమ మంత్రిత్వశాఖ ప్రకటించింది.
/home/vijay/Desktop/All_Files/ALL_TTS/DIS_Vector_Embedding_Integration/Data/Telugu_Female/wav/te_f_books_socialscience_03506.wav	Telugu_Female	ఈ దేశాలు అధికార కేంద్రాలుగా విడిపోయి, కూటములుగా ఏర్పడి పరస్పర విరుద్ధ యుద్ధ శిభిరాలుగా మారాయి.
/home/vijay/Desktop/All_Files/ALL_TTS/DIS_Vector_Embedding_Integration/Data/Telugu_Female/wav/te_f_books_socialscience_04137.wav	Telugu_Female	చైనాలో సన్ యట్-సేన్ గణతంత్ర విప్లవం సాధించిన తరువాత వియత్నాంలో కూడా గణతంత్ర, ప్రజాస్వామిక పాలనను ఏర్పాటు చేయటానికి అక్కడి ప్రజలు ప్రేరణ పొందారు.
/home/vijay/Desktop/All_Files/ALL_TTS/DIS_Vector_Embedding_Integration/Data/Telugu_Female/wav/te_f_books_socialscience_07487.wav	Telugu_Female	ఆస్యకుహరంలో ఉండే 3 జతల లాలాజల గ్రంథుల ద్వారా లాలాజలం స్రవించబడుతుంది. రెండు జతల లాలాజల గ్రంధులు దవడల ప్రక్కన మరియు నాలుక కింద అమరి ఉంటాయి.
/home/vijay/Desktop/All_Files/ALL_TTS/DIS_Vector_Embedding_Integration/Data/Telugu_Female/wav/te_f_books_socialscience_02775.wav	Telugu_Female	ప్రపంచీకరణ యొక్క అతి పెద్ద ప్రభావం ఏదైనా ఉంటే అది ఈ జాతీయ భావన పలచబడటమే.
/home/vijay/Desktop/All_Files/ALL_TTS/DIS_Vector_Embedding_Integration/Data/Telugu_Female/wav/te_f_books_socialscience_06534.wav	Telugu_Female	రెండవ దాని కిటికీ అద్దాలు పూర్తిగా మూసిఉంచాలి.
/home/vijay/Desktop/All_Files/ALL_TTS/DIS_Vector_Embedding_Integration/Data/Telugu_Female/wav/te_f_books_socialscience_05543.wav	Telugu_Female	దీనికి ప్రతిగా విపి సింగ్ ప్రభుత్వానికి బిజెపి తన మద్దతును  ఉపసంహరించుకుని ముందుగానే ఎన్నికలు జరిపేలా చేసింది.
/home/vijay/Desktop/All_Files/ALL_TTS/DIS_Vector_Embedding_Integration/Data/Telugu_Female/wav/te_f_books_socialscience_04586.wav	Telugu_Female	తమ దేశం ఏర్పడటానికి దారితీసిన రాజకీయ ఘటనలను ప్రతిబింబించటానికి ప్రతి రాజ్యాంగమూ ప్రయత్నిస్తుందన్న విషయాన్ని గుర్తుంచుకోండి.
/home/vijay/Desktop/All_Files/ALL_TTS/DIS_Vector_Embedding_Integration/Data/Telugu_Female/wav/te_f_books_socialscience_06453.wav	Telugu_Female	దేశంలోని వివిధ ప్రభుత్వ శాఖలనుంచి ఏ పౌరుడికైనా సమాచారం అందుబాటులో ఉండేలా చెయ్యటానికి ఎటువంటి చర్యలు తీసుకున్నారు?
/home/vijay/Desktop/All_Files/ALL_TTS/DIS_Vector_Embedding_Integration/Data/Telugu_Female/wav/te_f_books_socialscience_05953.wav	Telugu_Female	భారత దేశానికి పొరుగుదేశాలతో ఈ దిగువ అంశాలతో సంబంధాన్ని చూపటానికి ఒక పట్టిక తయారుచెయ్యండి: ఘర్షణకు కారణమైన అంశాలు; యుద్ధ సంఘటనలు; సహాయ, సహకార ఘటనలు.
/home/vijay/Desktop/All_Files/ALL_TTS/DIS_Vector_Embedding_Integration/Data/Telugu_Female/wav/te_f_finance_00843.wav	Telugu_Female	తాజాగా,నరేంద్ర మోడీ నేతృత్వంలోని,కేంద్ర ప్రభుత్వం,విశాఖ స్టీల్ ప్లాంట్లో,తన పెట్టుబడి కింద,ఒక్క రూపాయి కూడా పెట్టలేదు అని గుర్తుచేశారు.
/home/vijay/Desktop/All_Files/ALL_TTS/DIS_Vector_Embedding_Integration/Data/Telugu_Female/wav/te_f_finance_01534.wav	Telugu_Female	మీరు మీ ఖాతాలోకి,లాగిన్ అయినప్పుడు,మీ స్కోర్లను మీరు చూడకపోతే, కేవలం ఒక వారం వేచి ఉండి,మళ్ళీ వెబ్ ‌సైట్ ని తనిఖీ చేయండి.
/home/vijay/Desktop/All_Files/ALL_TTS/DIS_Vector_Embedding_Integration/Data/Telugu_Female/wav/te_f_books_socialscience_04433.wav	Telugu_Female	అమెరికా, యూరపులలో జపాన్ సాధించిన విజయాలు భారతీయులపై బలమైన ముద్రలు వేశాయి.
/home/vijay/Desktop/All_Files/ALL_TTS/DIS_Vector_Embedding_Integration/Data/Telugu_Female/wav/te_f_books_socialscience_04182.wav	Telugu_Female	ఈనాటికి కూడా ప్రజలపై దాని ప్రభావం ఉంది.
/home/vijay/Desktop/All_Files/ALL_TTS/DIS_Vector_Embedding_Integration/Data/Telugu_Female/wav/te_f_books_socialscience_03585.wav	Telugu_Female	కానీ అంతర్జాతీయ ఒప్పందాలను ఉల్లంఘించకుండా, ఇతర దేశాలపై దండెత్తకుండా జర్మనీ, ఇటలీలను ఇది నివారించలేకపోయింది.
/home/vijay/Desktop/All_Files/ALL_TTS/DIS_Vector_Embedding_Integration/Data/Telugu_Female/wav/te_f_finance_01718.wav	Telugu_Female	పంచాయతీల ద్వారా ప్రస్తుతం లభిస్తోన్న,పన్నుల రాబడికి దీటుగా, గవర్నమెంట్ రేటు ఆధారిత పన్ను మధింపు ద్వారా,ఆదాయం లభిస్తే,అభివృద్ధి కూడా,అదే స్థాయిలో ఉంటుందని,అధికారులు పేర్కొంటున్నారు.
/home/vijay/Desktop/All_Files/ALL_TTS/DIS_Vector_Embedding_Integration/Data/Telugu_Female/wav/te_f_agri_00668.wav	Telugu_Female	పసుపు కుంకుమ కింద,7{ఏడు}వేల మంది, డ్వాక్రా సంఘాల మహిళలకు, ప్రభుత్వం, లబ్ధి చేకూరుస్తోంది.
/home/vijay/Desktop/All_Files/ALL_TTS/DIS_Vector_Embedding_Integration/Data/Telugu_Female/wav/te_f_health_01387.wav	Telugu_Female	ప్రస్తుతం డిప్యూటీ సర్జన్ జనరల్ ‌గా ఉన్న,రియర్ అడ్మిరల్ సిల్వియా ట్రెంట్ ఆడమ్స్‌ను,వివేక్ మూర్తి స్థానంలో సర్జన్ జనరల్ ‌గా నియమించారు.
/home/vijay/Desktop/All_Files/ALL_TTS/DIS_Vector_Embedding_Integration/Data/Telugu_Female/wav/te_f_general_00778.wav	Telugu_Female	విద్యుత్ ఛార్జీల పెరుగుదల, బషీర్బాగ్ కాల్పుల నేపథ్యంలో,భరోసా లేని బతుకుల కోసం,తెలంగాణ ఉద్యమాన్ని ప్రారంభించాం అని చెప్పారు.
/home/vijay/Desktop/All_Files/ALL_TTS/DIS_Vector_Embedding_Integration/Data/Telugu_Female/wav/te_f_books_socialscience_07217.wav	Telugu_Female	వనరులను వీలైనంతగా వాడుకుంటూ దుర్వినియోగం చేస్తున్నాం.
/home/vijay/Desktop/All_Files/ALL_TTS/DIS_Vector_Embedding_Integration/Data/Telugu_Female/wav/te_f_finance_00966.wav	Telugu_Female	గడచిన రెండేళ్ళలో,చాలా మంది కొత్త ఇన్వెస్టర్లు,సిప్ ద్వారా భారీగా ఈక్విటీ ఫండ్స్‌లో,ఇన్వెస్ట్ చేసినట్లు తెలుస్తోంది.
/home/vijay/Desktop/All_Files/ALL_TTS/DIS_Vector_Embedding_Integration/Data/Telugu_Female/wav/te_f_other_00833.wav	Telugu_Female	దీంతో కాశీం అరెస్ట్ ను సవాల్ చేస్తూ,కాశీం భార్య హేమలత హైకోర్టులో హౌస్ మోషన్ పిటిషన్ ను  ఈ నెల{7}{ఏడు} వ తేదీన దాఖలు చేశారు.
/home/vijay/Desktop/All_Files/ALL_TTS/DIS_Vector_Embedding_Integration/Data/Telugu_Female/wav/te_f_books_socialscience_00737.wav	Telugu_Female	వాళ్ల జీవనం అతి కష్టంమీద సాగుతుంది, అయినా మరో దారిలేక ఈ సేవలలో కొనసాగుతున్నారు.
/home/vijay/Desktop/All_Files/ALL_TTS/DIS_Vector_Embedding_Integration/Data/Telugu_Female/wav/te_f_politics_03452.wav	Telugu_Female	బ్రహ్మోస్ సూపర్ సానిక్ క్షిపణుల సాయంతో,చాలా దూరంలో ఉన్న టార్గెట్ పై నిప్పులు కురిపించే అవకాశం ఇప్పుడు పూర్తి స్థాయిలో భారత్‌కి చేకూరిందని రక్షణ వర్గాలు చెబుతున్నాయి.
/home/vijay/Desktop/All_Files/ALL_TTS/DIS_Vector_Embedding_Integration/Data/Telugu_Female/wav/te_f_politics_02381.wav	Telugu_Female	స్థానిక తెగ ఖసిస్ వారు,స్ప్రెడ్ ఈగిల్ జలపాతాన్ని ఉర్కలిఅర్ జలపాతము అని పిలుస్తారు.
/home/vijay/Desktop/All_Files/ALL_TTS/DIS_Vector_Embedding_Integration/Data/Telugu_Female/wav/te_f_health_00656.wav	Telugu_Female	మీకు అందుబాటులో ఉన్న కంప్యూటర్,సెల్ఫోన్,ట్యాబ్ ద్వారా ఒత్తిడి నివారణ చర్యలు చేపట్టవచ్చు.
/home/vijay/Desktop/All_Files/ALL_TTS/DIS_Vector_Embedding_Integration/Data/Telugu_Female/wav/te_f_books_socialscience_04625.wav	Telugu_Female	కానీ 2014 నాటికి కూడా ఇది పూర్తికాలేదు.
/home/vijay/Desktop/All_Files/ALL_TTS/DIS_Vector_Embedding_Integration/Data/Telugu_Female/wav/te_f_education_02871.wav	Telugu_Female	సంపదలను ప్రసాదించే కల్పవృక్షం, కామధేనువు, దేవవైద్యుడు ధన్వంతరి కూడా,శ్రీ మహాలక్ష్మితో పాటే జన్మించారు.
/home/vijay/Desktop/All_Files/ALL_TTS/DIS_Vector_Embedding_Integration/Data/Telugu_Female/wav/te_f_books_socialscience_04164.wav	Telugu_Female	హెూచిమిన్, కమ్యూనిస్టులు ఉత్తర భాగంలో అధికారానికి వచ్చారు.
/home/vijay/Desktop/All_Files/ALL_TTS/DIS_Vector_Embedding_Integration/Data/Telugu_Female/wav/te_f_books_socialscience_03704.wav	Telugu_Female	ఇళ్ల విషయాలకు వస్తే, ‘చలికాలంలో ఉష్ణోగ్రతలు 40 డిగ్రీలకు తక్కువగా ఉండేవి.
/home/vijay/Desktop/All_Files/ALL_TTS/DIS_Vector_Embedding_Integration/Data/Telugu_Female/wav/te_f_general_01727.wav	Telugu_Female	ధర్మారం ఎక్స్ రోడ్డులో మహిళా సంఘాల ఆధ్వర్యంలో ఏర్పాటు చేసిన జూట్ బ్యాగుల తయారీ కేంద్రాన్ని, పెద్దపల్లిలో మహిళా సంఘాల ఆధ్వర్యంలో ఏర్పాటు చేసిన,సబల శానిటరీ న్యాప్కిన్స్ కేంద్రాన్ని సందర్శించారు.
/home/vijay/Desktop/All_Files/ALL_TTS/DIS_Vector_Embedding_Integration/Data/Telugu_Female/wav/te_f_books_socialscience_05875.wav	Telugu_Female	అయితే, కాశ్మీరు ప్రజలు ఇందుకు స్పందించలేదు, యుద్ధంలో భారత ప్రభుత్వానికి సహాయం చేశారు.
/home/vijay/Desktop/All_Files/ALL_TTS/DIS_Vector_Embedding_Integration/Data/Telugu_Female/wav/te_f_education_02836.wav	Telugu_Female	నజియా పరిశోధన చేసిన,ఈ ఆక్వామెరైన్ రత్నాలు నీలం, ఆకుపచ్చ రంగుల్లో,షట్కోణ ఆకృతిలో ఉంటాయి.
/home/vijay/Desktop/All_Files/ALL_TTS/DIS_Vector_Embedding_Integration/Data/Telugu_Female/wav/te_f_books_socialscience_06860.wav	Telugu_Female	ఐతే చాలా వరకు నాణ్యత, మన్నిక , విశ్వసనీయతలను పరిగణనలోకి తీసుకోవడంలేదు స్థానికంగా ఉత్పత్తిచేసే వస్తువులకన్నా, తక్కువ ధరకు దిగుమతి చేసుకునే వస్తువుల విషయంలో ఇది వాస్తవికంగా ఉంది.
/home/vijay/Desktop/All_Files/ALL_TTS/DIS_Vector_Embedding_Integration/Data/Telugu_Female/wav/te_f_politics_03630.wav	Telugu_Female	అయితే రైతులు పోలీసులపై రాళ్లు రువ్వడం వల్లే,లాఠీచార్జీ చేయాల్సి వచ్చిందని తికాంగఢ్ ఎస్ఫీ కుమార్ ప్రతీక్ చెప్పుకొచ్చారు.
/home/vijay/Desktop/All_Files/ALL_TTS/DIS_Vector_Embedding_Integration/Data/Telugu_Female/wav/te_f_books_socialscience_06386.wav	Telugu_Female	తగాదాలు వివాదాల పరిష్కారానికి భారతదేశంలో అనాదిగా అమలులో ఉన్న విధానమే లోక్ అదాలత్ రూపాన్ని సంతరించుకుంది, ఆధునిక కాలంలోనూ దీని అవసరం, ఉపయోగం ఉంది.
/home/vijay/Desktop/All_Files/ALL_TTS/DIS_Vector_Embedding_Integration/Data/Telugu_Female/wav/te_f_weather_01777.wav	Telugu_Female	గ్రామీణ స్థాయిలో మౌలిక సౌకర్యాలు,చైతన్యం పెంచే దిశగా దృష్టిపెడితే,మోదీ సర్కారు సాంకేతిక స్వప్నం అమలు మరెంతో దూరం లేదు.
/home/vijay/Desktop/All_Files/ALL_TTS/DIS_Vector_Embedding_Integration/Data/Telugu_Female/wav/te_f_general_00977.wav	Telugu_Female	థర్మల్ విద్యుత్ ఉత్పాదక కేంద్రం, ఉద్యోగుల కాలనీ నిర్మాణం వంటి వాటితోపాటు,యాష్ తరలింపు, లిగ్నైట్ మైనింగ్ వంటి వాటి కోసం,ప్రభుత్వం ఈ భూములను సేకరించింది.
/home/vijay/Desktop/All_Files/ALL_TTS/DIS_Vector_Embedding_Integration/Data/Telugu_Female/wav/te_f_weather_02757.wav	Telugu_Female	కొద్ది రోజుల్లో అమల్లోకి రానున్న జిఎస్టితో భారత్ లో పెను మార్పులు చోటుచేసుకోనున్నాయని,ఇది అమెరికా బిజినెస్ స్కూళ్లలో పాఠ్యాంశంగా మారనుందని అన్నారు.
/home/vijay/Desktop/All_Files/ALL_TTS/DIS_Vector_Embedding_Integration/Data/Telugu_Female/wav/te_f_books_socialscience_07266.wav	Telugu_Female	ప్రార్థనా సమావేశంలోను, గోడపత్రికలోనూ రిపోర్టును ప్రదర్శించండి.
/home/vijay/Desktop/All_Files/ALL_TTS/DIS_Vector_Embedding_Integration/Data/Telugu_Female/wav/te_f_books_socialscience_03954.wav	Telugu_Female	ఆధునిక ప్రపంచ పటంలో ఈ దేశాలన్నింటినీ గుర్తించండి.
/home/vijay/Desktop/All_Files/ALL_TTS/DIS_Vector_Embedding_Integration/Data/Telugu_Female/wav/te_f_books_socialscience_00748.wav	Telugu_Female	అది నేరుగా అతడి బ్యాంకు ఖాతాలో జమ అవుతుంది.
/home/vijay/Desktop/All_Files/ALL_TTS/DIS_Vector_Embedding_Integration/Data/Telugu_Female/wav/te_f_books_socialscience_06907.wav	Telugu_Female	అవి మురికి కూపాలుగా మారకుండా ఉంటాయి.
/home/vijay/Desktop/All_Files/ALL_TTS/DIS_Vector_Embedding_Integration/Data/Telugu_Female/wav/te_f_books_socialscience_01686.wav	Telugu_Female	ఆకాశంలో గ్రహాల కదలికలు వంటివి గమనించటానికి వాళ్లకి తీరిక సమయం చిక్కింది. జనాభా కూడా పెరిగింది.
/home/vijay/Desktop/All_Files/ALL_TTS/DIS_Vector_Embedding_Integration/Data/Telugu_Female/wav/te_f_finance_02388.wav	Telugu_Female	ఎస్ ఎస్ వై , పీపీఎఫ్, వీపీఎఫ్లలో మదుపు చేసినప్పుడు,ఆదాయపు పన్ను సెక్షన్ సీ కింద,పన్ను మినహాయింపు లభిస్తుంది.
/home/vijay/Desktop/All_Files/ALL_TTS/DIS_Vector_Embedding_Integration/Data/Telugu_Female/wav/te_f_politics_01646.wav	Telugu_Female	అజిత్ హీరోగా వరుసగా 'వీరం, వివేగం, వేదాళం, విశ్వాసం' లాంటి హిట్ సినిమాల్ని డైరెక్ట్ చేశాడు.
/home/vijay/Desktop/All_Files/ALL_TTS/DIS_Vector_Embedding_Integration/Data/Telugu_Female/wav/te_f_weather_02770.wav	Telugu_Female	లక్ష్మణన్ మాట్లాడుతూ ఆరుగురు టీఎంసీ నాయకులు అసోం నుంచి వెళ్లిపోయారని,మరో ఇద్దరు ఎంపీలు మమతాబాల ఠాకూర్,అర్పిత ఘోష్ లు శనివారం వెళతారని తెలిపారు.
/home/vijay/Desktop/All_Files/ALL_TTS/DIS_Vector_Embedding_Integration/Data/Telugu_Female/wav/te_f_books_socialscience_04432.wav	Telugu_Female	ఇందుకు విరుద్ధంగా గాంధీజీ వంటి వాళ్లు బ్రిటన్ భారతదేశం విడిచి వెళ్లీపోతే అది సొంతంగా జపానును ఎదుర్కోగలదని భావించారు.
/home/vijay/Desktop/All_Files/ALL_TTS/DIS_Vector_Embedding_Integration/Data/Telugu_Female/wav/te_f_education_02778.wav	Telugu_Female	రాఫెల్ డీల్లో,పలు రకాలుగా అక్రమాలు జరిగాయని, అత్యధిక రేట్లు కుదిరాయని, ఆఫ్సెట్ పార్టనర్ ఎంపికలో,అక్రమాలు జరిగాయని,పిటిషనర్లు రివ్యూ పిటిషన్లో తెలిపారు.
/home/vijay/Desktop/All_Files/ALL_TTS/DIS_Vector_Embedding_Integration/Data/Telugu_Female/wav/te_f_books_socialscience_04233.wav	Telugu_Female	1939లో బ్రిటిష్ పాలకులు పశ్చిమ, తూర్పు నైజీరియా ప్రాంతాలను ఏర్పరిచి యొరుబా, ఈబు తెగల మధ్య కూడా విభజనలు సృష్టించారు.
/home/vijay/Desktop/All_Files/ALL_TTS/DIS_Vector_Embedding_Integration/Data/Telugu_Female/wav/te_f_finance_01237.wav	Telugu_Female	రాజధాని భూములు,సధావర్తి సత్రవ భూముల కుంభకోణం,కాల్ మనీ వ్యవహారాలు, ఓటుకి నోటు కేసు వంటివెన్నో,తెదేపా ప్రభుత్వానికి,మాయని మచ్చని మిగిల్చాయి.
/home/vijay/Desktop/All_Files/ALL_TTS/DIS_Vector_Embedding_Integration/Data/Telugu_Female/wav/te_f_books_socialscience_06245.wav	Telugu_Female	పర్యావరణం, మానవ హక్కులు అన్న సరిహద్దులను చెరిపేస్తూ సామాజిక ఉద్యమాలు అనేక అంశాలను లేవనెత్తాయి.
/home/vijay/Desktop/All_Files/ALL_TTS/DIS_Vector_Embedding_Integration/Data/Telugu_Female/wav/te_f_agri_02974.wav	Telugu_Female	కామ్రేడ్ కరణం రంగారావు, గుంటూరు జిల్లా, వేలూరు గ్రామంలో, ధనిక రైతు కుటుంబంలో జన్మించారు.
/home/vijay/Desktop/All_Files/ALL_TTS/DIS_Vector_Embedding_Integration/Data/Telugu_Female/wav/te_f_politics_01727.wav	Telugu_Female	గిమ్హే నగరంలో పర్యటించిన ప్రధాని,మేయర్ హియో సియోంగ్ గాన్ తో భేటీ అయ్యారు.
/home/vijay/Desktop/All_Files/ALL_TTS/DIS_Vector_Embedding_Integration/Data/Telugu_Female/wav/te_f_books_socialscience_06565.wav	Telugu_Female	ఇలాంటి వాటివల్ల ఆస్తమావంటి ఆరోగ్య సమస్యలు కూడా వస్తున్నాయి.
/home/vijay/Desktop/All_Files/ALL_TTS/DIS_Vector_Embedding_Integration/Data/Telugu_Female/wav/te_f_books_socialscience_07062.wav	Telugu_Female	నీటి నమూనాలు తీసుకొని పి.హెచ్ కాగితం, మైక్రోస్కోప్‌ల ద్వారా పరిశీలించి సూక్ష్మజీవులు మొదలైనవి ఉన్నాయేమో గమనించండి. నీటిలో మలినాలు ఏమైనా ఉంటే గుర్తించండి.
/home/vijay/Desktop/All_Files/ALL_TTS/DIS_Vector_Embedding_Integration/Data/Telugu_Female/wav/te_f_books_socialscience_02445.wav	Telugu_Female	ఉత్పత్తి కారకాలలో శ్రమ ప్రధానకారణమైనందున కొత్త వ్యవసాయ పద్ధతులు ఎక్కువ శ్రమను ఉపయోగించుకోగలిగితే బాగుంటుంది.
/home/vijay/Desktop/All_Files/ALL_TTS/DIS_Vector_Embedding_Integration/Data/Telugu_Female/wav/te_f_books_socialscience_07379.wav	Telugu_Female	ఈ ప్రయోగ నిర్వహణకు పిండిపదార్థం తొలగించబడిన మొక్క అవసరమవుతుంది. పిండిపదార్థాన్ని తొలగించడానికి మొక్కను కనీసం ఒక వారం రోజులపాటు చీకటిలో ఉంచాలి.
/home/vijay/Desktop/All_Files/ALL_TTS/DIS_Vector_Embedding_Integration/Data/Telugu_Female/wav/te_f_books_socialscience_00548.wav	Telugu_Female	అభివృద్ధి లక్ష్యాలలో వైవిధ్యం ఉన్నా వాటి సాధనా మార్గాలు వేరే అయినా అవి అభివృద్ధిలో భాగమే అవుతాయి.
/home/vijay/Desktop/All_Files/ALL_TTS/DIS_Vector_Embedding_Integration/Data/Telugu_Female/wav/te_f_books_socialscience_06983.wav	Telugu_Female	భక్తిభావం స్థానంలో విసుగు పుట్టించేలా వాతావరణం మారిపోతుంది.
/home/vijay/Desktop/All_Files/ALL_TTS/DIS_Vector_Embedding_Integration/Data/Telugu_Female/wav/te_f_finance_02432.wav	Telugu_Female	ఈక్విటీ, డెట్ పథకాల్లో పెట్టుబడి పెట్టే హైబ్రీడ్ పథకాన్ని,ఇండియాబుల్స్ మ్యూచువల్ ఫండ్ తీసుకొచ్చింది.
/home/vijay/Desktop/All_Files/ALL_TTS/DIS_Vector_Embedding_Integration/Data/Telugu_Female/wav/te_f_books_socialscience_04083.wav	Telugu_Female	మెకాంగ్ డెల్టా ప్రాంతంలో సాగు విస్తీర్ణాన్ని పెంచటానికి ఫ్రెంచివాళ్లు బీడు భూముల నుంచి నీటిని తోడి కాలవల నిర్మాణం చేపట్టారు.
/home/vijay/Desktop/All_Files/ALL_TTS/DIS_Vector_Embedding_Integration/Data/Telugu_Female/wav/te_f_books_socialscience_02543.wav	Telugu_Female	ఈ ఉదాహరణలో బహుళజాతి సంస్థ తన వస్తువులను ప్రపంచవ్యాప్తంగా అమ్మటమే కాకుండా వస్తువులు, సేవల ఉత్పత్తి ప్రపంచవ్యాప్తంగా విస్తరింపజేసింది.
/home/vijay/Desktop/All_Files/ALL_TTS/DIS_Vector_Embedding_Integration/Data/Telugu_Female/wav/te_f_books_socialscience_06354.wav	Telugu_Female	ప్రస్తుతం ఏ పౌరుడైనా ప్రభుత్వానికి సంబంధించి ఏ శాఖలోనైనా రికార్డు రూపంలో ఉండే సమాచారం కావాలని అడగవచ్చు.
/home/vijay/Desktop/All_Files/ALL_TTS/DIS_Vector_Embedding_Integration/Data/Telugu_Female/wav/te_f_other_00728.wav	Telugu_Female	గాంధీ నడిపిన స్వాతంత్ర్య పోరాటం మొత్తం బ్రిటిషర్ల అనుమతితో,వారి ప్రోద్భలంతోనే సాగిందని ఆరోపించారు.
/home/vijay/Desktop/All_Files/ALL_TTS/DIS_Vector_Embedding_Integration/Data/Telugu_Female/wav/te_f_books_socialscience_07408.wav	Telugu_Female	గాలితో నిండిన పరీక్ష నాళీకను బీకరులోనుండి బయటకు తీసేటప్పుడు ఏమేమి జాగ్రత్తలు తీసుకోవాలో మీ ఉపాధ్యాయునితో చర్చించండి.
/home/vijay/Desktop/All_Files/ALL_TTS/DIS_Vector_Embedding_Integration/Data/Telugu_Female/wav/te_f_books_socialscience_02733.wav	Telugu_Female	ఆర్థిక మండళ్లను నెలకొల్పటాన్ని భారతదేశంలోని కొంతమంది ప్రజలు వ్యతిరేకిస్తున్నారు.
/home/vijay/Desktop/All_Files/ALL_TTS/DIS_Vector_Embedding_Integration/Data/Telugu_Female/wav/te_f_books_socialscience_00763.wav	Telugu_Female	అయితే చిన్న చిన్న ప్రమాదాలకు ఎటువంటి నష్టపరిహారం ఉండదు.
/home/vijay/Desktop/All_Files/ALL_TTS/DIS_Vector_Embedding_Integration/Data/Telugu_Female/wav/te_f_politics_03326.wav	Telugu_Female	వీరంతా పార్లమెంట్ స్క్వెర్ వద్ద మహాత్మాగాంధీ విగ్రహం ముందు బ్యానర్లు,జెండాలతో ప్రదర్శన నిర్వహించారు.
/home/vijay/Desktop/All_Files/ALL_TTS/DIS_Vector_Embedding_Integration/Data/Telugu_Female/wav/te_f_general_00874.wav	Telugu_Female	తనపై విచారణ బాధాకరంగా ఉందని, తాను దేశ ద్రోహిననే ఆధారాలు ఉంటే జైలులో పెట్టండి కాని,నిర్దోషినని తేలితే మీడియా విచారణకు గురి చేయవద్దని అతడు వేడుకొన్నాడు.
/home/vijay/Desktop/All_Files/ALL_TTS/DIS_Vector_Embedding_Integration/Data/Telugu_Female/wav/te_f_general_01789.wav	Telugu_Female	వివిధ దేశాల్లో, వివిధ రాష్ట్రాల్లో స్థిరపడ్డ తెలుగు వారి మధ్య,సుహృద్భావ సంబంధాలు నెలకొల్పడం వంటివి చేయాలి.
/home/vijay/Desktop/All_Files/ALL_TTS/DIS_Vector_Embedding_Integration/Data/Telugu_Female/wav/te_f_books_socialscience_04076.wav	Telugu_Female	సిసిపికి చెందిన అధినాయకులు, లేదా ‘చైర్మన్ చాలా శక్తిమంతులుగా ఎదిగారు.
/home/vijay/Desktop/All_Files/ALL_TTS/DIS_Vector_Embedding_Integration/Data/Telugu_Female/wav/te_f_politics_00358.wav	Telugu_Female	విషయాన్ని ముఖ్యమంత్రి కేసీఆర్ దగ్గరకు తీసుకెళ్తే,ఆయన్నుంచి వచ్చిన సమాధానం తలసానికి షాక్ కొట్టినట్లైంది.
/home/vijay/Desktop/All_Files/ALL_TTS/DIS_Vector_Embedding_Integration/Data/Telugu_Female/wav/te_f_other_02647.wav	Telugu_Female	హైదరాబాద్ జంటనగర శివారు ప్రాంతాలలో నిషిద్ధ గూట్కాలను విక్రయిస్తున్న వ్యవస్ధీకృత ముఠాను,వెస్ట్ జోన్ టాస్క్‌ఫోర్స్ పోలీసులు అదుపులోకి తీసుకున్నారు.
/home/vijay/Desktop/All_Files/ALL_TTS/DIS_Vector_Embedding_Integration/Data/Telugu_Female/wav/te_f_books_socialscience_03865.wav	Telugu_Female	అన్ని విదేశీ ప్రభావాలను తొలగిస్తానని, జర్మనీకి వ్యతిరేకంగా అన్ని విదేశీ ‘కుట్రలను తిప్పికొడతానని అతడు చెప్పసాగాడు.
/home/vijay/Desktop/All_Files/ALL_TTS/DIS_Vector_Embedding_Integration/Data/Telugu_Female/wav/te_f_agri_00347.wav	Telugu_Female	పంట భూమిలో ఎలుకలు వంటివి, రైతుకు శత్రువులు, కాని, వీటిని భక్షించే సర్పాలు, రైతుకు పరోక్ష మిత్రులు.
/home/vijay/Desktop/All_Files/ALL_TTS/DIS_Vector_Embedding_Integration/Data/Telugu_Female/wav/te_f_books_socialscience_04277.wav	Telugu_Female	ఈ చమురు వల్ల నేలలు, భూగర్భజలాలు కలుషితమయ్యి పంటలు, చేపల పెంపకం వంటివి దెబ్బతింటున్నాయి.
/home/vijay/Desktop/All_Files/ALL_TTS/DIS_Vector_Embedding_Integration/Data/Telugu_Female/wav/te_f_other_01832.wav	Telugu_Female	ప్రస్తుతం రాష్రంలో నెలకొన్న విభజన సెగ తో,చిరు కుటుంబానికి పెద్ద దెబ్బ పడింది.
/home/vijay/Desktop/All_Files/ALL_TTS/DIS_Vector_Embedding_Integration/Data/Telugu_Female/wav/te_f_finance_00588.wav	Telugu_Female	దశాబ్దం క్రితం,ప్రపంచాన్ని కుదేలు చేసిన,అమెరికా ఆర్థిక మాంద్యం ప్రభావం నుంచి గట్టెక్కేందుకు,సెంట్రల్ బ్యాంక్ ‌లు వడ్డీ రేట్ల తగ్గింపు ద్వారా,ఆర్థిక వ్యవస్థలకు,ఉద్దీపన కల్పించాయి.
/home/vijay/Desktop/All_Files/ALL_TTS/DIS_Vector_Embedding_Integration/Data/Telugu_Female/wav/te_f_books_socialscience_04767.wav	Telugu_Female	అతి పెద్ద, సంక్లిష్టమైన పరిపాలనా యంత్రాంగంలో ఇటువంటి పదవులను గుర్తించటం కష్టమే.
/home/vijay/Desktop/All_Files/ALL_TTS/DIS_Vector_Embedding_Integration/Data/Telugu_Female/wav/te_f_books_socialscience_07208.wav	Telugu_Female	మీ నివాస ప్రాంతానికి దగ్గరలోగల గ్రామాన్ని లేదా పట్టణాన్ని ఎన్నుకోండి.
/home/vijay/Desktop/All_Files/ALL_TTS/DIS_Vector_Embedding_Integration/Data/Telugu_Female/wav/te_f_books_socialscience_01626.wav	Telugu_Female	అధిక సాంద్రత ఉన్న ఒక జిల్లాను తక్కువ సాంద్రత ఉన్న మరొక జిల్లాతో కింది అంశాలలో పోల్చండి:
/home/vijay/Desktop/All_Files/ALL_TTS/DIS_Vector_Embedding_Integration/Data/Telugu_Female/wav/te_f_politics_03158.wav	Telugu_Female	సీనియర్ అయిన తనను కాదని,తమన్నాకి చిత్ర యూనిట్ ఇంపార్టెన్స్ ఇవ్వడం పట్ల గుస్సా అయిన బిపాసా,ఆ కారణంగానే తమన్నాపై కోపం పెంచుకుందన్న ప్రచారం జరుగుతోంది.
/home/vijay/Desktop/All_Files/ALL_TTS/DIS_Vector_Embedding_Integration/Data/Telugu_Female/wav/te_f_politics_01377.wav	Telugu_Female	సరిగ్గా రెండేళ్ల కిందట ఓ బుడ్డోడు మగధీర డైలాగులు చెప్పి,సోషల్ మీడియాలో తెగ పాపులర్ అయ్యాడు.
/home/vijay/Desktop/All_Files/ALL_TTS/DIS_Vector_Embedding_Integration/Data/Telugu_Female/wav/te_f_education_02745.wav	Telugu_Female	జనాభాకు తగ్గట్టు సౌకర్యాలు, వైద్యసేవలు, పారిశుద్ధ్యం, మౌలిక సదుపాయాలు లేకపోవడం వల్ల,మరణాలు అధికంగానే ఉంటున్నాయి.
/home/vijay/Desktop/All_Files/ALL_TTS/DIS_Vector_Embedding_Integration/Data/Telugu_Female/wav/te_f_books_socialscience_05526.wav	Telugu_Female	అయితే విద్యలోను, ప్రభుత్వ ఉద్యోగాలలోను, రాజకీయాలలో సైతం తమకు తగినంత ప్రాతినిధ్యం లేదని భావించసాగారు.
/home/vijay/Desktop/All_Files/ALL_TTS/DIS_Vector_Embedding_Integration/Data/Telugu_Female/wav/te_f_books_socialscience_00686.wav	Telugu_Female	ప్రతి దేశంలోనూ జనాభా పెరుగుతున్న కొద్దీ పని కోరుకుంటున్న వాళ్లకు పని చూపించాల్సిన అవసరం ఉంది.
/home/vijay/Desktop/All_Files/ALL_TTS/DIS_Vector_Embedding_Integration/Data/Telugu_Female/wav/te_f_books_socialscience_02879.wav	Telugu_Female	ఇది వినియోగదారులకు, ఉత్పత్తిదారులకు మంచి సంకేతం.
/home/vijay/Desktop/All_Files/ALL_TTS/DIS_Vector_Embedding_Integration/Data/Telugu_Female/wav/te_f_books_socialscience_03128.wav	Telugu_Female	లోపలి నుంచి తోడుకోటానికి ముందుగా నీళ్లు లోపలికి ఇంకాలి కదా.
/home/vijay/Desktop/All_Files/ALL_TTS/DIS_Vector_Embedding_Integration/Data/Telugu_Female/wav/te_f_books_socialscience_03343.wav	Telugu_Female	ఆధునిక పారిశ్రామిక  వ్యవసాయ అభివృద్ధికి ఇంధనంతో సహా ప్రకృతి వనరులను ఎక్కువగా వినియోగించాలి కాబట్టి ఈ వనరులు అంతరించిపోవడం, వాతావరణ కాలుష్యానికి దారితియ్యటం ఊహించిన పరిణామాలే.
/home/vijay/Desktop/All_Files/ALL_TTS/DIS_Vector_Embedding_Integration/Data/Telugu_Female/wav/te_f_books_socialscience_06426.wav	Telugu_Female	వివాదాలను లోక్ అదాలత్ పరిష్కరించే క్రమంలో పౌర విచారణ స్మృతి సాక్ష్యాల    చట్టం వంటి వాటిల్లో పేర్కొన్న విధానాలను ఖచ్చితంగా పాటించాలని లేదు.
/home/vijay/Desktop/All_Files/ALL_TTS/DIS_Vector_Embedding_Integration/Data/Telugu_Female/wav/te_f_politics_00828.wav	Telugu_Female	కేంద్ర రక్షణ శాఖ మాజీ మంత్రి ఏకే ఆంటోని,ఆనంద్‌శర్మ,రణదీప్ సుర్జీవాలా విలేఖరుల సమావేశంలో మాట్లాడారు.
/home/vijay/Desktop/All_Files/ALL_TTS/DIS_Vector_Embedding_Integration/Data/Telugu_Female/wav/te_f_education_01477.wav	Telugu_Female	ప్రతిష్ఠాత్మక నైపర్ల్ లో,ఫార్మసీలో పీజీ కోర్సు, పీహెచ్డీ ప్రోగ్రాం ప్రవేశాల కోసం నిర్దేశించిన,నైపర్ జేఈఈ ఫలితాలు వెలువడ్డాయి.
/home/vijay/Desktop/All_Files/ALL_TTS/DIS_Vector_Embedding_Integration/Data/Telugu_Female/wav/te_f_books_socialscience_02447.wav	Telugu_Female	వ్యవసాయంలో శ్రమను మితంగా  ఉపయోగించుకుంటున్నారు.
/home/vijay/Desktop/All_Files/ALL_TTS/DIS_Vector_Embedding_Integration/Data/Telugu_Female/wav/te_f_books_socialscience_07189.wav	Telugu_Female	అక్కడి వాతావరణం ఏలా ఉంది? ఆరోగ్యకరంగా ఉండడానికి వారికి మీరిచ్చే సూచనలేమిటి?
/home/vijay/Desktop/All_Files/ALL_TTS/DIS_Vector_Embedding_Integration/Data/Telugu_Female/wav/te_f_books_socialscience_07289.wav	Telugu_Female	ఫ్లోరోసిస్ బాధిత గ్రామాలలో ప్రజలందరికీ రక్షిత మంచినీరు అందుతోందా?
/home/vijay/Desktop/All_Files/ALL_TTS/DIS_Vector_Embedding_Integration/Data/Telugu_Female/wav/te_f_books_socialscience_05688.wav	Telugu_Female	కాలక్రమంలో వాటి మిత్ర దేశాలైన బ్రిటన్, ఫ్రాన్స్, చైనాలు కూడా అణ్వాయుధాలను సమకూర్చు కున్నాయి.
/home/vijay/Desktop/All_Files/ALL_TTS/DIS_Vector_Embedding_Integration/Data/Telugu_Female/wav/te_f_politics_02679.wav	Telugu_Female	తెలంగాణలో టీడీపీకి పునర్ వైభవం తీసుకు రావడానికే,ఈ ఎన్నికలో పోటీ చేస్తున్నామని చంద్రబాబు నాయుడు ప్రకటించడం,కొత్త పొలిటికల్ ఈక్వేషన్‌కు దారి తీసినట్లైంది.
/home/vijay/Desktop/All_Files/ALL_TTS/DIS_Vector_Embedding_Integration/Data/Telugu_Female/wav/te_f_books_socialscience_03245.wav	Telugu_Female	మేం అడవిలోని ఆకులను తింటాం.
/home/vijay/Desktop/All_Files/ALL_TTS/DIS_Vector_Embedding_Integration/Data/Telugu_Female/wav/te_f_books_socialscience_01635.wav	Telugu_Female	దిగువ పట్టిక ఆధారంగా కింద ఉన్న ప్రశ్నలకు సమాధానాలు ఇవ్వండి.
/home/vijay/Desktop/All_Files/ALL_TTS/DIS_Vector_Embedding_Integration/Data/Telugu_Female/wav/te_f_books_socialscience_04417.wav	Telugu_Female	వాళ్లకి  ఏమైనా ప్రశ్నలు తలెత్తాయా? ఏమైనా సందేహాలు ఉన్నాయా? చర్చించండి.
/home/vijay/Desktop/All_Files/ALL_TTS/DIS_Vector_Embedding_Integration/Data/Telugu_Female/wav/te_f_books_socialscience_04699.wav	Telugu_Female	అమెరికా ప్రభుత్వాన్ని అధ్యక్ష వ్యవస్థ ప్రభుత్వం అంటారు.
/home/vijay/Desktop/All_Files/ALL_TTS/DIS_Vector_Embedding_Integration/Data/Telugu_Female/wav/te_f_books_socialscience_07356.wav	Telugu_Female	మీరు ఏమి మార్పులను గమనించారు? ఏర్పడిన నీలి నలుపు రంగు పిండిపదార్థపు ఉనికిని తెలియజేస్తుంది.
/home/vijay/Desktop/All_Files/ALL_TTS/DIS_Vector_Embedding_Integration/Data/Telugu_Female/wav/te_f_general_00797.wav	Telugu_Female	మరోవైపు జాతీయ మానవ హక్కుల సంఘం ,పలు మహిళా సంఘాలు ఎన్కౌంటర్ ను  తప్పు పడుతున్నాయి.
/home/vijay/Desktop/All_Files/ALL_TTS/DIS_Vector_Embedding_Integration/Data/Telugu_Female/wav/te_f_books_socialscience_06568.wav	Telugu_Female	ఈ కలుషితాలు ఎక్కడినుండి విడుదల అవుతున్నాయి?
/home/vijay/Desktop/All_Files/ALL_TTS/DIS_Vector_Embedding_Integration/Data/Telugu_Female/wav/te_f_books_socialscience_04370.wav	Telugu_Female	ఈ ఉద్దేశం నెరవేర్చటంలో సహాయపడగల విధానాలు ఇంకేమైనా ఉన్నాయా?
/home/vijay/Desktop/All_Files/ALL_TTS/DIS_Vector_Embedding_Integration/Data/Telugu_Female/wav/te_f_other_02967.wav	Telugu_Female	డైటింగ్ చేసేవాళ్లు మాంసాహారాన్ని దూరంగా పెట్టాల్సిన  పనిలేదు,కాకపోతే మాంసాహారాన్ని తక్కువగా తింటే సరిపోతుంది,దానికి బదులుగా మీల్మేకర్,స్కిన్లెస్ చికెన్ ను ఎంచుకోవచ్చు.
/home/vijay/Desktop/All_Files/ALL_TTS/DIS_Vector_Embedding_Integration/Data/Telugu_Female/wav/te_f_education_01726.wav	Telugu_Female	సంజయ్ కార్తీక్ దర్శకత్వంలో విష్వంత్, పల్లక్ లల్వాని,జంటగా నటించిన చిత్రం,క్రేజీ క్రేజీ ఫీలింగ్.
/home/vijay/Desktop/All_Files/ALL_TTS/DIS_Vector_Embedding_Integration/Data/Telugu_Female/wav/te_f_books_socialscience_03752.wav	Telugu_Female	రష్యన్లు దేశంలోని మిగిలిన ప్రజలతో స్వేఛ్చగా కలవటం చూసి నిజమైన సమానత్వం ఉన్న దేశానికి వచ్చామన్న నమ్మకం నాకు కుదిరింది.
/home/vijay/Desktop/All_Files/ALL_TTS/DIS_Vector_Embedding_Integration/Data/Telugu_Female/wav/te_f_health_00277.wav	Telugu_Female	అయితే ప్రతిరోజు రోసీ తన ఆఫీసుకు వెళ్లగానే,కుక్కలను షికారుకు తీసుకెళ్లడం,వాటికి స్నానం చెయించడం,సమయానికి పోషకాహారం ఇవ్వడం,మందులు వేయడం,వాటిని ఆడించడం వంటివి బ్రింగ్లే చేయాల్సిన దినచర్య.
/home/vijay/Desktop/All_Files/ALL_TTS/DIS_Vector_Embedding_Integration/Data/Telugu_Female/wav/te_f_politics_03425.wav	Telugu_Female	ఆదివారం హైటెక్స్‌లో నిర్వహించిన ప్రత్యేక కార్యక్రమంలో,ఇరాన్ కాన్సులేట్ జనరల్ హగ్సన్ ఘోమీ ఆయనకు ఈ అవార్డును ప్రదానం చేశారు.
/home/vijay/Desktop/All_Files/ALL_TTS/DIS_Vector_Embedding_Integration/Data/Telugu_Female/wav/te_f_education_02789.wav	Telugu_Female	దీనికి,కాంగ్రెస్ రాష్ట్ర వ్యవహారాల ఇన్చార్జ్, మాజీ సీఎం ఊమెన్ చాందీ, ఏఐసీసీ కార్యదర్శులు మెయ్యప్పన్, క్రిష్టోఫర్, కొప్పుల రాజు, పీసీసీ చీఫ్ లు అధ్యక్షులుగా ఉన్నారు.
/home/vijay/Desktop/All_Files/ALL_TTS/DIS_Vector_Embedding_Integration/Data/Telugu_Female/wav/te_f_politics_02855.wav	Telugu_Female	త్వరలో చెక్‌బుక్ కు చెక్ పెట్టే యోచనలో మోడీ ప్రభుత్వం వుందని,భారత వ్యాపారుల సమాఖ్య కార్యదర్శి ప్రవీణ్ ఖండేల్వాల్ చూచాయగా చెప్పారు.
/home/vijay/Desktop/All_Files/ALL_TTS/DIS_Vector_Embedding_Integration/Data/Telugu_Female/wav/te_f_finance_02634.wav	Telugu_Female	ఎకనామిస్ట్ యొక్క డిక్షనరీ ఆఫ్ ఎకనామిక్స్ "మానవ సమాజంలో సంపద యొక్క ఉత్పత్తి, పంపిణీ మరియు వినియోగంపై అధ్యయనం" వలె ఆర్థికశాస్త్రం నిర్వచిస్తుంది
/home/vijay/Desktop/All_Files/ALL_TTS/DIS_Vector_Embedding_Integration/Data/Telugu_Female/wav/te_f_books_socialscience_00769.wav	Telugu_Female	ఉపాధి షరతులు ఉండి నమ్మకంగా పని ఉండే ప్రదేశాలు లేదా వ్యాపారాలను వ్యవస్థీకృత రంగంగా వ్యవహరిస్తారు.
/home/vijay/Desktop/All_Files/ALL_TTS/DIS_Vector_Embedding_Integration/Data/Telugu_Female/wav/te_f_finance_00466.wav	Telugu_Female	రియల్ ఎస్టేట్ లో, ఏజెంట్ కొన్ని విధులను కలిగి ఉంటారు, డబ్బు సంపాదించడం మరియు ఎస్క్రో ఖాతాలో,జమ చేయడం వంటివి చేస్తాడు.
/home/vijay/Desktop/All_Files/ALL_TTS/DIS_Vector_Embedding_Integration/Data/Telugu_Female/wav/te_f_books_socialscience_05895.wav	Telugu_Female	ముజిబుర్ రెహ్మాన్ మద్దతుదారులు ‘ముక్తి బాహిని పేరుతో విముక్తి పోరాటాన్ని చేపట్టారు.
/home/vijay/Desktop/All_Files/ALL_TTS/DIS_Vector_Embedding_Integration/Data/Telugu_Female/wav/te_f_general_00386.wav	Telugu_Female	కళింగ దేశ రాజధానిగా,శ్రీముఖలింగం ఉన్న రోజుల్లో,ఇప్పిలి అక్కన్న, సూరప్ప అనే సోదరులు,రాజు దర్శానానికి వెళ్లి,తమకు సూర్య దేవుడు కలలో కనిపించి,కొన్ని వివరాలు చెప్పారని విన్నవించారు.
/home/vijay/Desktop/All_Files/ALL_TTS/DIS_Vector_Embedding_Integration/Data/Telugu_Female/wav/te_f_general_01745.wav	Telugu_Female	డిజీసేవక్ యాప్ లో నైపుణ్యం,ఆసక్తి ఉన్న వాలంటీర్లు,ఆన్ లైన్ లో  వివిధ ప్రభుత్వ విభాగాల్లో సేవలు అందించవచ్చు.
/home/vijay/Desktop/All_Files/ALL_TTS/DIS_Vector_Embedding_Integration/Data/Telugu_Female/wav/te_f_agri_00766.wav	Telugu_Female	సాధారణంగా మనం, ఏదైనా కాఫీ షాప్ కి వెళ్లామంటే, అక్కడున్న వెయిటర్లు, మనకు స్వాగతం పలకటంతో పాటు, వేడివేడి కాఫీని సర్వ్ చేస్తుంటారు.
/home/vijay/Desktop/All_Files/ALL_TTS/DIS_Vector_Embedding_Integration/Data/Telugu_Female/wav/te_f_books_socialscience_00546.wav	Telugu_Female	భారతదేశం మొత్తంగా కంటే హిమాచల్‌ప్రదేశ్‌లో పాఠశాల విద్య విస్తరణ, అభివృద్ధి గణనీయంగా ఉన్నాయి.
/home/vijay/Desktop/All_Files/ALL_TTS/DIS_Vector_Embedding_Integration/Data/Telugu_Female/wav/te_f_books_socialscience_06361.wav	Telugu_Female	సమాచార అధికారి లేదా రాష్ట్ర పౌర సమాచార అధికారి వద్ద మౌఖికంగా చెప్పటం ద్వారా కూడా దరఖాస్తు ఇవ్వవచ్చు.
/home/vijay/Desktop/All_Files/ALL_TTS/DIS_Vector_Embedding_Integration/Data/Telugu_Female/wav/te_f_books_socialscience_03643.wav	Telugu_Female	జార్‌ల పాలనలో రష్యా రెండు ఖండాలలో విస్తరించి యూరో ఆసియా శక్తిగా విశాల సామ్రాజ్యంగా ఉండేది.
/home/vijay/Desktop/All_Files/ALL_TTS/DIS_Vector_Embedding_Integration/Data/Telugu_Female/wav/te_f_books_socialscience_03224.wav	Telugu_Female	మేం మా విత్తనాలనే వాడతాం, మా పశువుల నుంచి వచ్చే ఎరువుని వాడతాం - వీటినుంచి మాకు మంచి పంట లభిస్తుంది.
/home/vijay/Desktop/All_Files/ALL_TTS/DIS_Vector_Embedding_Integration/Data/Telugu_Female/wav/te_f_books_socialscience_03813.wav	Telugu_Female	బలం, శక్తి ఉన్న వాళ్లకే ఈ ప్రపంచం చెందాలని మీరు అనుకుంటున్నారా?
/home/vijay/Desktop/All_Files/ALL_TTS/DIS_Vector_Embedding_Integration/Data/Telugu_Female/wav/te_f_other_01348.wav	Telugu_Female	దీంతో పాటు ఆటవీ వస్తువుల విక్రయ కేంద్రం,పార్టీ జోన్, బోటింగ్ సౌకర్యమే కాకుండా,కేఫ్టేరియా క్యాంటీన్లను అత్యాధునిక వసతులతో ఏర్పాటు చేశారు.
/home/vijay/Desktop/All_Files/ALL_TTS/DIS_Vector_Embedding_Integration/Data/Telugu_Female/wav/te_f_books_socialscience_05358.wav	Telugu_Female	జాతి అస్థిత్వాలు, జాతుల సమస్య వంటి వాటిల్లో సంకుచితదృష్టి, సత్వర పరిష్కారాలు కాకుండా విశాల దృక్పథంతో చూడాల్సిన అవసరం ఉంది.
/home/vijay/Desktop/All_Files/ALL_TTS/DIS_Vector_Embedding_Integration/Data/Telugu_Female/wav/te_f_books_socialscience_05937.wav	Telugu_Female	రెండు దేశాలలో పరిస్థితి ఒకే రకంగా ఉందా, తేడాలు ఉన్నాయా?
/home/vijay/Desktop/All_Files/ALL_TTS/DIS_Vector_Embedding_Integration/Data/Telugu_Female/wav/te_f_weather_01846.wav	Telugu_Female	సో,మచ్చలుండే గట్టి పుచ్చకాయను ఎంచుకొని,తొడిమ ప్రాంతం ఎండిందో లేదో చూసి కొనుక్కోండి.
/home/vijay/Desktop/All_Files/ALL_TTS/DIS_Vector_Embedding_Integration/Data/Telugu_Female/wav/te_f_books_socialscience_02887.wav	Telugu_Female	అదే విధంగా సగటున ప్రతి వ్యక్తి సంవత్సరంలో 180 గుడ్లు తీసుకోవలసి ఉండగా వీటి లభ్యత 30 మాత్రమే.
/home/vijay/Desktop/All_Files/ALL_TTS/DIS_Vector_Embedding_Integration/Data/Telugu_Female/wav/te_f_books_socialscience_02752.wav	Telugu_Female	వీటిల్లో పెట్టుబడులు పెట్టటానికి బహుళజాతి సంస్థలు ఆసక్తి చూపిస్తాయా? ఎందుకు?
/home/vijay/Desktop/All_Files/ALL_TTS/DIS_Vector_Embedding_Integration/Data/Telugu_Female/wav/te_f_finance_02464.wav	Telugu_Female	చైనా బ్యాంకులు కూడా,మంచి లాభాలతో ఉన్నాయని, భారతీయ బ్యాంకులు,అధ్వాన్నంగా ఉన్నాయని సంస్థ వెల్లడించింది.
/home/vijay/Desktop/All_Files/ALL_TTS/DIS_Vector_Embedding_Integration/Data/Telugu_Female/wav/te_f_other_02617.wav	Telugu_Female	టౌంటన్ వేదికగా ఈ మ్యాచ్ జరుగగా,రెండు ఇన్నింగ్స్ లలో అశ్విన్ ఎనిమిది వికెట్లు తీయడం గమనార్హం.
/home/vijay/Desktop/All_Files/ALL_TTS/DIS_Vector_Embedding_Integration/Data/Telugu_Female/wav/te_f_books_socialscience_01986.wav	Telugu_Female	పట్టణ ప్రాంతాల్లో ఉద్యోగాలు దొరకటానికి పరిచయాలు, సంబంధాలు ఎందుకు అవసరం?
/home/vijay/Desktop/All_Files/ALL_TTS/DIS_Vector_Embedding_Integration/Data/Telugu_Female/wav/te_f_politics_01327.wav	Telugu_Female	కాగా,యాక్సిడెంటల్ డ్రౌనింగ్ కారణంగా శ్రీదేవి బోనీ కపూర్ అయ్యప్పన్ మృతి చెందినట్టు,దుబాయ్ వైద్యుల ప్రాథమిక నివేదికలో పేర్కొన్నారు.
/home/vijay/Desktop/All_Files/ALL_TTS/DIS_Vector_Embedding_Integration/Data/Telugu_Female/wav/te_f_books_socialscience_03634.wav	Telugu_Female	ప్రజాస్వామ్యం పుంజుకోవటంతో పాటు కొన్ని నియంతృత్వ ధోరణులను, కొత్త సామ్రాజ్యాలు ఏర్పడటాన్ని 20వ శతాబ్దం చూసింది.
/home/vijay/Desktop/All_Files/ALL_TTS/DIS_Vector_Embedding_Integration/Data/Telugu_Female/wav/te_f_general_01564.wav	Telugu_Female	తాను రాసిన పుస్తకంలో బేసిక్ ఇష్యూ,దేవుళ్లకి సంబంధించింది కాదని, ఇది హిందూ మతం గురించి వివరించిన పుస్తకం కానే కాదని చెప్పారు.
/home/vijay/Desktop/All_Files/ALL_TTS/DIS_Vector_Embedding_Integration/Data/Telugu_Female/wav/te_f_books_socialscience_06649.wav	Telugu_Female	వండే ముందు పదార్థాలను కొంతసేపు నానబెడితే ఉడకడానికి పట్టే ఇంధనం దాదాపు 22% ఆదా అవుతుంది.వంట తొందరగా పూర్తవుతుంది.
/home/vijay/Desktop/All_Files/ALL_TTS/DIS_Vector_Embedding_Integration/Data/Telugu_Female/wav/te_f_finance_01484.wav	Telugu_Female	కొనుగోళ్లకు పురికొల్పే,అంశాలేవీ లేకపోవడం, మందగమన భయాల కారణంగా,శుక్రవారం,స్టాక్ మార్కెట్ నష్టాల్లో ముగిసింది.
/home/vijay/Desktop/All_Files/ALL_TTS/DIS_Vector_Embedding_Integration/Data/Telugu_Female/wav/te_f_finance_01374.wav	Telugu_Female	అందువల్ల,ఆచార్య ఎంఎల్ దంతవాలా లాంటి,ఆర్థిక శాస్త్రవేత్తలు,రైతులందరు లాభం పొందాలంటే,ఉత్పాదకత పెరగడమే,సరైన మార్గమని వాదించారు.
/home/vijay/Desktop/All_Files/ALL_TTS/DIS_Vector_Embedding_Integration/Data/Telugu_Female/wav/te_f_books_socialscience_07385.wav	Telugu_Female	కొన్ని గంటల తరువాత సీసాలో అమర్చిన ఆకును, మొక్కలో ఎదైనా మరొక ఆకును తీసుకొని కృత్యం-1లో చేసినట్లుగా అయోడిన్ ద్రావణంతో పరీక్షించండి.
/home/vijay/Desktop/All_Files/ALL_TTS/DIS_Vector_Embedding_Integration/Data/Telugu_Female/wav/te_f_books_socialscience_04969.wav	Telugu_Female	విన్నపాలు, దరఖాస్తులు, వీధులలో కవాతులు, నిరాహారదీక్షలు వంటి పద్ధతులను ఇందుకు ఉపయోగించారు.
/home/vijay/Desktop/All_Files/ALL_TTS/DIS_Vector_Embedding_Integration/Data/Telugu_Female/wav/te_f_books_socialscience_04334.wav	Telugu_Female	బ్రిటన్‌లో వివిధ రాజకీయ పార్టీలు ఉన్నాయి.
/home/vijay/Desktop/All_Files/ALL_TTS/DIS_Vector_Embedding_Integration/Data/Telugu_Female/wav/te_f_books_socialscience_01736.wav	Telugu_Female	ఇది మాస్టరు ప్రణాళీకకు అనుగుణంగా ఉండకపోవచ్చు.
/home/vijay/Desktop/All_Files/ALL_TTS/DIS_Vector_Embedding_Integration/Data/Telugu_Female/wav/te_f_finance_00838.wav	Telugu_Female	బ్లాంక్ చెక్ అంటే,ఆయన దాని మీద ఎంత డబ్బు అయినా రాసుకోవచ్చు,మార్చుకుని తీసుకోవచ్చు అని అర్థం.
/home/vijay/Desktop/All_Files/ALL_TTS/DIS_Vector_Embedding_Integration/Data/Telugu_Female/wav/te_f_education_01736.wav	Telugu_Female	బిజెపికి హ్యేట్రిక్ దక్కకుండా చేయాలన్న,పట్టుదలతో వున్న కాంగ్రెసు అధిష్టానం,అజిత్ జోగి భార్యకు, కుమారుడికి టిక్కెట్లు యిచ్చి,అతనితో రాజీ కుదుర్చుకుంది.
/home/vijay/Desktop/All_Files/ALL_TTS/DIS_Vector_Embedding_Integration/Data/Telugu_Female/wav/te_f_education_02856.wav	Telugu_Female	గుంటూరు జిల్లాలోని,వెల్దుర్తి మండలం,కేపీగూడెం వాసి శివనాయక్ కు,గురజాల కోర్టు,జీవితఖైదు విధించింది.
/home/vijay/Desktop/All_Files/ALL_TTS/DIS_Vector_Embedding_Integration/Data/Telugu_Female/wav/te_f_books_socialscience_05244.wav	Telugu_Female	వీటిల్లోని కొన్ని అంశాలను మరింత వివరంగా చూద్దాం.
/home/vijay/Desktop/All_Files/ALL_TTS/DIS_Vector_Embedding_Integration/Data/Telugu_Female/wav/te_f_books_socialscience_03257.wav	Telugu_Female	మేం ఇక్కడ ఎన్నో తరాల నుంచి జీవిస్తున్నాం.
/home/vijay/Desktop/All_Files/ALL_TTS/DIS_Vector_Embedding_Integration/Data/Telugu_Female/wav/te_f_books_socialscience_06776.wav	Telugu_Female	వ్యర్థపదార్థాలు భూమిలో చేరి పెద్దమొత్తంలో మిథైన్‌ను విడుదల చేస్తాయి.
/home/vijay/Desktop/All_Files/ALL_TTS/DIS_Vector_Embedding_Integration/Data/Telugu_Female/wav/te_f_books_socialscience_03765.wav	Telugu_Female	బజారులో వెళుతున్న వాళ్లెవరూ  డాబుసరిగా లేరు.
/home/vijay/Desktop/All_Files/ALL_TTS/DIS_Vector_Embedding_Integration/Data/Telugu_Female/wav/te_f_education_00858.wav	Telugu_Female	పటియాల పరవళ్లు డ్రెస్సులు,పాత మోడలే అయినా,వాటిలో ఇప్పుడు,మల్టీకలర్స్లో, ఫ్లవర్ వర్క్‌తో, మెడచుట్టూ పువ్వుల ప్యాచ్వర్క్‌తో చాలా రకాలు వస్తున్నాయి.
/home/vijay/Desktop/All_Files/ALL_TTS/DIS_Vector_Embedding_Integration/Data/Telugu_Female/wav/te_f_education_00588.wav	Telugu_Female	పరారైన ఖైదీల్లో,కెఎల్ఎఫ్ అధినేత హర్మీందర్ మింటూతో పాటు,గ్యాంగ్స్‌టర్ వికీ గౌందర్,గుర్ప్రీత్ సెఖోన్,,నితా డియోల్,విక్రమ్జీత్ లు ఉన్నారని వారు తెలిపారు.
/home/vijay/Desktop/All_Files/ALL_TTS/DIS_Vector_Embedding_Integration/Data/Telugu_Female/wav/te_f_other_02872.wav	Telugu_Female	ఆర్ఎక్స్,ఆర్డీఎక్స్ లవ్ చిత్రాలతో కుర్రకారు మదిలో బాంబులు పేల్చిన భామ,పాయల్ రాజ్‌‌పూత్ తన కెరీర్ స్టార్టింగ్ లో పెద్దగా కష్టాలేమి పడలేదని చెప్పుకొచ్చింది.
/home/vijay/Desktop/All_Files/ALL_TTS/DIS_Vector_Embedding_Integration/Data/Telugu_Female/wav/te_f_education_01547.wav	Telugu_Female	ఈ ఘటనపై స్పందించిన,రాయ్ పూర్ అదనపు ఎస్ పి ప్రపుల్ ఠాకూర్,వీడియో పుటేజీని పరిశీలించి,వేంటనే,ఆ ముగ్గురు పోలీసులను,సస్పెండ్ చేసినట్లుగా వెల్లడించారు.
/home/vijay/Desktop/All_Files/ALL_TTS/DIS_Vector_Embedding_Integration/Data/Telugu_Female/wav/te_f_books_socialscience_06671.wav	Telugu_Female	ముఖ్యంగా మధ్యాహ్న భోజనం తయారుచేసే బడులలో, ఇంధన వినియోగాన్ని తగ్గించు చర్యలను సూచించండి.
/home/vijay/Desktop/All_Files/ALL_TTS/DIS_Vector_Embedding_Integration/Data/Telugu_Female/wav/te_f_books_socialscience_04844.wav	Telugu_Female	చట్టాలను అప్పుడప్పుడు సవరించాల్సిన అవసరం ఏర్పడుతుందని రాజ్యాంగ నిర్మాతలు గుర్తించారు.
/home/vijay/Desktop/All_Files/ALL_TTS/DIS_Vector_Embedding_Integration/Data/Telugu_Female/wav/te_f_finance_02694.wav	Telugu_Female	కాగా,జియో రాకతో ఎయిర్టెల్, ఐడియా, వొడాఫోన్స్ తో సహా,అన్ని టెలికామ్ సంస్థల ఆదాయం,గణనీయంగా తగ్గిపోగా, కస్టమర్ల సంఖ్య కూడా,నానాటికీ క్షీణిస్తోంది.
/home/vijay/Desktop/All_Files/ALL_TTS/DIS_Vector_Embedding_Integration/Data/Telugu_Female/wav/te_f_other_02474.wav	Telugu_Female	ఇలా కుంభకోణాలు చేసి దేశాలు పట్టుకొని తిరుగుతుంటే ఊరుకుంటుందా?ఊరుకోదు,ఎన్నికోట్లు టోకరా వేశారో అన్నీంటిని ముక్కుపిండి వసూలు చేస్తుంది అని అన్నారు.
/home/vijay/Desktop/All_Files/ALL_TTS/DIS_Vector_Embedding_Integration/Data/Telugu_Female/wav/te_f_health_02818.wav	Telugu_Female	నొప్పిని నియంత్రించడం, నొప్పి తీవ్రతను తగ్గించడం, నొప్పిని నివారించడం, నొప్పితో సౌకర్యవంతంగా జీవించడం అనేవి ఆయుర్వేద చికిత్సలో ప్రధానాంశాలు.
/home/vijay/Desktop/All_Files/ALL_TTS/DIS_Vector_Embedding_Integration/Data/Telugu_Female/wav/te_f_books_socialscience_06612.wav	Telugu_Female	కాబట్టి మురుగునీరు పారేలా చూడటం అవసరం.
/home/vijay/Desktop/All_Files/ALL_TTS/DIS_Vector_Embedding_Integration/Data/Telugu_Female/wav/te_f_finance_01697.wav	Telugu_Female	ఇన్స్టంట్ క్రెడిట్, ఎప్పుడైనా దేనినైనా కొనుగోలు చేసే ఆప్షన్, ఇప్పుడు కొని,తర్వాత చెల్లించడం వంటి,ఎన్నో ఉపయోగాల కారణంగా,క్రెడిట్ కార్డులకు,భలే డిమాండ్ ఉందని చెప్పుకోవచ్చు.
/home/vijay/Desktop/All_Files/ALL_TTS/DIS_Vector_Embedding_Integration/Data/Telugu_Female/wav/te_f_books_socialscience_03667.wav	Telugu_Female	బోల్షివిక్కులకు వ్లాడిమిర్ లెనిన్  నాయకత్వం వహించాడు.
/home/vijay/Desktop/All_Files/ALL_TTS/DIS_Vector_Embedding_Integration/Data/Telugu_Female/wav/te_f_education_01738.wav	Telugu_Female	ఆ ప్రాంతానికి,సబ్డివిజనల్ మెజిస్ట్రేట్ రామ్జీ మిశ్రాను పంపామని, మృతుల కుటుంబాలకు,{50}{యాభై} వేలు,పరిహారం ఇస్తామని తెలిపారు.
/home/vijay/Desktop/All_Files/ALL_TTS/DIS_Vector_Embedding_Integration/Data/Telugu_Female/wav/te_f_books_socialscience_05316.wav	Telugu_Female	అసోంలో అస్సామీ భాషే కాకుండా బెంగాలీ భాష కూడా ఎక్కువగా మాట్లాడతారు.
/home/vijay/Desktop/All_Files/ALL_TTS/DIS_Vector_Embedding_Integration/Data/Telugu_Female/wav/te_f_politics_02388.wav	Telugu_Female	శుక్రవారం అరకులో ఏపీ టూరిజం యాత్రి నివాస్ హోటల్లో,రెండు కోట్లతో నిర్మించిన డైనింగ్ రెస్టారెంట్ ను,స్థానిక ఎంపీ గొడ్డేటి మాధవితో కలిసి ఆయన ప్రారంభించారు.
/home/vijay/Desktop/All_Files/ALL_TTS/DIS_Vector_Embedding_Integration/Data/Telugu_Female/wav/te_f_finance_02494.wav	Telugu_Female	నెలసరి ఖర్చుల కోసం,బ్యాంకు ఖాతా నుంచి గానీ,పిల్లల దగ్గర్నుంచి గానీ,ఒకేసారి డబ్బు తీసుకోవాలి.
/home/vijay/Desktop/All_Files/ALL_TTS/DIS_Vector_Embedding_Integration/Data/Telugu_Female/wav/te_f_books_socialscience_00733.wav	Telugu_Female	సేవా రంగం అభివృద్ధి చెందినా ఆ రంగంలో అన్ని కార్యకలాపాలు సమానంగా పెరగటం లేదు.
/home/vijay/Desktop/All_Files/ALL_TTS/DIS_Vector_Embedding_Integration/Data/Telugu_Female/wav/te_f_other_01568.wav	Telugu_Female	ఈ సినిమాలో హెబ్బా పటేల్ తో పాటు,మరో ఇద్దరు హీరోయిన్లు కూడా నటిస్తున్నారు.
/home/vijay/Desktop/All_Files/ALL_TTS/DIS_Vector_Embedding_Integration/Data/Telugu_Female/wav/te_f_books_socialscience_03828.wav	Telugu_Female	కరెన్సీ విలువ కోల్పోటంతో మధ్యతరగతి ప్రజల, ప్రత్యేకించి ఉద్యోగస్తులు, పింఛనుదార్ల పొదుపులు కరిగిపోసాగాయి.
/home/vijay/Desktop/All_Files/ALL_TTS/DIS_Vector_Embedding_Integration/Data/Telugu_Female/wav/te_f_weather_00682.wav	Telugu_Female	అనంతరం శిల్పారామంలో ఏసీ బస్ షెల్టర్ తో పాటు,లగ్జరీ వాష్రూంలూ,కేఫ్ లను ప్రారంభించారు.
/home/vijay/Desktop/All_Files/ALL_TTS/DIS_Vector_Embedding_Integration/Data/Telugu_Female/wav/te_f_politics_02435.wav	Telugu_Female	ప్రతీ పాఠశాలకు ఉత్తర ప్రత్యుత్తరాలు,పాఠశాల సమాచారం మండల వనరుల కేంద్రానికి పంపించుటకు మెసెంజర్,ఇంటర్నెట్ సౌకర్యం కల్గిన కంప్యూటర్,డిజిటల్ పాఠ్యాంశాల బోధనకు ఒక ప్రొజెక్టర్ అందించాలి.
/home/vijay/Desktop/All_Files/ALL_TTS/DIS_Vector_Embedding_Integration/Data/Telugu_Female/wav/te_f_politics_01875.wav	Telugu_Female	షటప్ప్ తపస్వినీ,నేను మూడేళ్లుగా ఆ స్థలం ఒక ఎమ్యూస్మెంట్ పార్క్ కోసం ప్లాన్ చేస్తున్నాను,ఇలా నాకు అడ్డు పడటం ఏం బాగోలేదని అన్నాడు రఘు.
/home/vijay/Desktop/All_Files/ALL_TTS/DIS_Vector_Embedding_Integration/Data/Telugu_Female/wav/te_f_books_socialscience_05883.wav	Telugu_Female	అయితే వీటిని మనం రాజకీయాల్లో జోక్యం చేసుకోనివ్వం.
/home/vijay/Desktop/All_Files/ALL_TTS/DIS_Vector_Embedding_Integration/Data/Telugu_Female/wav/te_f_politics_01881.wav	Telugu_Female	ఈలోగానే సాధారణ ఎన్నికలు వస్తాయి గనుక,అరకు నుంచి శ్రావణ్‌నే  పార్టీ అభ్యర్థిగా బరిలో నిలపాలని సిఎం చంద్రబాబు ప్లాన్.
/home/vijay/Desktop/All_Files/ALL_TTS/DIS_Vector_Embedding_Integration/Data/Telugu_Female/wav/te_f_books_socialscience_00474.wav	Telugu_Female	ఆరోగ్యం, విద్యపై ప్రభుత్వం ఖర్చుపెట్టే డబ్బుపైనే మెరుగైన సేవలు అందుబాటులో ఉండటం ఆధారపడిఉందా?
/home/vijay/Desktop/All_Files/ALL_TTS/DIS_Vector_Embedding_Integration/Data/Telugu_Female/wav/te_f_agri_00588.wav	Telugu_Female	అయితే ఇదే వేదికపై, ఎస్జివి రామాంజనేయులు, అనే ఆంధ్రాయిన, తెలంగాణ రైతు సమస్యలపై మాట్లాడిండు.
/home/vijay/Desktop/All_Files/ALL_TTS/DIS_Vector_Embedding_Integration/Data/Telugu_Female/wav/te_f_other_03259.wav	Telugu_Female	రామప్ప, లక్నవరం, పాకాల, బయ్యారం నాలుగు సరస్సులన్నీ కూడా,ఒకదానిపై ఒకటి ఆకాశాన్ని తాకినట్లుగా ఉండే కొండలుగా వరుసగా ఉంటాయి.
/home/vijay/Desktop/All_Files/ALL_TTS/DIS_Vector_Embedding_Integration/Data/Telugu_Female/wav/te_f_finance_00446.wav	Telugu_Female	స్టేట్ బ్యాంక్ ఆఫ్ ఇండియా,రివాంప్డ్ గోల్డ్ డిపాజిట్ స్కీమ్ ‌లో ,ఎవరైనా బంగారాన్ని డిపాజిట్ చేయొచ్చు.
/home/vijay/Desktop/All_Files/ALL_TTS/DIS_Vector_Embedding_Integration/Data/Telugu_Female/wav/te_f_finance_01988.wav	Telugu_Female	ఎమర్జెన్సీకి ముందు,చేతివృత్తుల వారి వార్షిక ఆదాయం, ప్రభుత్వ ఉద్యోగుల వార్షిక ఆదాయం,దాదాపు సమానంగా ఉండేది.
/home/vijay/Desktop/All_Files/ALL_TTS/DIS_Vector_Embedding_Integration/Data/Telugu_Female/wav/te_f_books_socialscience_03604.wav	Telugu_Female	పశ్చిమ యూరపు ఖండంలోని అధికభాగంపై హిట్లర్ తన ఆధిపత్యాన్ని నెలకొల్పగలిగాడు. 1942లో హిట్లరు రష్యాపై దండెత్తాలని నిర్ణయించుకున్నాడు.
/home/vijay/Desktop/All_Files/ALL_TTS/DIS_Vector_Embedding_Integration/Data/Telugu_Female/wav/te_f_health_00878.wav	Telugu_Female	నెలసరికీ,నెలసరికీ మధ్యలో అకారణంగా రక్తస్రావం అవుతున్నా,ఆ సమయంలో తీవ్రంగా వచ్చే నొప్పీ,జ్వరం వంటి లక్షణాలున్నా వైద్యులతో చెప్పాలి.
/home/vijay/Desktop/All_Files/ALL_TTS/DIS_Vector_Embedding_Integration/Data/Telugu_Female/wav/te_f_agri_02757.wav	Telugu_Female	అయితే, రైతు భరోసా ప్రారంభం నేపథ్యంలో, వ్యవసాయ కమిషన్‌పై, సమీక్ష నిర్వహించిన జగన్మోహన్ రెడ్డి, మరో కీలక నిర్ణయం తీసుకున్నారు.
/home/vijay/Desktop/All_Files/ALL_TTS/DIS_Vector_Embedding_Integration/Data/Telugu_Female/wav/te_f_books_socialscience_06698.wav	Telugu_Female	సౌరశక్తి సహజమైన ఉత్తమమైన తరిగిపోని శక్తివనరు.
/home/vijay/Desktop/All_Files/ALL_TTS/DIS_Vector_Embedding_Integration/Data/Telugu_Female/wav/te_f_books_socialscience_07386.wav	Telugu_Female	గాలి వెలుతురు సోకుతున్న ఆకును అయోడిన్ పరీక్ష నిర్వహించినప్పుడు నీలి-నలుపు రంగులోకి మారడాన్ని గమనించారు కదా!. సీసాలోపల ఉన్న పొటాషియం హైడ్రాక్సైడ్ సీసాలో ఉన్న గాలిలోని కార్బన్‌డైఆక్సైడ్‌ను పీల్చివేసింది.
/home/vijay/Desktop/All_Files/ALL_TTS/DIS_Vector_Embedding_Integration/Data/Telugu_Female/wav/te_f_books_socialscience_05427.wav	Telugu_Female	అతడు భారతదేశంలో ‘టెలికం విప్లవం అనబడుతున్న దానిని ఆరంభించాడు.
/home/vijay/Desktop/All_Files/ALL_TTS/DIS_Vector_Embedding_Integration/Data/Telugu_Female/wav/te_f_books_socialscience_02625.wav	Telugu_Female	ఉపగ్రహ ప్రసార సాధనాల వల్ల ఇదంతా సాధ్యమయ్యింది.
/home/vijay/Desktop/All_Files/ALL_TTS/DIS_Vector_Embedding_Integration/Data/Telugu_Female/wav/te_f_politics_03572.wav	Telugu_Female	అయితే మంత్రి తీరుపై స్థానికులు ఆగ్రహం వ్యక్తంచేస్తూ పలు వాహనాలకు నిప్పు పెట్టారు.
/home/vijay/Desktop/All_Files/ALL_TTS/DIS_Vector_Embedding_Integration/Data/Telugu_Female/wav/te_f_books_socialscience_01798.wav	Telugu_Female	ఈ ప్రాంతంలో ఉత్పత్తిని ప్రభావితం చేసిన ఆ ప్రదేశం అంశాలకు ఉదాహరణలు ఇవ్వండి.
/home/vijay/Desktop/All_Files/ALL_TTS/DIS_Vector_Embedding_Integration/Data/Telugu_Female/wav/te_f_books_socialscience_06415.wav	Telugu_Female	పెను విపత్తు, జాత్యాహంకార హింస, కుల వైషమ్యాలు, వరదలు, కరువులు, భూకంపాలు, పారిశ్రామిక విపత్తులకు గురైనవారు.
/home/vijay/Desktop/All_Files/ALL_TTS/DIS_Vector_Embedding_Integration/Data/Telugu_Female/wav/te_f_books_socialscience_04278.wav	Telugu_Female	తాగునీళ్లు కూడా తరచు కలుషితమవుతున్నాయి.
/home/vijay/Desktop/All_Files/ALL_TTS/DIS_Vector_Embedding_Integration/Data/Telugu_Female/wav/te_f_politics_03446.wav	Telugu_Female	ఆరు పదుల వయసు దాటినా రజినీ ఏ మాత్రం తగ్గకుండా యువ హీరోలకు పోటీ ఇస్తూ చకచకా ప్రాజెక్ట్ లు పూర్తి చేసేస్తున్నాడు.
/home/vijay/Desktop/All_Files/ALL_TTS/DIS_Vector_Embedding_Integration/Data/Telugu_Female/wav/te_f_finance_00463.wav	Telugu_Female	అయినా కొత్త రాష్ట్రానికి డబ్బు యిచ్చే పరిస్థితి లేకపోతే, అర్జంటుగా విభజన చేయడం దేనికి?అని నాయకులు ప్రశ్నిస్తున్నారు.
/home/vijay/Desktop/All_Files/ALL_TTS/DIS_Vector_Embedding_Integration/Data/Telugu_Female/wav/te_f_education_00645.wav	Telugu_Female	డిగ్రీ విద్యార్థులకు,నైపుణ్య కోర్సుల్లో శిక్షణతో పాటు,అప్రెంటిస్షిప్ విధానాన్ని కూడా,అమల్లోకి తేనుంది.
/home/vijay/Desktop/All_Files/ALL_TTS/DIS_Vector_Embedding_Integration/Data/Telugu_Female/wav/te_f_books_socialscience_07245.wav	Telugu_Female	వర్షపు నీటి సంరక్షణ పద్ధతుల గురించి పుస్తకాలు, పత్రికలు, మ్యాగజైన్స్, ఇంటర్‌నెట్ నుండి కావాల్సిన సమాచారాన్ని, చిత్రాలను సేకరించండి.
/home/vijay/Desktop/All_Files/ALL_TTS/DIS_Vector_Embedding_Integration/Data/Telugu_Female/wav/te_f_books_socialscience_05972.wav	Telugu_Female	వంద సంవత్సరాల క్రితం విముక్తి ప్రకటనపై సంతకం చేసిన మహనీయుడి నీడలో ఈ రోజు మనం నిలబడి ఉన్నాం.
/home/vijay/Desktop/All_Files/ALL_TTS/DIS_Vector_Embedding_Integration/Data/Telugu_Female/wav/te_f_agri_01968.wav	Telugu_Female	స్విడ్జర్లాండ్‌కు చెందిన, వలాయిస్ గొర్రె జాతి పిల్లలను, ఇప్పుడు ఇంగ్లండ్‌కు తీసుకొచ్చి, ఆ జాతి బ్రీడ్ను రక్షిస్తున్నారు.
/home/vijay/Desktop/All_Files/ALL_TTS/DIS_Vector_Embedding_Integration/Data/Telugu_Female/wav/te_f_books_socialscience_03289.wav	Telugu_Female	మేం మునిగిపోతాం కానీ ఇక్కడి నుంచి కదలం!
/home/vijay/Desktop/All_Files/ALL_TTS/DIS_Vector_Embedding_Integration/Data/Telugu_Female/wav/te_f_politics_02946.wav	Telugu_Female	వైస్ ఛాన్సెలర్ జగదీష్ కుమార్ పెంచిన హాస్టల్ ఫీజును తగ్గించేది లేదంటూ భీష్మించుకుని కూర్చోవడంతో,క్యాంపస్‌లో విద్యార్థులు ఆందోళనకు దిగారు.
/home/vijay/Desktop/All_Files/ALL_TTS/DIS_Vector_Embedding_Integration/Data/Telugu_Female/wav/te_f_books_socialscience_06846.wav	Telugu_Female	ఒకసారి వాడిన నీరంతా మురికి కాలువలలోకి చేరి పూర్తిగా పనికి రాకుండా పోతుంది.
